point_id,longitude,latitude,x_utm,y_utm,B02,B03,B04,B08,B11,B12,NDVI,NDMI,iron_oxide_proxy,swir_ratio,MnO,sample_class,authoritative_label,pu_training_target,source
ME/JBP/2024/BRS_1/49367,79.679,21.702,363353.36654560163,2400425.6974713746,1942.0,2241.0,2728.0,3769.0,5365.0,4236.0,0.1602277904748916,-0.1747317761182785,1.40473735332489,1.2665250301361084,44.9,authoritative_manganese_positive,1.0,1,Geological Survey of India (GSI) / NGDR/Bhu-Chayan; NUID 49367
ME/JBP/2024/BRS_2/49367,79.634,21.657,358653.96664369444,2395484.3597368104,1250.0,1430.0,1382.0,2874.0,2809.0,2019.0,0.3505639135837555,0.0114376209676265,1.1055999994277954,1.3912827968597412,61.84,authoritative_manganese_positive,1.0,1,Geological Survey of India (GSI) / NGDR/Bhu-Chayan; NUID 49367
ME/JBP/2024/BRS_3/49367,79.634,21.658,358654.94089416775,2395595.0641745776,1276.0,1443.0,1461.0,2850.0,2938.0,2157.0,0.3221990168094635,-0.0152038699015975,1.1449843645095823,1.362076997756958,0.18,authoritative_manganese_positive,1.0,1,Geological Survey of India (GSI) / NGDR/Bhu-Chayan; NUID 49367
ME/JBP/2024/BRS_4/49367,79.637,21.659,358966.37706189207,2395703.0392376557,1220.0,1400.0,1331.0,2850.0,2719.0,1909.0,0.3633102178573608,0.0235230736434459,1.0909836292266846,1.4243059158325195,3.34,authoritative_manganese_positive,1.0,1,Geological Survey of India (GSI) / NGDR/Bhu-Chayan; NUID 49367
ME/JBP/2024/BRS_5/49367,79.636,21.723,358925.2423655222,2402789.0550304153,1444.0,1739.0,1929.0,3650.0,3504.0,2485.0,0.3084782361984253,0.0204081628471612,1.3358725309371948,1.4100604057312012,0.81,authoritative_manganese_positive,1.0,1,Geological Survey of India (GSI) / NGDR/Bhu-Chayan; NUID 49367
ME/JBP/2024/BRS_6/49367,79.685,21.749,364018.30828257935,2405623.4860452753,1498.0,1781.0,2090.0,3292.0,3948.0,3002.0,0.2233370542526245,-0.0906077325344085,1.395193576812744,1.315123200416565,0.16,authoritative_manganese_positive,1.0,1,Geological Survey of India (GSI) / NGDR/Bhu-Chayan; NUID 49367
ME/JBP/2024/BRS_7/49367,79.636,21.681,358884.3036941962,2398139.447969865,1207.0,1302.0,1280.0,2995.0,2568.0,1789.0,0.4011695981025696,0.0767571479082107,1.0604804754257202,1.4354387521743774,11.92,authoritative_manganese_positive,1.0,1,Geological Survey of India (GSI) / NGDR/Bhu-Chayan; NUID 49367
ME/JBP/2024/BRS_8/49367,79.635,21.681,358780.83211465296,2398140.3585069603,1267.0,1392.0,1410.0,2870.0,2819.0,2016.0,0.34112149477005,0.0089646689593791,1.1128650903701782,1.3983135223388672,11.73,authoritative_manganese_positive,1.0,1,Geological Survey of India (GSI) / NGDR/Bhu-Chayan; NUID 49367
ME/JBP/2024/BRS_9/49367,79.645,21.697,359831.0303401353,2399902.554619189,1491.0,1737.0,2046.0,3260.0,4154.0,3108.0,0.2287975847721099,-0.1205826848745346,1.3722333908081057,1.3365508317947388,15.52,authoritative_manganese_positive,1.0,1,Geological Survey of India (GSI) / NGDR/Bhu-Chayan; NUID 49367
ME/JBP/2024/BRS_10/49367,79.646,21.697,359934.49016980664,2399901.6502255406,1555.0,1819.0,2215.0,3446.0,4206.0,3233.0,0.2174527496099472,-0.0993204414844513,1.4244372844696045,1.3009588718414309,20.75,authoritative_manganese_positive,1.0,1,Geological Survey of India (GSI) / NGDR/Bhu-Chayan; NUID 49367
ME/JBP/2024/BRS_11/49367,79.642,21.675,359499.31602065905,2397469.772213359,1363.0,1527.0,1677.0,2600.0,3720.0,2837.0,0.2158054709434509,-0.1772151887416839,1.2303742170333862,1.311244249343872,0.37,authoritative_manganese_positive,1.0,1,Geological Survey of India (GSI) / NGDR/Bhu-Chayan; NUID 49367
ME/JBP/2024/BRS_12/49367,79.644,21.674,359705.29944467894,2397357.2572433488,1261.0,1424.0,1487.0,2563.0,3142.0,2348.0,0.2656790018081665,-0.1014899238944053,1.179222822189331,1.3381601572036743,45.98,authoritative_manganese_positive,1.0,1,Geological Survey of India (GSI) / NGDR/Bhu-Chayan; NUID 49367
ME/JBP/2024/BRS_13/49367,79.644,21.674,359705.29944467894,2397357.2572433488,1261.0,1424.0,1487.0,2563.0,3142.0,2348.0,0.2656790018081665,-0.1014899238944053,1.179222822189331,1.3381601572036743,42.59,authoritative_manganese_positive,1.0,1,Geological Survey of India (GSI) / NGDR/Bhu-Chayan; NUID 49367
ME/JBP/2024/BRS_14/49367,79.636,21.67,358873.59415472357,2396921.6974073797,1298.0,1483.0,1540.0,2714.0,3322.0,2486.0,0.2759755551815033,-0.1007289588451385,1.1864407062530518,1.3362832069396973,0.08,authoritative_manganese_positive,1.0,1,Geological Survey of India (GSI) / NGDR/Bhu-Chayan; NUID 49367
ME/JBP/2024/BRS_15/49367,79.64,21.672,359289.45267922967,2397139.4722280004,1206.0,1435.0,1396.0,2972.0,3045.0,2225.0,0.360805869102478,-0.0121322916820645,1.157545566558838,1.368539333343506,25.35,authoritative_manganese_positive,1.0,1,Geological Survey of India (GSI) / NGDR/Bhu-Chayan; NUID 49367
ME/JBP/2024/BRS_16/49367,79.633,21.698,358590.48662293196,2400024.1644390137,1210.0,1402.0,1320.0,3012.0,2628.0,1871.0,0.390581727027893,0.068085104227066,1.090909123420715,1.4045964479446411,30.86,authoritative_manganese_positive,1.0,1,Geological Survey of India (GSI) / NGDR/Bhu-Chayan; NUID 49367
ME/JBP/2024/BRS_17/49367,79.631,21.699,358384.5457018324,2400136.696390506,1195.0,1358.0,1354.0,3207.0,2737.0,1897.0,0.4062705636024475,0.0790713354945182,1.1330543756484983,1.4428044557571411,29.92,authoritative_manganese_positive,1.0,1,Geological Survey of India (GSI) / NGDR/Bhu-Chayan; NUID 49367
ME/JBP/2024/BRS_18/49367,79.642,21.674,359498.3467549068,2397359.067830982,1245.0,1416.0,1354.0,3110.0,2896.0,2054.0,0.3933691680431366,0.0356310345232486,1.087550163269043,1.4099318981170654,0.49,authoritative_manganese_positive,1.0,1,Geological Survey of India (GSI) / NGDR/Bhu-Chayan; NUID 49367
ME/JBP/2024/BRS_19/49367,79.633,21.665,358558.2787786142,2396370.906923648,1243.0,1349.0,1366.0,2564.0,2940.0,2198.0,0.3048346042633056,-0.0683139562606811,1.098954200744629,1.337579607963562,0.22,authoritative_manganese_positive,1.0,1,Geological Survey of India (GSI) / NGDR/Bhu-Chayan; NUID 49367
ME/JBP/2024/BRS_20/49367,79.634,21.665,358661.7618495502,2396369.995590772,1210.0,1423.0,1404.0,3126.0,3033.0,2154.0,0.3801324367523193,0.0150998542085289,1.1603305339813232,1.4080779552459717,16.36,authoritative_manganese_positive,1.0,1,Geological Survey of India (GSI) / NGDR/Bhu-Chayan; NUID 49367
ME/JBP/2024/BRS_21/49367,79.634,21.665,358661.7618495502,2396369.995590772,1210.0,1423.0,1404.0,3126.0,3033.0,2154.0,0.3801324367523193,0.0150998542085289,1.1603305339813232,1.4080779552459717,27.28,authoritative_manganese_positive,1.0,1,Geological Survey of India (GSI) / NGDR/Bhu-Chayan; NUID 49367
ME/JBP/2024/BRS_22/49367,79.637,21.662,358969.2937747917,2396035.152360668,1184.0,1367.0,1350.0,2811.0,2860.0,2059.0,0.3511175215244293,-0.0086404513567686,1.1402027606964111,1.389023780822754,8.88,authoritative_manganese_positive,1.0,1,Geological Survey of India (GSI) / NGDR/Bhu-Chayan; NUID 49367
ME/JBP/2024/BRS_23/49367,79.638,21.666,359076.6655559151,2396477.0613372326,1205.0,1393.0,1355.0,2786.0,2897.0,2096.0,0.3455687165260315,-0.01953193731606,1.1244813203811646,1.382156491279602,0.52,authoritative_manganese_positive,1.0,1,Geological Survey of India (GSI) / NGDR/Bhu-Chayan; NUID 49367
ME/JBP/2024/BRS_24/49367,79.635,21.665,358765.2448889483,2396369.0849253405,1350.0,1538.0,1661.0,2857.0,3518.0,2635.0,0.2647188901901245,-0.1036862730979919,1.2303704023361206,1.3351043462753296,26.45,authoritative_manganese_positive,1.0,1,Geological Survey of India (GSI) / NGDR/Bhu-Chayan; NUID 49367
ME/JBP/2024/BRS_25/49367,79.653,21.673,360635.6236360319,2397238.4386453563,1350.0,1526.0,1662.0,2950.0,3407.0,2476.0,0.2792714536190033,-0.0718892589211463,1.2311111688613892,1.3760097026824951,9.45,authoritative_manganese_positive,1.0,1,Geological Survey of India (GSI) / NGDR/Bhu-Chayan; NUID 49367
ME/JBP/2024/BRS_26/49367,79.65,21.673,360325.1932547176,2397241.137401807,1178.0,1387.0,1295.0,3106.0,2579.0,1846.0,0.4114973843097687,0.0927000865340232,1.099320888519287,1.3970746994018557,26.0,authoritative_manganese_positive,1.0,1,Geological Survey of India (GSI) / NGDR/Bhu-Chayan; NUID 49367
ME/JBP/2024/BRS_27/49367,79.632,21.665,358454.795676116,2396371.8189239693,1235.0,1385.0,1448.0,2828.0,3030.0,2195.0,0.3227315247058868,-0.0344827584922313,1.1724696159362793,1.380410075187683,15.68,authoritative_manganese_positive,1.0,1,Geological Survey of India (GSI) / NGDR/Bhu-Chayan; NUID 49367
ME/JBP/2024/BRS_28/49367,79.644,21.671,359702.3961889524,2397025.144372757,1241.0,1462.0,1464.0,2949.0,3086.0,2234.0,0.3365057706832886,-0.0227009113878011,1.1796938180923462,1.3813786506652832,0.87,authoritative_manganese_positive,1.0,1,Geological Survey of India (GSI) / NGDR/Bhu-Chayan; NUID 49367
ME/JBP/2024/BRS_29/49367,79.65,21.672,360324.22978825425,2397130.433312074,1236.0,1420.0,1384.0,3158.0,2809.0,1976.0,0.3905768394470215,0.0584883540868759,1.1197410821914673,1.4215587377548218,4.32,authoritative_manganese_positive,1.0,1,Geological Survey of India (GSI) / NGDR/Bhu-Chayan; NUID 49367
ME/JBP/2024/BRS_30/49367,79.666,21.679,361986.531842961,2397891.035087953,1274.0,1447.0,1532.0,2469.0,3271.0,2527.0,0.2341914474964141,-0.1397212594747543,1.2025117874145508,1.2944202423095703,53.29,authoritative_manganese_positive,1.0,1,Geological Survey of India (GSI) / NGDR/Bhu-Chayan; NUID 49367
ME/JBP/2024/BRS_31/49367,79.638,21.682,359092.219181495,2398248.3335039336,1169.0,1322.0,1280.0,3001.0,2505.0,1756.0,0.4020088911056518,0.090083546936512,1.094952940940857,1.4265376329421997,8.88,authoritative_manganese_positive,1.0,1,Geological Survey of India (GSI) / NGDR/Bhu-Chayan; NUID 49367
ME/JBP/2024/BRS_32/49367,79.638,21.683,359093.19164689805,2398359.0381212616,1226.0,1395.0,1369.0,2833.0,2745.0,1978.0,0.348405510187149,0.0157762635499238,1.116639494895935,1.387765407562256,17.36,authoritative_manganese_positive,1.0,1,Geological Survey of India (GSI) / NGDR/Bhu-Chayan; NUID 49367
ME/JBP/2024/BRS_33/49367,79.633,21.698,358590.48662293196,2400024.1644390137,1210.0,1402.0,1320.0,3012.0,2628.0,1871.0,0.390581727027893,0.068085104227066,1.090909123420715,1.4045964479446411,17.37,authoritative_manganese_positive,1.0,1,Geological Survey of India (GSI) / NGDR/Bhu-Chayan; NUID 49367
ME/JBP/2024/BRS_34/49367,79.66,21.693,361379.09543112747,2399446.2427122593,1343.0,1540.0,1678.0,3249.0,3582.0,2654.0,0.3188552856445312,-0.0487483516335487,1.2494415044784546,1.349660873413086,35.31,authoritative_manganese_positive,1.0,1,Geological Survey of India (GSI) / NGDR/Bhu-Chayan; NUID 49367
ME/JBP/2024/BRS_35/49367,79.663,21.698,361694.25774783595,2399997.0817439957,1331.0,1555.0,1728.0,2785.0,3847.0,2863.0,0.2342122793197631,-0.1601326912641525,1.2982720136642456,1.3436954021453855,14.81,authoritative_manganese_positive,1.0,1,Geological Survey of India (GSI) / NGDR/Bhu-Chayan; NUID 49367
ME/JBP/2024/BRS_36/49367,79.665,21.699,361902.12867314793,2400106.0015349113,1280.0,1448.0,1511.0,2856.0,3265.0,2457.0,0.3079917430877685,-0.0668191462755203,1.1804687976837158,1.328856348991394,32.57,authoritative_manganese_positive,1.0,1,Geological Survey of India (GSI) / NGDR/Bhu-Chayan; NUID 49367
ME/JBP/2024/BRS_37/49367,79.677,21.683,363128.5007773248,2398324.097580568,1227.0,1398.0,1424.0,2765.0,2925.0,2149.0,0.3201241493225097,-0.028119508177042,1.1605541706085205,1.3610981702804563,15.52,authoritative_manganese_positive,1.0,1,Geological Survey of India (GSI) / NGDR/Bhu-Chayan; NUID 49367
ME/JBP/2024/BRS_38/49367,79.677,21.683,363128.5007773248,2398324.097580568,1227.0,1398.0,1424.0,2765.0,2925.0,2149.0,0.3201241493225097,-0.028119508177042,1.1605541706085205,1.3610981702804563,11.87,authoritative_manganese_positive,1.0,1,Geological Survey of India (GSI) / NGDR/Bhu-Chayan; NUID 49367
ME/JBP/2024/BRS_39/49367,79.678,21.684,363232.91355115245,2398433.918331177,1239.0,1425.0,1480.0,2711.0,3173.0,2344.0,0.2937246561050415,-0.0785180181264877,1.194511651992798,1.3536689281463623,50.81,authoritative_manganese_positive,1.0,1,Geological Survey of India (GSI) / NGDR/Bhu-Chayan; NUID 49367
ME/JBP/2024/BRS_40/49367,79.678,21.684,363232.91355115245,2398433.918331177,1239.0,1425.0,1480.0,2711.0,3173.0,2344.0,0.2937246561050415,-0.0785180181264877,1.194511651992798,1.3536689281463623,12.13,authoritative_manganese_positive,1.0,1,Geological Survey of India (GSI) / NGDR/Bhu-Chayan; NUID 49367
ME/JBP/2024/BRS_41/49367,79.674,21.682,362817.1473066112,2398216.045827337,1327.0,1539.0,1654.0,2815.0,3613.0,2784.0,0.2597896754741668,-0.1241443678736686,1.2464205026626587,1.297773003578186,5.69,authoritative_manganese_positive,1.0,1,Geological Survey of India (GSI) / NGDR/Bhu-Chayan; NUID 49367
ME/JBP/2024/BRS_42/49367,79.681,21.669,363529.19539781555,2396770.727797705,1290.0,1451.0,1571.0,2443.0,3263.0,2458.0,0.2172396630048751,-0.1437083780765533,1.2178294658660889,1.3275020122528076,23.13,authoritative_manganese_positive,1.0,1,Geological Survey of India (GSI) / NGDR/Bhu-Chayan; NUID 49367
ME/JBP/2024/BRS_43/49367,79.684,21.687,363856.5408776266,2398760.746239264,1194.0,1374.0,1344.0,2613.0,2783.0,2052.0,0.3206974864006042,-0.0315048173069953,1.125628113746643,1.356237769126892,22.87,authoritative_manganese_positive,1.0,1,Geological Survey of India (GSI) / NGDR/Bhu-Chayan; NUID 49367
ME/JBP/2024/BRS_44/49367,79.686,21.688,364064.4107757363,2398869.693983758,1420.0,1584.0,1729.0,2335.0,2788.0,2315.0,0.1491141766309738,-0.0884247496724128,1.2176055908203125,1.2043195962905884,13.89,authoritative_manganese_positive,1.0,1,Geological Survey of India (GSI) / NGDR/Bhu-Chayan; NUID 49367
ME/JBP/2024/BRS_45/49367,79.685,21.689,363961.8848736204,2398981.274497706,1293.0,1518.0,1613.0,2855.0,3284.0,2484.0,0.2779767215251922,-0.0698810890316963,1.2474864721298218,1.3220611810684204,11.63,authoritative_manganese_positive,1.0,1,Geological Survey of India (GSI) / NGDR/Bhu-Chayan; NUID 49367
ME/JBP/2024/BRS_46/49367,79.688,21.689,364272.277735172,2398978.644282974,1241.0,1378.0,1404.0,2755.0,2748.0,2048.0,0.32483771443367,0.0012720334343612,1.1313456296920776,1.341796875,28.47,authoritative_manganese_positive,1.0,1,Geological Survey of India (GSI) / NGDR/Bhu-Chayan; NUID 49367
ME/JBP/2024/BRS_47/49367,79.646,21.687,359924.8186388328,2398794.6055379347,1295.0,1481.0,1575.0,2872.0,3103.0,2254.0,0.2916572988033294,-0.0386610887944698,1.216216206550598,1.3766636848449707,14.24,authoritative_manganese_positive,1.0,1,Geological Survey of India (GSI) / NGDR/Bhu-Chayan; NUID 49367
ME/JBP/2024/BRS_48/49367,79.646,21.687,359924.8186388328,2398794.6055379347,1295.0,1481.0,1575.0,2872.0,3103.0,2254.0,0.2916572988033294,-0.0386610887944698,1.216216206550598,1.3766636848449707,15.69,authoritative_manganese_positive,1.0,1,Geological Survey of India (GSI) / NGDR/Bhu-Chayan; NUID 49367
ME/JBP/2024/BRS_49/49367,79.634,21.696,358691.9942219076,2399801.842124092,1226.0,1421.0,1375.0,3161.0,2726.0,1925.0,0.3937389850616455,0.0738916248083114,1.1215333938598633,1.4161038398742676,21.53,authoritative_manganese_positive,1.0,1,Geological Survey of India (GSI) / NGDR/Bhu-Chayan; NUID 49367
ME/JBP/2024/BRS_50/49367,79.692,21.691,364688.002838059,2399196.552546749,1248.0,1397.0,1462.0,2729.0,3068.0,2243.0,0.3023144900798797,-0.0584785230457782,1.1714743375778198,1.3678109645843506,19.61,authoritative_manganese_positive,1.0,1,Geological Survey of India (GSI) / NGDR/Bhu-Chayan; NUID 49367
ME/JBP/2024/BRS_51/49367,79.649,21.71,360257.4209286543,2401338.0997297233,1524.0,1878.0,2138.0,3618.0,4025.0,2995.0,0.2571229934692383,-0.0532513409852981,1.4028871059417725,1.3439065217971802,30.4,authoritative_manganese_positive,1.0,1,Geological Survey of India (GSI) / NGDR/Bhu-Chayan; NUID 49367
ME/JBP/2024/BRS_52/49367,79.727,21.704,368321.00188407954,2400605.5270562773,1281.0,1486.0,1528.0,2741.0,3348.0,2462.0,0.284141480922699,-0.0996879637241363,1.1928181648254397,1.3598700761795044,16.75,authoritative_manganese_positive,1.0,1,Geological Survey of India (GSI) / NGDR/Bhu-Chayan; NUID 49367
ME/JBP/2024/BRS_53/49367,79.73,21.702,368629.54372184724,2400381.5758146327,1305.0,1530.0,1561.0,3175.0,3324.0,2328.0,0.3407939076423645,-0.0229266043752431,1.1961685419082642,1.4278351068496704,12.48,authoritative_manganese_positive,1.0,1,Geological Survey of India (GSI) / NGDR/Bhu-Chayan; NUID 49367
ME/JBP/2024/BRS_54/49367,79.74,21.717,369677.58906306064,2402033.653216883,1245.0,1469.0,1451.0,3095.0,3181.0,2285.0,0.361636608839035,-0.0137029951438307,1.1654618978500366,1.392122507095337,19.63,authoritative_manganese_positive,1.0,1,Geological Survey of India (GSI) / NGDR/Bhu-Chayan; NUID 49367
ME/JBP/2024/BRS_55/49367,79.739,21.716,369573.244724254,2401923.79364545,1203.0,1403.0,1368.0,3107.0,2923.0,2052.0,0.3886033594608307,0.030514096841216,1.1371570825576782,1.424463987350464,17.25,authoritative_manganese_positive,1.0,1,Geological Survey of India (GSI) / NGDR/Bhu-Chayan; NUID 49367
ME/JBP/2024/BRS_56/49367,79.739,21.716,369573.244724254,2401923.79364545,1203.0,1403.0,1368.0,3107.0,2923.0,2052.0,0.3886033594608307,0.030514096841216,1.1371570825576782,1.424463987350464,14.7,authoritative_manganese_positive,1.0,1,Geological Survey of India (GSI) / NGDR/Bhu-Chayan; NUID 49367
ME/JBP/2024/BRS_57/49367,79.737,21.714,369364.55178540194,2401704.076359811,1284.0,1515.0,1628.0,2996.0,3312.0,2432.0,0.2958477437496185,-0.0500951185822486,1.267912745475769,1.361842155456543,6.22,authoritative_manganese_positive,1.0,1,Geological Survey of India (GSI) / NGDR/Bhu-Chayan; NUID 49367
ME/JBP/2024/BRS_58/49367,79.736,21.712,369259.29955031816,2401483.5168237393,1187.0,1377.0,1336.0,2525.0,2615.0,1964.0,0.3079513013362884,-0.017509726807475,1.1255265474319458,1.3314664363861084,32.62,authoritative_manganese_positive,1.0,1,Geological Survey of India (GSI) / NGDR/Bhu-Chayan; NUID 49367
ME/JBP/2024/BRS_59/49367,79.732,21.72,368852.7669248482,2402372.5156678203,1668.0,2020.0,2430.0,3595.0,4733.0,3745.0,0.1933609992265701,-0.1366474479436874,1.4568345546722412,1.263818383216858,0.15,authoritative_manganese_positive,1.0,1,Geological Survey of India (GSI) / NGDR/Bhu-Chayan; NUID 49367
ME/JBP/2024/BRS_60/49367,79.689,21.686,364372.93327152263,2398645.6598869497,1215.0,1389.0,1413.0,2742.0,2734.0,2014.0,0.3198556005954742,0.0014609204372391,1.1629629135131836,1.3574975728988647,34.74,authoritative_manganese_positive,1.0,1,Geological Survey of India (GSI) / NGDR/Bhu-Chayan; NUID 49367
ME/JBP/2024/BRS_61/49367,79.691,21.691,364584.5401315555,2399197.426009709,1203.0,1387.0,1419.0,2829.0,2953.0,2148.0,0.3319208920001983,-0.0214458666741848,1.179551124572754,1.374767184257507,20.04,authoritative_manganese_positive,1.0,1,Geological Survey of India (GSI) / NGDR/Bhu-Chayan; NUID 49367
ME/JBP/2024/BRS_62/49367,79.702,21.709,365739.3223367576,2401180.5039337813,1278.0,1503.0,1539.0,3155.0,3075.0,2275.0,0.3442692756652832,0.0128410914912819,1.2042253017425537,1.3516483306884766,27.27,authoritative_manganese_positive,1.0,1,Geological Survey of India (GSI) / NGDR/Bhu-Chayan; NUID 49367
ME/JBP/2024/BRS_63/49367,79.692,21.703,364699.21655665437,2400524.9887994975,1239.0,1384.0,1373.0,3136.0,2603.0,1923.0,0.3909958004951477,0.0928733199834823,1.1081517934799194,1.353614091873169,17.46,authoritative_manganese_positive,1.0,1,Geological Survey of India (GSI) / NGDR/Bhu-Chayan; NUID 49367
ME/JBP/2024/BRS_64/49367,79.69,21.704,364493.2444464327,2400637.4403364277,1452.0,1640.0,1834.0,3313.0,3793.0,2895.0,0.2873518466949463,-0.0675485506653785,1.2630853652954102,1.310189962387085,25.29,authoritative_manganese_positive,1.0,1,Geological Survey of India (GSI) / NGDR/Bhu-Chayan; NUID 49367
ME/JBP/2024/BRS_65/49367,79.689,21.703,364388.8540850298,2400527.6123556015,1250.0,1413.0,1478.0,2934.0,3152.0,2336.0,0.3300090730190277,-0.0358199141919612,1.1823999881744385,1.3493150472640991,0.43,authoritative_manganese_positive,1.0,1,Geological Survey of India (GSI) / NGDR/Bhu-Chayan; NUID 49367
ME/JBP/2024/BRS_66/49367,79.703,21.708,365841.8447612685,2401068.93442965,1292.0,1481.0,1590.0,2962.0,3094.0,2294.0,0.3014059662818908,-0.021796565502882,1.2306501865386963,1.348735809326172,17.83,authoritative_manganese_positive,1.0,1,Geological Survey of India (GSI) / NGDR/Bhu-Chayan; NUID 49367
ME/JBP/2024/BRS_67/49367,79.662,21.707,361599.40457377885,2400994.3114386853,1491.0,1759.0,2005.0,3529.0,4431.0,3482.0,0.2753885090351105,-0.1133165806531906,1.344735026359558,1.272544503211975,47.3,authoritative_manganese_positive,1.0,1,Geological Survey of India (GSI) / NGDR/Bhu-Chayan; NUID 49367
ME/JBP/2024/BRS_68/49367,79.658,21.69,361169.2952298941,2399115.9210032783,1521.0,1758.0,2106.0,3311.0,4006.0,3031.0,0.2224478423595428,-0.0949842855334281,1.384615421295166,1.3216760158538818,11.8,authoritative_manganese_positive,1.0,1,Geological Survey of India (GSI) / NGDR/Bhu-Chayan; NUID 49367
ME/JBP/2024/BRS_69/49367,79.682,21.73,363690.1196339865,2403522.754348337,1762.0,2067.0,2594.0,3815.0,5124.0,4029.0,0.1905133426189422,-0.1464369595050811,1.4721907377243042,1.2717796564102173,1.41,authoritative_manganese_positive,1.0,1,Geological Survey of India (GSI) / NGDR/Bhu-Chayan; NUID 49367
ME/JBP/2024/BRS_70/49367,79.683,21.731,363794.49701005046,2403632.577341996,1506.0,1704.0,2013.0,3406.0,4168.0,3162.0,0.2570585012435913,-0.1006073430180549,1.3366533517837524,1.3181530237197876,20.22,authoritative_manganese_positive,1.0,1,Geological Survey of India (GSI) / NGDR/Bhu-Chayan; NUID 49367
ME/JBP/2024/BRS_71/49367,79.648,21.695,360139.4779488718,2399678.4345381735,1182.0,1357.0,1356.0,2920.0,2963.0,2110.0,0.3657623827457428,-0.0073091960512101,1.1472080945968628,1.4042654037475586,11.52,authoritative_manganese_positive,1.0,1,Geological Survey of India (GSI) / NGDR/Bhu-Chayan; NUID 49367
ME/JBP/2024/BRS_72/49367,79.649,21.695,360242.9391149005,2399677.532215879,1215.0,1379.0,1369.0,2828.0,2773.0,2003.0,0.3476292490959167,0.0098196752369403,1.1267489194869995,1.3844233751296997,9.66,authoritative_manganese_positive,1.0,1,Geological Survey of India (GSI) / NGDR/Bhu-Chayan; NUID 49367
ME/JBP/2024/BRS_73/49367,79.647,21.696,360036.9833387035,2399790.0420080773,1251.0,1399.0,1440.0,2730.0,3037.0,2188.0,0.3093525171279907,-0.0532339178025722,1.151079177856445,1.3880256414413452,10.25,authoritative_manganese_positive,1.0,1,Geological Survey of India (GSI) / NGDR/Bhu-Chayan; NUID 49367
ME/JBP/2024/BRS_74/49367,79.65,21.674,360326.1567636053,2397351.8415041296,1406.0,1567.0,1823.0,3001.0,3577.0,2747.0,0.2441956847906112,-0.0875646099448204,1.296586036682129,1.3021477460861206,13.71,authoritative_manganese_positive,1.0,1,Geological Survey of India (GSI) / NGDR/Bhu-Chayan; NUID 49367
ME/JBP/2024/BRS_75/49367,79.7,21.712,365535.2111615103,2401514.3481247355,1458.0,1701.0,1859.0,3408.0,3671.0,2693.0,0.2940953075885772,-0.0371521413326263,1.2750343084335327,1.363163709640503,0.51,authoritative_manganese_positive,1.0,1,Geological Survey of India (GSI) / NGDR/Bhu-Chayan; NUID 49367
ME/JBP/2024/BRS_76/49367,79.641,21.674,359394.87036301824,2397359.9741262845,1303.0,1489.0,1552.0,2867.0,3305.0,2379.0,0.2975786328315735,-0.0709656476974487,1.1910974979400637,1.3892391920089722,4.27,authoritative_manganese_positive,1.0,1,Geological Survey of India (GSI) / NGDR/Bhu-Chayan; NUID 49367
ME/JBP/2024/BRS_77/49367,79.701,21.717,365643.3023615292,2402066.994766362,1495.0,1665.0,1918.0,3155.0,4018.0,2980.0,0.2438399344682693,-0.1203122809529304,1.2829431295394895,1.3483221530914309,33.09,authoritative_manganese_positive,1.0,1,Geological Survey of India (GSI) / NGDR/Bhu-Chayan; NUID 49367
ME/JBP/2024/BRS_78/49367,79.703,21.71,365843.69896348205,2401290.3400685857,1292.0,1468.0,1534.0,2894.0,3075.0,2204.0,0.3071364164352417,-0.0303233377635478,1.187306523323059,1.3951905965805054,18.18,authoritative_manganese_positive,1.0,1,Geological Survey of India (GSI) / NGDR/Bhu-Chayan; NUID 49367
ME/JBP/2024/BRS_79/49367,79.7,21.716,365538.928966639,2401957.1600401294,1243.0,1469.0,1462.0,2942.0,2835.0,2039.0,0.3360581398010254,0.018521724268794,1.1761866807937622,1.3903874158859253,13.82,authoritative_manganese_positive,1.0,1,Geological Survey of India (GSI) / NGDR/Bhu-Chayan; NUID 49367
ME/JBP/2024/BRS_80/49367,79.655,21.706,360874.2773229463,2400889.879351575,1860.0,2155.0,2628.0,3824.0,4849.0,4080.0,0.1853688806295395,-0.1181828677654266,1.4129031896591189,1.1884803771972656,8.51,authoritative_manganese_positive,1.0,1,Geological Survey of India (GSI) / NGDR/Bhu-Chayan; NUID 49367
ME/JBP/2024/BRS_81/49367,79.65,21.687,360338.6862396336,2398790.9959801193,1190.0,1347.0,1333.0,2803.0,2694.0,1916.0,0.3554158508777618,0.0198289975523948,1.1201680898666382,1.4060542583465576,0.65,authoritative_manganese_positive,1.0,1,Geological Survey of India (GSI) / NGDR/Bhu-Chayan; NUID 49367
ME/JBP/2024/BRS_82/49367,79.651,21.689,360444.0798804894,2399011.5037638033,1272.0,1413.0,1460.0,2655.0,2990.0,2223.0,0.2904009819030761,-0.0593445524573326,1.147798776626587,1.3450292348861694,21.78,authoritative_manganese_positive,1.0,1,Geological Survey of India (GSI) / NGDR/Bhu-Chayan; NUID 49367
ME/JBP/2024/BRS_83/49367,79.651,21.689,360444.0798804894,2399011.5037638033,1272.0,1413.0,1460.0,2655.0,2990.0,2223.0,0.2904009819030761,-0.0593445524573326,1.147798776626587,1.3450292348861694,12.48,authoritative_manganese_positive,1.0,1,Geological Survey of India (GSI) / NGDR/Bhu-Chayan; NUID 49367
ME/JBP/2024/BRS_84/49367,79.651,21.689,360444.0798804894,2399011.5037638033,1272.0,1413.0,1460.0,2655.0,2990.0,2223.0,0.2904009819030761,-0.0593445524573326,1.147798776626587,1.3450292348861694,14.58,authoritative_manganese_positive,1.0,1,Geological Survey of India (GSI) / NGDR/Bhu-Chayan; NUID 49367
ME/JBP/2024/BRS_85/49367,79.651,21.689,360444.0798804894,2399011.5037638033,1272.0,1413.0,1460.0,2655.0,2990.0,2223.0,0.2904009819030761,-0.0593445524573326,1.147798776626587,1.3450292348861694,14.68,authoritative_manganese_positive,1.0,1,Geological Survey of India (GSI) / NGDR/Bhu-Chayan; NUID 49367
ME/JBP/2024/BRS_86/49367,79.651,21.689,360444.0798804894,2399011.5037638033,1272.0,1413.0,1460.0,2655.0,2990.0,2223.0,0.2904009819030761,-0.0593445524573326,1.147798776626587,1.3450292348861694,21.53,authoritative_manganese_positive,1.0,1,Geological Survey of India (GSI) / NGDR/Bhu-Chayan; NUID 49367
ME/JBP/2024/BRS_87/49367,79.652,21.689,360547.54524221283,2399010.6036456777,1247.0,1387.0,1389.0,2858.0,2814.0,2062.0,0.3458912074565887,0.0077574048191308,1.1138732433319092,1.3646944761276243,22.8,authoritative_manganese_positive,1.0,1,Geological Survey of India (GSI) / NGDR/Bhu-Chayan; NUID 49367
ME/JBP/2024/BRS_88/49367,79.654,21.689,360754.4758723993,2399008.805413475,1226.0,1421.0,1412.0,2900.0,2822.0,2059.0,0.345083475112915,0.013631597161293,1.1517128944396973,1.3705682754516602,25.68,authoritative_manganese_positive,1.0,1,Geological Survey of India (GSI) / NGDR/Bhu-Chayan; NUID 49367
ME/JBP/2024/BRS_89/49367,79.657,21.69,361065.8307691499,2399116.8171464573,1624.0,1861.0,2253.0,3495.0,4415.0,3402.0,0.2160751521587371,-0.1163084730505943,1.387315273284912,1.2977659702301023,21.88,authoritative_manganese_positive,1.0,1,Geological Survey of India (GSI) / NGDR/Bhu-Chayan; NUID 49367
ME/JBP/2024/BRS_90/49367,79.662,21.691,361584.1084160744,2399223.0470292717,1465.0,1680.0,1855.0,3190.0,3648.0,2767.0,0.2646184265613556,-0.0669786483049392,1.2662116289138794,1.3183953762054443,32.24,authoritative_manganese_positive,1.0,1,Geological Survey of India (GSI) / NGDR/Bhu-Chayan; NUID 49367
ME/JBP/2024/BRS_91/49367,79.635,21.696,358795.45511155576,2399800.9304136327,1241.0,1384.0,1394.0,3026.0,2796.0,1980.0,0.3692307770252228,0.0395053252577781,1.1232876777648926,1.4121211767196655,1.54,authoritative_manganese_positive,1.0,1,Geological Survey of India (GSI) / NGDR/Bhu-Chayan; NUID 49367
ME/JBP/2024/BRS_92/49367,79.648,21.688,360132.71803382854,2398903.503768389,1208.0,1333.0,1355.0,2612.0,2829.0,2056.0,0.3168641328811645,-0.0398823730647563,1.121688723564148,1.3759727478027344,9.87,authoritative_manganese_positive,1.0,1,Geological Survey of India (GSI) / NGDR/Bhu-Chayan; NUID 49367
ME/JBP/2024/BRS_93/49367,79.649,21.688,360236.184203712,2398902.601679564,1322.0,1556.0,1634.0,3082.0,3387.0,2440.0,0.3070398569107055,-0.0471479371190071,1.2360060214996338,1.3881148099899292,42.74,authoritative_manganese_positive,1.0,1,Geological Survey of India (GSI) / NGDR/Bhu-Chayan; NUID 49367
ME/JBP/2024/BRS_94/49367,79.643,21.698,359625.080119217,2400015.070049515,1249.0,1408.0,1388.0,3052.0,2748.0,1993.0,0.3747747838497162,0.0524137914180755,1.1112890243530271,1.3788259029388428,24.17,authoritative_manganese_positive,1.0,1,Geological Survey of India (GSI) / NGDR/Bhu-Chayan; NUID 49367
ME/JBP/2024/BRS_95/49367,79.691,21.682,364576.1272947991,2398201.099724243,1285.0,1512.0,1556.0,3084.0,3276.0,2471.0,0.3293103575706482,-0.0301886796951293,1.2108949422836304,1.3257790803909302,28.61,authoritative_manganese_positive,1.0,1,Geological Survey of India (GSI) / NGDR/Bhu-Chayan; NUID 49367
ME/JBP/2024/BRS_96/49367,79.684,21.685,363854.66139485734,2398539.3399571516,1343.0,1481.0,1667.0,2631.0,3615.0,2765.0,0.2242903709411621,-0.1575408279895782,1.2412508726119995,1.3074140548706057,17.48,authoritative_manganese_positive,1.0,1,Geological Survey of India (GSI) / NGDR/Bhu-Chayan; NUID 49367
ME/JBP/2024/BRS_97/49367,79.715,21.736,367108.97826277197,2404158.259520629,1831.0,2242.0,2711.0,3813.0,4857.0,3950.0,0.1689147800207138,-0.1204152256250381,1.4806116819381714,1.2296202182769775,1.47,authoritative_manganese_positive,1.0,1,Geological Survey of India (GSI) / NGDR/Bhu-Chayan; NUID 49367
ME/JBP/2024/BRS_98/49367,79.644,21.672,359703.36389824806,2397135.848650372,1298.0,1475.0,1537.0,3019.0,3113.0,2242.0,0.3252853453159332,-0.0153294196352362,1.1841294765472412,1.388492465019226,2.07,authoritative_manganese_positive,1.0,1,Geological Survey of India (GSI) / NGDR/Bhu-Chayan; NUID 49367
ME/JBP/2024/BRS_99/49367,79.639,21.668,359182.08993116836,2396697.5620854697,1272.0,1511.0,1542.0,2934.0,3163.0,2274.0,0.3109919428825378,-0.0375594571232795,1.2122641801834106,1.3909410238265991,14.56,authoritative_manganese_positive,1.0,1,Geological Survey of India (GSI) / NGDR/Bhu-Chayan; NUID 49367
ME/JBP/2024/BRS_100/49367,79.672,21.679,362607.36364317674,2397885.706491169,1319.0,1468.0,1517.0,2684.0,3453.0,2543.0,0.2777909934520721,-0.1253055185079574,1.1501137018203735,1.3578450679779053,27.15,authoritative_manganese_positive,1.0,1,Geological Survey of India (GSI) / NGDR/Bhu-Chayan; NUID 49367
ME/JBP/2024/PTS_01/49367,79.641,21.674,359394.87036301824,2397359.9741262845,1303.0,1489.0,1552.0,2867.0,3305.0,2379.0,0.2975786328315735,-0.0709656476974487,1.1910974979400637,1.3892391920089722,2.69,authoritative_manganese_positive,1.0,1,Geological Survey of India (GSI) / NGDR/Bhu-Chayan; NUID 49367
ME/JBP/2024/PTS_02/49367,79.641,21.674,359394.87036301824,2397359.9741262845,1303.0,1489.0,1552.0,2867.0,3305.0,2379.0,0.2975786328315735,-0.0709656476974487,1.1910974979400637,1.3892391920089722,5.93,authoritative_manganese_positive,1.0,1,Geological Survey of India (GSI) / NGDR/Bhu-Chayan; NUID 49367
ME/JBP/2024/PTS_03/49367,79.641,21.674,359394.87036301824,2397359.9741262845,1303.0,1489.0,1552.0,2867.0,3305.0,2379.0,0.2975786328315735,-0.0709656476974487,1.1910974979400637,1.3892391920089722,1.97,authoritative_manganese_positive,1.0,1,Geological Survey of India (GSI) / NGDR/Bhu-Chayan; NUID 49367
ME/JBP/2024/PTS_04/49367,79.641,21.674,359394.87036301824,2397359.9741262845,1303.0,1489.0,1552.0,2867.0,3305.0,2379.0,0.2975786328315735,-0.0709656476974487,1.1910974979400637,1.3892391920089722,3.18,authoritative_manganese_positive,1.0,1,Geological Survey of India (GSI) / NGDR/Bhu-Chayan; NUID 49367
ME/JBP/2024/PTS_05/49367,79.644,21.674,359705.29944467894,2397357.2572433488,1261.0,1424.0,1487.0,2563.0,3142.0,2348.0,0.2656790018081665,-0.1014899238944053,1.179222822189331,1.3381601572036743,0.38,authoritative_manganese_positive,1.0,1,Geological Survey of India (GSI) / NGDR/Bhu-Chayan; NUID 49367
ME/JBP/2024/PTS_06/49367,79.644,21.674,359705.29944467894,2397357.2572433488,1261.0,1424.0,1487.0,2563.0,3142.0,2348.0,0.2656790018081665,-0.1014899238944053,1.179222822189331,1.3381601572036743,8.17,authoritative_manganese_positive,1.0,1,Geological Survey of India (GSI) / NGDR/Bhu-Chayan; NUID 49367
ME/JBP/2024/PTS_07/49367,79.644,21.674,359705.29944467894,2397357.2572433488,1261.0,1424.0,1487.0,2563.0,3142.0,2348.0,0.2656790018081665,-0.1014899238944053,1.179222822189331,1.3381601572036743,27.7,authoritative_manganese_positive,1.0,1,Geological Survey of India (GSI) / NGDR/Bhu-Chayan; NUID 49367
ME/JBP/2024/PTS_08/49367,79.644,21.674,359705.29944467894,2397357.2572433488,1261.0,1424.0,1487.0,2563.0,3142.0,2348.0,0.2656790018081665,-0.1014899238944053,1.179222822189331,1.3381601572036743,12.43,authoritative_manganese_positive,1.0,1,Geological Survey of India (GSI) / NGDR/Bhu-Chayan; NUID 49367
ME/JBP/2024/PTS_09/49367,79.638,21.666,359076.6655559151,2396477.0613372326,1205.0,1393.0,1355.0,2786.0,2897.0,2096.0,0.3455687165260315,-0.01953193731606,1.1244813203811646,1.382156491279602,0.62,authoritative_manganese_positive,1.0,1,Geological Survey of India (GSI) / NGDR/Bhu-Chayan; NUID 49367
ME/JBP/2024/PTS_10/49367,79.638,21.666,359076.6655559151,2396477.0613372326,1205.0,1393.0,1355.0,2786.0,2897.0,2096.0,0.3455687165260315,-0.01953193731606,1.1244813203811646,1.382156491279602,1.71,authoritative_manganese_positive,1.0,1,Geological Survey of India (GSI) / NGDR/Bhu-Chayan; NUID 49367
ME/JBP/2024/PTS_11/49367,79.638,21.666,359076.6655559151,2396477.0613372326,1205.0,1393.0,1355.0,2786.0,2897.0,2096.0,0.3455687165260315,-0.01953193731606,1.1244813203811646,1.382156491279602,4.55,authoritative_manganese_positive,1.0,1,Geological Survey of India (GSI) / NGDR/Bhu-Chayan; NUID 49367
ME/JBP/2024/PTS_12/49367,79.638,21.666,359076.6655559151,2396477.0613372326,1205.0,1393.0,1355.0,2786.0,2897.0,2096.0,0.3455687165260315,-0.01953193731606,1.1244813203811646,1.382156491279602,8.19,authoritative_manganese_positive,1.0,1,Geological Survey of India (GSI) / NGDR/Bhu-Chayan; NUID 49367
ME/JBP/2024/PTS_13/49367,79.638,21.666,359076.6655559151,2396477.0613372326,1205.0,1393.0,1355.0,2786.0,2897.0,2096.0,0.3455687165260315,-0.01953193731606,1.1244813203811646,1.382156491279602,1.49,authoritative_manganese_positive,1.0,1,Geological Survey of India (GSI) / NGDR/Bhu-Chayan; NUID 49367
ME/JBP/2024/PTS_14/49367,79.638,21.666,359076.6655559151,2396477.0613372326,1205.0,1393.0,1355.0,2786.0,2897.0,2096.0,0.3455687165260315,-0.01953193731606,1.1244813203811646,1.382156491279602,2.45,authoritative_manganese_positive,1.0,1,Geological Survey of India (GSI) / NGDR/Bhu-Chayan; NUID 49367
ME/JBP/2024/PTS_15/49367,79.635,21.665,358765.2448889483,2396369.0849253405,1350.0,1538.0,1661.0,2857.0,3518.0,2635.0,0.2647188901901245,-0.1036862730979919,1.2303704023361206,1.3351043462753296,15.69,authoritative_manganese_positive,1.0,1,Geological Survey of India (GSI) / NGDR/Bhu-Chayan; NUID 49367
ME/JBP/2024/PTS_16/49367,79.635,21.665,358765.2448889483,2396369.0849253405,1350.0,1538.0,1661.0,2857.0,3518.0,2635.0,0.2647188901901245,-0.1036862730979919,1.2303704023361206,1.3351043462753296,13.5,authoritative_manganese_positive,1.0,1,Geological Survey of India (GSI) / NGDR/Bhu-Chayan; NUID 49367
ME/JBP/2024/PTS_17/49367,79.632,21.666,358455.7716981111,2396482.523529792,1219.0,1360.0,1408.0,2822.0,3113.0,2302.0,0.3342789709568023,-0.0490311719477176,1.1550451517105105,1.352302312850952,41.7,authoritative_manganese_positive,1.0,1,Geological Survey of India (GSI) / NGDR/Bhu-Chayan; NUID 49367
ME/JBP/2024/PTS_18/49367,79.632,21.666,358455.7716981111,2396482.523529792,1219.0,1360.0,1408.0,2822.0,3113.0,2302.0,0.3342789709568023,-0.0490311719477176,1.1550451517105105,1.352302312850952,28.79,authoritative_manganese_positive,1.0,1,Geological Survey of India (GSI) / NGDR/Bhu-Chayan; NUID 49367
ME/JBP/2024/PTS_19/49367,79.632,21.665,358454.795676116,2396371.8189239693,1235.0,1385.0,1448.0,2828.0,3030.0,2195.0,0.3227315247058868,-0.0344827584922313,1.1724696159362793,1.380410075187683,26.15,authoritative_manganese_positive,1.0,1,Geological Survey of India (GSI) / NGDR/Bhu-Chayan; NUID 49367
ME/JBP/2024/PTS_20/49367,79.632,21.665,358454.795676116,2396371.8189239693,1235.0,1385.0,1448.0,2828.0,3030.0,2195.0,0.3227315247058868,-0.0344827584922313,1.1724696159362793,1.380410075187683,25.7,authoritative_manganese_positive,1.0,1,Geological Survey of India (GSI) / NGDR/Bhu-Chayan; NUID 49367
ME/JBP/2024/PTS_21/49367,79.632,21.665,358454.795676116,2396371.8189239693,1235.0,1385.0,1448.0,2828.0,3030.0,2195.0,0.3227315247058868,-0.0344827584922313,1.1724696159362793,1.380410075187683,50.37,authoritative_manganese_positive,1.0,1,Geological Survey of India (GSI) / NGDR/Bhu-Chayan; NUID 49367
ME/JBP/2024/PTS_22/49367,79.659,21.693,361275.6331767377,2399447.137618615,1240.0,1433.0,1455.0,3187.0,2961.0,2111.0,0.3731150329113006,0.0367599204182624,1.173387050628662,1.4026527404785156,33.71,authoritative_manganese_positive,1.0,1,Geological Survey of India (GSI) / NGDR/Bhu-Chayan; NUID 49367
ME/JBP/2024/PTS_23/49367,79.659,21.693,361275.6331767377,2399447.137618615,1240.0,1433.0,1455.0,3187.0,2961.0,2111.0,0.3731150329113006,0.0367599204182624,1.173387050628662,1.4026527404785156,12.19,authoritative_manganese_positive,1.0,1,Geological Survey of India (GSI) / NGDR/Bhu-Chayan; NUID 49367
ME/JBP/2024/PTS_24/49367,79.659,21.693,361275.6331767377,2399447.137618615,1240.0,1433.0,1455.0,3187.0,2961.0,2111.0,0.3731150329113006,0.0367599204182624,1.173387050628662,1.4026527404785156,6.89,authoritative_manganese_positive,1.0,1,Geological Survey of India (GSI) / NGDR/Bhu-Chayan; NUID 49367
ME/JBP/2024/PTS_25/49367,79.659,21.693,361275.6331767377,2399447.137618615,1240.0,1433.0,1455.0,3187.0,2961.0,2111.0,0.3731150329113006,0.0367599204182624,1.173387050628662,1.4026527404785156,9.72,authoritative_manganese_positive,1.0,1,Geological Survey of India (GSI) / NGDR/Bhu-Chayan; NUID 49367
ME/JBP/2024/PTS_26/49367,79.659,21.693,361275.6331767377,2399447.137618615,1240.0,1433.0,1455.0,3187.0,2961.0,2111.0,0.3731150329113006,0.0367599204182624,1.173387050628662,1.4026527404785156,1.98,authoritative_manganese_positive,1.0,1,Geological Survey of India (GSI) / NGDR/Bhu-Chayan; NUID 49367
ME/JBP/2024/PTS_27/49367,79.672,21.68,362608.3116888433,2397996.4099417776,1352.0,1549.0,1723.0,2622.0,3858.0,2950.0,0.2069044858217239,-0.1907407343387603,1.2744083404541016,1.307796597480774,0.23,authoritative_manganese_positive,1.0,1,Geological Survey of India (GSI) / NGDR/Bhu-Chayan; NUID 49367
ME/JBP/2024/PTS_28/49367,79.703,21.708,365841.8447612685,2401068.93442965,1292.0,1481.0,1590.0,2962.0,3094.0,2294.0,0.3014059662818908,-0.021796565502882,1.2306501865386963,1.348735809326172,6.79,authoritative_manganese_positive,1.0,1,Geological Survey of India (GSI) / NGDR/Bhu-Chayan; NUID 49367
ME/JBP/2024/PTS_29/49367,79.703,21.708,365841.8447612685,2401068.93442965,1292.0,1481.0,1590.0,2962.0,3094.0,2294.0,0.3014059662818908,-0.021796565502882,1.2306501865386963,1.348735809326172,9.66,authoritative_manganese_positive,1.0,1,Geological Survey of India (GSI) / NGDR/Bhu-Chayan; NUID 49367
ME/JBP/2024/PTS_30/49367,79.703,21.708,365841.8447612685,2401068.93442965,1292.0,1481.0,1590.0,2962.0,3094.0,2294.0,0.3014059662818908,-0.021796565502882,1.2306501865386963,1.348735809326172,9.8,authoritative_manganese_positive,1.0,1,Geological Survey of India (GSI) / NGDR/Bhu-Chayan; NUID 49367
ME/JBP/2024/PTS_31/49367,79.648,21.687,360131.75250160927,2398792.799423084,1187.0,1379.0,1317.0,2888.0,2712.0,1937.0,0.3736028671264648,0.0314285717904567,1.1095198392868042,1.400103211402893,30.85,authoritative_manganese_positive,1.0,1,Geological Survey of India (GSI) / NGDR/Bhu-Chayan; NUID 49367
ME/JBP/2024/PTS_32/49367,79.648,21.687,360131.75250160927,2398792.799423084,1187.0,1379.0,1317.0,2888.0,2712.0,1937.0,0.3736028671264648,0.0314285717904567,1.1095198392868042,1.400103211402893,18.66,authoritative_manganese_positive,1.0,1,Geological Survey of India (GSI) / NGDR/Bhu-Chayan; NUID 49367
ME/JBP/2024/PTS_33/49367,79.648,21.687,360131.75250160927,2398792.799423084,1187.0,1379.0,1317.0,2888.0,2712.0,1937.0,0.3736028671264648,0.0314285717904567,1.1095198392868042,1.400103211402893,25.33,authoritative_manganese_positive,1.0,1,Geological Survey of India (GSI) / NGDR/Bhu-Chayan; NUID 49367
ME/JBP/2024/PTS_34/49367,79.648,21.687,360131.75250160927,2398792.799423084,1187.0,1379.0,1317.0,2888.0,2712.0,1937.0,0.3736028671264648,0.0314285717904567,1.1095198392868042,1.400103211402893,24.88,authoritative_manganese_positive,1.0,1,Geological Survey of India (GSI) / NGDR/Bhu-Chayan; NUID 49367
ME/JBP/2024/PTS_35/49367,79.648,21.687,360131.75250160927,2398792.799423084,1187.0,1379.0,1317.0,2888.0,2712.0,1937.0,0.3736028671264648,0.0314285717904567,1.1095198392868042,1.400103211402893,31.96,authoritative_manganese_positive,1.0,1,Geological Survey of India (GSI) / NGDR/Bhu-Chayan; NUID 49367
ME/JBP/2024/PTS_36/49367,79.635,21.697,358796.4303211421,2399911.635308059,1321.0,1472.0,1533.0,2915.0,3020.0,2212.0,0.3107014298439026,-0.017691658809781,1.1604844331741333,1.365280270576477,31.46,authoritative_manganese_positive,1.0,1,Geological Survey of India (GSI) / NGDR/Bhu-Chayan; NUID 49367
ME/JBP/2024/PTS_37/49367,79.635,21.697,358796.4303211421,2399911.635308059,1321.0,1472.0,1533.0,2915.0,3020.0,2212.0,0.3107014298439026,-0.017691658809781,1.1604844331741333,1.365280270576477,25.42,authoritative_manganese_positive,1.0,1,Geological Survey of India (GSI) / NGDR/Bhu-Chayan; NUID 49367
ME/JBP/2024/PTS_38/49367,79.635,21.697,358796.4303211421,2399911.635308059,1321.0,1472.0,1533.0,2915.0,3020.0,2212.0,0.3107014298439026,-0.017691658809781,1.1604844331741333,1.365280270576477,36.74,authoritative_manganese_positive,1.0,1,Geological Survey of India (GSI) / NGDR/Bhu-Chayan; NUID 49367
ME/JBP/2024/PTS_39/49367,79.635,21.697,358796.4303211421,2399911.635308059,1321.0,1472.0,1533.0,2915.0,3020.0,2212.0,0.3107014298439026,-0.017691658809781,1.1604844331741333,1.365280270576477,29.84,authoritative_manganese_positive,1.0,1,Geological Survey of India (GSI) / NGDR/Bhu-Chayan; NUID 49367
ME/JBP/2024/PTS_40/49367,79.635,21.697,358796.4303211421,2399911.635308059,1321.0,1472.0,1533.0,2915.0,3020.0,2212.0,0.3107014298439026,-0.017691658809781,1.1604844331741333,1.365280270576477,18.1,authoritative_manganese_positive,1.0,1,Geological Survey of India (GSI) / NGDR/Bhu-Chayan; NUID 49367
ME/JBP/2024/PTS_41/49367,79.635,21.697,358796.4303211421,2399911.635308059,1321.0,1472.0,1533.0,2915.0,3020.0,2212.0,0.3107014298439026,-0.017691658809781,1.1604844331741333,1.365280270576477,17.36,authoritative_manganese_positive,1.0,1,Geological Survey of India (GSI) / NGDR/Bhu-Chayan; NUID 49367
ME/JBP/2024/PTS_42/49367,79.657,21.689,361064.87158488197,2399006.11307527,1407.0,1607.0,1816.0,3039.0,3823.0,2826.0,0.2519052624702453,-0.1142524033784866,1.290689468383789,1.3527954816818235,10.05,authoritative_manganese_positive,1.0,1,Geological Survey of India (GSI) / NGDR/Bhu-Chayan; NUID 49367
ME/JBP/2024/PTS_43/49367,79.657,21.689,361064.87158488197,2399006.11307527,1407.0,1607.0,1816.0,3039.0,3823.0,2826.0,0.2519052624702453,-0.1142524033784866,1.290689468383789,1.3527954816818235,11.27,authoritative_manganese_positive,1.0,1,Geological Survey of India (GSI) / NGDR/Bhu-Chayan; NUID 49367
ME/JBP/2024/PTS_44/49367,79.657,21.689,361064.87158488197,2399006.11307527,1407.0,1607.0,1816.0,3039.0,3823.0,2826.0,0.2519052624702453,-0.1142524033784866,1.290689468383789,1.3527954816818235,11.92,authoritative_manganese_positive,1.0,1,Geological Survey of India (GSI) / NGDR/Bhu-Chayan; NUID 49367
ME/JBP/2024/PTS_45/49367,79.657,21.689,361064.87158488197,2399006.11307527,1407.0,1607.0,1816.0,3039.0,3823.0,2826.0,0.2519052624702453,-0.1142524033784866,1.290689468383789,1.3527954816818235,5.46,authoritative_manganese_positive,1.0,1,Geological Survey of India (GSI) / NGDR/Bhu-Chayan; NUID 49367
ME/JBP/2024/PTS_46/49367,79.657,21.689,361064.87158488197,2399006.11307527,1407.0,1607.0,1816.0,3039.0,3823.0,2826.0,0.2519052624702453,-0.1142524033784866,1.290689468383789,1.3527954816818235,26.08,authoritative_manganese_positive,1.0,1,Geological Survey of India (GSI) / NGDR/Bhu-Chayan; NUID 49367
ME/JBP/2024/PTS_47/49367,79.691,21.684,364577.99652615516,2398422.505476985,1216.0,1364.0,1357.0,2807.0,2988.0,2154.0,0.3482228517532348,-0.0312338229268789,1.1159539222717283,1.3871866464614868,13.2,authoritative_manganese_positive,1.0,1,Geological Survey of India (GSI) / NGDR/Bhu-Chayan; NUID 49367
ME/JBP/2024/PTS_48/49367,79.691,21.684,364577.99652615516,2398422.505476985,1216.0,1364.0,1357.0,2807.0,2988.0,2154.0,0.3482228517532348,-0.0312338229268789,1.1159539222717283,1.3871866464614868,12.04,authoritative_manganese_positive,1.0,1,Geological Survey of India (GSI) / NGDR/Bhu-Chayan; NUID 49367
ME/JBP/2024/PTS_49/49367,79.691,21.684,364577.99652615516,2398422.505476985,1216.0,1364.0,1357.0,2807.0,2988.0,2154.0,0.3482228517532348,-0.0312338229268789,1.1159539222717283,1.3871866464614868,2.87,authoritative_manganese_positive,1.0,1,Geological Survey of India (GSI) / NGDR/Bhu-Chayan; NUID 49367
ME/JBP/2024/PTS_50/49367,79.691,21.684,364577.99652615516,2398422.505476985,1216.0,1364.0,1357.0,2807.0,2988.0,2154.0,0.3482228517532348,-0.0312338229268789,1.1159539222717283,1.3871866464614868,3.22,authoritative_manganese_positive,1.0,1,Geological Survey of India (GSI) / NGDR/Bhu-Chayan; NUID 49367
ME/JBP/2024/PCS_01/49367,79.636,21.681,358884.3036941962,2398139.447969865,1207.0,1302.0,1280.0,2995.0,2568.0,1789.0,0.4011695981025696,0.0767571479082107,1.0604804754257202,1.4354387521743774,3.15,authoritative_manganese_positive,1.0,1,Geological Survey of India (GSI) / NGDR/Bhu-Chayan; NUID 49367
ME/JBP/2024/PCS_02/49367,79.634,21.681,358677.36050361115,2398141.269711894,1173.0,1338.0,1292.0,2928.0,2678.0,1901.0,0.3876777291297912,0.0445950776338577,1.1014492511749268,1.408732295036316,0.34,authoritative_manganese_positive,1.0,1,Geological Survey of India (GSI) / NGDR/Bhu-Chayan; NUID 49367
ME/JBP/2024/PCS_03/49367,79.646,21.697,359934.49016980664,2399901.6502255406,1555.0,1819.0,2215.0,3446.0,4206.0,3233.0,0.2174527496099472,-0.0993204414844513,1.4244372844696045,1.3009588718414309,1.37,authoritative_manganese_positive,1.0,1,Geological Survey of India (GSI) / NGDR/Bhu-Chayan; NUID 49367
ME/JBP/2024/PCS_05/49367,79.63,21.667,358249.78431954794,2396595.054286417,1211.0,1349.0,1355.0,2764.0,2629.0,1951.0,0.3420733213424682,0.0250324495136737,1.1189099550247192,1.3475141525268557,0.53,authoritative_manganese_positive,1.0,1,Geological Survey of India (GSI) / NGDR/Bhu-Chayan; NUID 49367
ME/JBP/2024/PCS_06/49367,79.631,21.666,358352.2892780678,2396483.4362313612,1250.0,1361.0,1376.0,2712.0,2806.0,2076.0,0.3268101811408996,-0.0170351583510637,1.1008000373840332,1.3516377210617063,17.48,authoritative_manganese_positive,1.0,1,Geological Survey of India (GSI) / NGDR/Bhu-Chayan; NUID 49367
ME/JBP/2024/PCS_07/49367,79.652,21.69,360548.5080003112,2399121.307882899,1262.0,1450.0,1476.0,2859.0,2945.0,2128.0,0.319031149148941,-0.0148173673078417,1.169572114944458,1.3839285373687744,0.61,authoritative_manganese_positive,1.0,1,Geological Survey of India (GSI) / NGDR/Bhu-Chayan; NUID 49367
ME/JBP/2024/PCS_08/49367,79.655,21.715,360882.9308341718,2401886.2189720436,1345.0,1529.0,1748.0,2748.0,3584.0,2749.0,0.2224199324846267,-0.1320277899503708,1.2996282577514648,1.3037468194961548,0.09,authoritative_manganese_positive,1.0,1,Geological Survey of India (GSI) / NGDR/Bhu-Chayan; NUID 49367
ME/JBP/2024/PCS_09/49367,79.657,21.676,361052.40602968296,2397566.9612966254,1270.0,1447.0,1479.0,2966.0,2954.0,2163.0,0.3345331847667694,0.0020270270761102,1.1645668745040894,1.365695834159851,0.18,authoritative_manganese_positive,1.0,1,Geological Survey of India (GSI) / NGDR/Bhu-Chayan; NUID 49367
ME/JBP/2024/PCS_10/49367,79.634,21.742,358736.93117189815,2404894.281847463,1468.0,1732.0,1979.0,3495.0,3622.0,2573.0,0.276945561170578,-0.0178445968776941,1.3480926752090454,1.4076952934265137,0.12,authoritative_manganese_positive,1.0,1,Geological Survey of India (GSI) / NGDR/Bhu-Chayan; NUID 49367
ME/JBP/2023/PS_1/46856,79.678,21.701,363248.966636364,2400315.876445228,1581.0,1962.0,2145.0,3096.0,3490.0,2623.0,0.1814539283514022,-0.0598238706588745,1.3567363023757937,1.3305375576019287,,authoritative_manganese_positive,1.0,1,Geological Survey of India (GSI) / NGDR/Bhu-Chayan; NUID 49367
ME/JBP/2023/PS_2/49367,79.649,21.71,360257.4209286543,2401338.0997297233,1524.0,1878.0,2138.0,3618.0,4025.0,2995.0,0.2571229934692383,-0.0532513409852981,1.4028871059417725,1.3439065217971802,,authoritative_manganese_positive,1.0,1,Geological Survey of India (GSI) / NGDR/Bhu-Chayan; NUID 49367
ME/JBP/2023/PS_3/49367,79.638,21.706,359115.5701630665,2400905.2477929206,1412.0,1599.0,1873.0,2907.0,3953.0,3079.0,0.2163179963827133,-0.1524781286716461,1.3264873027801514,1.2838584184646606,,authoritative_manganese_positive,1.0,1,Geological Survey of India (GSI) / NGDR/Bhu-Chayan; NUID 49367
ME/JBP/2023/PS_4/49367,79.682,21.729,363689.176662078,2403412.050592438,1669.0,1881.0,2272.0,3348.0,4414.0,3566.0,0.1914590746164322,-0.1373357325792312,1.361294150352478,1.237801432609558,,authoritative_manganese_positive,1.0,1,Geological Survey of India (GSI) / NGDR/Bhu-Chayan; NUID 49367
ME/JBP/2023/PS_6/49367,79.703,21.738,365869.67490769183,2404390.024333886,1455.0,1648.0,1863.0,3373.0,3912.0,2872.0,0.2883880734443664,-0.0739876478910446,1.2804123163223269,1.3621169328689575,,authoritative_manganese_positive,1.0,1,Geological Survey of India (GSI) / NGDR/Bhu-Chayan; NUID 49367
ME/JBP/2023/PS_7/49367,79.638,21.665,359075.69381813495,2396366.356933699,1199.0,1430.0,1362.0,2797.0,2870.0,2069.0,0.3450348675251007,-0.0128815956413745,1.1359466314315796,1.3871434926986694,,authoritative_manganese_positive,1.0,1,Geological Survey of India (GSI) / NGDR/Bhu-Chayan; NUID 49367
ME/JBP/2023/PS_8/49367,79.678,21.684,363232.91355115245,2398433.918331177,1239.0,1425.0,1480.0,2711.0,3173.0,2344.0,0.2937246561050415,-0.0785180181264877,1.194511651992798,1.3536689281463623,,authoritative_manganese_positive,1.0,1,Geological Survey of India (GSI) / NGDR/Bhu-Chayan; NUID 49367
ME/JBP/2023/PS_9/49367,79.74,21.717,369677.58906306064,2402033.653216883,1245.0,1469.0,1451.0,3095.0,3181.0,2285.0,0.361636608839035,-0.0137029951438307,1.1654618978500366,1.392122507095337,,authoritative_manganese_positive,1.0,1,Geological Survey of India (GSI) / NGDR/Bhu-Chayan; NUID 49367
ME/JBP/2023/PS_10/49367,79.692,21.703,364699.21655665437,2400524.9887994975,1239.0,1384.0,1373.0,3136.0,2603.0,1923.0,0.3909958004951477,0.0928733199834823,1.1081517934799194,1.353614091873169,,authoritative_manganese_positive,1.0,1,Geological Survey of India (GSI) / NGDR/Bhu-Chayan; NUID 49367
ME/JBP/2023/PS_11/49367,79.69,21.703,364492.308272431,2400526.737168582,1239.0,1415.0,1438.0,2896.0,3238.0,2370.0,0.3364097774028778,-0.0557548105716705,1.1606134176254272,1.3662446737289429,,authoritative_manganese_positive,1.0,1,Geological Survey of India (GSI) / NGDR/Bhu-Chayan; NUID 49367
ME/JBP/2023/PS_12/49367,79.646,21.696,359933.5228252595,2399790.945700107,1349.0,1548.0,1716.0,3121.0,3478.0,2588.0,0.2904692888259887,-0.0540991052985191,1.272053360939026,1.3438949584960938,,authoritative_manganese_positive,1.0,1,Geological Survey of India (GSI) / NGDR/Bhu-Chayan; NUID 49367
unlabeled_r576_c55,79.63479024521624,21.651095623694435,358730.0,2394830.0,1168.0,1346.0,1328.0,2691.0,2679.0,1944.0,0.33913910388946533,0.0022346368059515953,1.136986255645752,1.3780864477157593,,unlabeled_background,,0,"Valid Sentinel-2 Phase 4 raster pixel; unlabeled/background, not confirmed non-manganese."
unlabeled_r62_c275,79.67645392445638,21.744293506738423,363130.0,2405110.0,1992.0,2347.0,2887.0,4143.0,5362.0,4263.0,0.17866286635398865,-0.12824828922748566,1.4492971897125244,1.2577996253967285,,unlabeled_background,,0,"Valid Sentinel-2 Phase 4 raster pixel; unlabeled/background, not confirmed non-manganese."
unlabeled_r150_c47,79.63251812178821,21.728038300415932,358570.0,2403350.0,1215.0,1408.0,1343.0,3310.0,2741.0,1913.0,0.4227380156517029,0.09403404593467712,1.1053497791290283,1.4328280687332153,,unlabeled_background,,0,"Valid Sentinel-2 Phase 4 raster pixel; unlabeled/background, not confirmed non-manganese."
unlabeled_r590_c59,79.63558695720283,21.648572910194762,358810.0,2394550.0,1228.0,1399.0,1392.0,2837.0,2885.0,2058.0,0.341688334941864,-0.00838867574930191,1.1335505247116089,1.4018464088439941,,unlabeled_background,,0,"Valid Sentinel-2 Phase 4 raster pixel; unlabeled/background, not confirmed non-manganese."
unlabeled_r133_c636,79.74637021119437,21.73201058107439,370350.0,2403690.0,1681.0,2015.0,2379.0,3952.0,4522.0,3390.0,0.24845996499061584,-0.06726457178592682,1.415229082107544,1.33392333984375,,unlabeled_background,,0,"Valid Sentinel-2 Phase 4 raster pixel; unlabeled/background, not confirmed non-manganese."
unlabeled_r592_c235,79.66959930824403,21.648487497466434,362330.0,2394510.0,1731.0,2031.0,2288.0,3681.0,4487.0,3600.0,0.23337242007255554,-0.09867776930332184,1.3217793703079224,1.2463889122009277,,unlabeled_background,,0,"Valid Sentinel-2 Phase 4 raster pixel; unlabeled/background, not confirmed non-manganese."
unlabeled_r265_c238,79.66963695491737,21.707564516819502,362390.0,2401050.0,1678.0,1984.0,2313.0,3405.0,4522.0,3658.0,0.1909758597612381,-0.140910804271698,1.3784266710281372,1.2361946105957031,,unlabeled_background,,0,"Valid Sentinel-2 Phase 4 raster pixel; unlabeled/background, not confirmed non-manganese."
unlabeled_r537_c224,79.6673825053539,21.658406198975527,362110.0,2395610.0,1358.0,1520.0,1657.0,2834.0,3194.0,2484.0,0.26207971572875977,-0.05972130224108696,1.2201766967773438,1.2858293056488037,,unlabeled_background,,0,"Valid Sentinel-2 Phase 4 raster pixel; unlabeled/background, not confirmed non-manganese."
unlabeled_r481_c531,79.72662141344722,21.668988378909216,368250.0,2396730.0,1367.0,1592.0,1673.0,3221.0,3403.0,2608.0,0.31630566716194153,-0.02747584506869316,1.2238478660583496,1.3048312664031982,,unlabeled_background,,0,"Valid Sentinel-2 Phase 4 raster pixel; unlabeled/background, not confirmed non-manganese."
unlabeled_r280_c211,79.66444251343863,21.70481281171141,361850.0,2400750.0,1322.0,1519.0,1589.0,2682.0,3443.0,2639.0,0.2559119760990143,-0.12424489855766296,1.2019667625427246,1.3046607971191406,,unlabeled_background,,0,"Valid Sentinel-2 Phase 4 raster pixel; unlabeled/background, not confirmed non-manganese."
unlabeled_r61_c530,79.72576035460865,21.744861109453904,368230.0,2405130.0,1398.0,1605.0,1696.0,2879.0,3085.0,2407.0,0.25857922434806824,-0.0345405749976635,1.2131617069244385,1.2816784381866455,,unlabeled_background,,0,"Valid Sentinel-2 Phase 4 raster pixel; unlabeled/background, not confirmed non-manganese."
unlabeled_r505_c465,79.71390434511444,21.664554358022503,366930.0,2396250.0,1207.0,1383.0,1378.0,2856.0,3033.0,2170.0,0.349078893661499,-0.03005603700876236,1.1416735649108887,1.3976958990097046,,unlabeled_background,,0,"Valid Sentinel-2 Phase 4 raster pixel; unlabeled/background, not confirmed non-manganese."
unlabeled_r2_c267,79.6748075731763,21.75512002605418,362970.0,2406310.0,1216.0,1428.0,1442.0,2947.0,2984.0,2226.0,0.3429027199745178,-0.006238408386707306,1.1858552694320679,1.3405210971832275,,unlabeled_background,,0,"Valid Sentinel-2 Phase 4 raster pixel; unlabeled/background, not confirmed non-manganese."
unlabeled_r349_c519,79.7240923109164,21.692816808220538,368010.0,2399370.0,1464.0,1662.0,1974.0,2411.0,3252.0,2950.0,0.09965792298316956,-0.14850786328315735,1.3483606576919556,1.1023728847503662,,unlabeled_background,,0,"Valid Sentinel-2 Phase 4 raster pixel; unlabeled/background, not confirmed non-manganese."
unlabeled_r254_c297,79.68102434163085,21.709642821287733,363570.0,2401270.0,1298.0,1486.0,1552.0,3090.0,3476.0,2505.0,0.33132269978523254,-0.058787692338228226,1.195685625076294,1.387624740600586,,unlabeled_background,,0,"Valid Sentinel-2 Phase 4 raster pixel; unlabeled/background, not confirmed non-manganese."
unlabeled_r497_c553,79.73089856128402,21.666130479646018,368690.0,2396410.0,1599.0,1843.0,2223.0,3231.0,4528.0,3561.0,0.18481847643852234,-0.16716071963310242,1.3902438879013062,1.2715529203414917,,unlabeled_background,,0,"Valid Sentinel-2 Phase 4 raster pixel; unlabeled/background, not confirmed non-manganese."
unlabeled_r225_c259,79.67363030073912,21.714823014035677,362810.0,2401850.0,1883.0,2212.0,2630.0,3637.0,4844.0,4083.0,0.16068294644355774,-0.14231812953948975,1.3967074155807495,1.186382532119751,,unlabeled_background,,0,"Valid Sentinel-2 Phase 4 raster pixel; unlabeled/background, not confirmed non-manganese."
unlabeled_r107_c189,79.65990019748031,21.73603056342911,361410.0,2404210.0,1598.0,1898.0,2080.0,3646.0,4414.0,3420.0,0.2734893560409546,-0.09528536349534988,1.3016270399093628,1.290643334388733,,unlabeled_background,,0,"Valid Sentinel-2 Phase 4 raster pixel; unlabeled/background, not confirmed non-manganese."
unlabeled_r211_c537,79.72735250462893,21.717773659000876,368370.0,2402130.0,1533.0,1828.0,2067.0,3391.0,3983.0,3004.0,0.24257969856262207,-0.0802820697426796,1.3483365774154663,1.3258987665176392,,unlabeled_background,,0,"Valid Sentinel-2 Phase 4 raster pixel; unlabeled/background, not confirmed non-manganese."
unlabeled_r592_c593,79.73877825139382,21.64902719274078,369490.0,2394510.0,1282.0,1441.0,1467.0,2899.0,3199.0,2302.0,0.32798901200294495,-0.04919645935297012,1.1443058252334595,1.389661192893982,,unlabeled_background,,0,"Valid Sentinel-2 Phase 4 raster pixel; unlabeled/background, not confirmed non-manganese."
unlabeled_r502_c656,79.75081245908521,21.665378200437644,370750.0,2396310.0,1428.0,1616.0,1815.0,2569.0,3548.0,2770.0,0.1719890534877777,-0.1600457727909088,1.2710083723068237,1.2808663845062256,,unlabeled_background,,0,"Valid Sentinel-2 Phase 4 raster pixel; unlabeled/background, not confirmed non-manganese."
unlabeled_r309_c585,79.73678695172165,21.700140630626287,369330.0,2400170.0,1789.0,2093.0,2482.0,3609.0,4662.0,3837.0,0.1850270926952362,-0.1273123025894165,1.3873672485351562,1.215011715888977,,unlabeled_background,,0,"Valid Sentinel-2 Phase 4 raster pixel; unlabeled/background, not confirmed non-manganese."
unlabeled_r438_c445,79.70993149056154,21.676628087803973,366530.0,2397590.0,1196.0,1342.0,1372.0,2694.0,2967.0,2160.0,0.3251352608203888,-0.04822469502687454,1.1471571922302246,1.3736110925674438,,unlabeled_background,,0,"Valid Sentinel-2 Phase 4 raster pixel; unlabeled/background, not confirmed non-manganese."
unlabeled_r82_c110,79.64458322190006,21.740422380647022,359830.0,2404710.0,1400.0,1724.0,1831.0,3501.0,3229.0,2310.0,0.3132033050060272,0.04041604697704315,1.3078571557998657,1.3978354930877686,,unlabeled_background,,0,"Valid Sentinel-2 Phase 4 raster pixel; unlabeled/background, not confirmed non-manganese."
unlabeled_r275_c255,79.67293984135956,21.705784372613717,362730.0,2400850.0,1251.0,1477.0,1435.0,2964.0,3358.0,2463.0,0.3475790023803711,-0.06232205033302307,1.1470823287963867,1.3633780479431152,,unlabeled_background,,0,"Valid Sentinel-2 Phase 4 raster pixel; unlabeled/background, not confirmed non-manganese."
unlabeled_r473_c493,79.71926455640453,21.67037709779818,367490.0,2396890.0,1193.0,1371.0,1373.0,2821.0,2943.0,2109.0,0.34525513648986816,-0.02116585709154606,1.1508800983428955,1.395448088645935,,unlabeled_background,,0,"Valid Sentinel-2 Phase 4 raster pixel; unlabeled/background, not confirmed non-manganese."
unlabeled_r129_c587,79.73688969160752,21.732661197056146,369370.0,2403770.0,1489.0,1786.0,1844.0,3507.0,3674.0,2814.0,0.3107830286026001,-0.023255813866853714,1.238415002822876,1.3056148290634155,,unlabeled_background,,0,"Valid Sentinel-2 Phase 4 raster pixel; unlabeled/background, not confirmed non-manganese."
unlabeled_r445_c259,79.67399422916047,21.675080148221035,362810.0,2397450.0,1296.0,1448.0,1552.0,2480.0,2835.0,2217.0,0.230158731341362,-0.06679210066795349,1.1975308656692505,1.2787550687789917,,unlabeled_background,,0,"Valid Sentinel-2 Phase 4 raster pixel; unlabeled/background, not confirmed non-manganese."
unlabeled_r365_c489,79.7183189681148,21.68988164670501,367410.0,2399050.0,1382.0,1550.0,1736.0,3033.0,3667.0,2812.0,0.27196475863456726,-0.09462686628103256,1.256150484085083,1.3040540218353271,,unlabeled_background,,0,"Valid Sentinel-2 Phase 4 raster pixel; unlabeled/background, not confirmed non-manganese."
unlabeled_r490_c115,79.64623942564629,21.666726263692144,359930.0,2396550.0,1159.0,1384.0,1375.0,2960.0,3027.0,2153.0,0.36562860012054443,-0.011190913617610931,1.1863675117492676,1.4059451818466187,,unlabeled_background,,0,"Valid Sentinel-2 Phase 4 raster pixel; unlabeled/background, not confirmed non-manganese."
unlabeled_r18_c540,79.72762559696986,21.75264402476396,368430.0,2405990.0,1236.0,1469.0,1360.0,3673.0,2585.0,1867.0,0.4595668613910675,0.17385746538639069,1.1003236770629883,1.3845741748809814,,unlabeled_background,,0,"Valid Sentinel-2 Phase 4 raster pixel; unlabeled/background, not confirmed non-manganese."
unlabeled_r121_c353,79.69163276889185,21.73375509284608,364690.0,2403930.0,1329.0,1504.0,1671.0,2836.0,3674.0,2717.0,0.258486807346344,-0.12872503697872162,1.2573363780975342,1.352226734161377,,unlabeled_background,,0,"Valid Sentinel-2 Phase 4 raster pixel; unlabeled/background, not confirmed non-manganese."
unlabeled_r378_c36,79.63078111152488,21.686833461859468,358350.0,2398790.0,1253.0,1392.0,1441.0,2677.0,2950.0,2131.0,0.3001457154750824,-0.048516083508729935,1.1500399112701416,1.3843265771865845,,unlabeled_background,,0,"Valid Sentinel-2 Phase 4 raster pixel; unlabeled/background, not confirmed non-manganese."
unlabeled_r183_c393,79.69946752275352,21.72261569194007,365490.0,2402690.0,1397.0,1589.0,1805.0,3001.0,3893.0,2976.0,0.2488555908203125,-0.12938787043094635,1.2920544147491455,1.3081316947937012,,unlabeled_background,,0,"Valid Sentinel-2 Phase 4 raster pixel; unlabeled/background, not confirmed non-manganese."
unlabeled_r209_c213,79.66471078327018,21.717641960702096,361890.0,2402170.0,1424.0,1640.0,1828.0,3040.0,4248.0,3315.0,0.24897287786006927,-0.16575191915035248,1.283707857131958,1.2814480066299438,,unlabeled_background,,0,"Valid Sentinel-2 Phase 4 raster pixel; unlabeled/background, not confirmed non-manganese."
unlabeled_r0_c541,79.72779032474548,21.755897247260982,368450.0,2406350.0,1364.0,1634.0,1567.0,3513.0,3065.0,2266.0,0.38307085633277893,0.06810580939054489,1.1488269567489624,1.3526036739349365,,unlabeled_background,,0,"Valid Sentinel-2 Phase 4 raster pixel; unlabeled/background, not confirmed non-manganese."
unlabeled_r558_c306,79.68326326332627,21.654738955869217,363750.0,2395190.0,1289.0,1521.0,1582.0,3228.0,3283.0,2390.0,0.3422037363052368,-0.00844724290072918,1.2273080348968506,1.3736401796340942,,unlabeled_background,,0,"Valid Sentinel-2 Phase 4 raster pixel; unlabeled/background, not confirmed non-manganese."
unlabeled_r582_c421,79.70552506223027,21.650578018401344,366050.0,2394710.0,1488.0,1703.0,2043.0,3022.0,4569.0,3642.0,0.19328726828098297,-0.2037939727306366,1.3729838132858276,1.254530429840088,,unlabeled_background,,0,"Valid Sentinel-2 Phase 4 raster pixel; unlabeled/background, not confirmed non-manganese."
unlabeled_r333_c85,79.64017565165231,21.69504048889456,359330.0,2399690.0,1260.0,1471.0,1502.0,3311.0,3117.0,2200.0,0.37585705518722534,0.03018045984208584,1.1920634508132935,1.4168181419372559,,unlabeled_background,,0,"Valid Sentinel-2 Phase 4 raster pixel; unlabeled/background, not confirmed non-manganese."
unlabeled_r330_c572,79.73430710623914,21.696327736873624,369070.0,2399750.0,1732.0,2048.0,2488.0,3796.0,4688.0,3695.0,0.20814767479896545,-0.10513908416032791,1.4364895820617676,1.268741488456726,,unlabeled_background,,0,"Valid Sentinel-2 Phase 4 raster pixel; unlabeled/background, not confirmed non-manganese."
unlabeled_r444_c262,79.67457238761814,21.675265430377625,362870.0,2397470.0,1644.0,1938.0,2265.0,2968.0,3556.0,3404.0,0.13433976471424103,-0.09012875705957413,1.377737283706665,1.044653296470642,,unlabeled_background,,0,"Valid Sentinel-2 Phase 4 raster pixel; unlabeled/background, not confirmed non-manganese."
unlabeled_r10_c658,79.75043177858342,21.75426314779487,370790.0,2406150.0,1467.0,1799.0,1951.0,3922.0,3466.0,2537.0,0.33560362458229065,0.06172171235084534,1.3299250602722168,1.3661805391311646,,unlabeled_background,,0,"Valid Sentinel-2 Phase 4 raster pixel; unlabeled/background, not confirmed non-manganese."
unlabeled_r316_c390,79.6991035221744,21.698584570212176,365430.0,2400030.0,1309.0,1518.0,1591.0,2969.0,3418.0,2541.0,0.3021929860115051,-0.07029904425144196,1.215431571006775,1.345139741897583,,unlabeled_background,,0,"Valid Sentinel-2 Phase 4 raster pixel; unlabeled/background, not confirmed non-manganese."
unlabeled_r161_c1,79.62364353634104,21.72597753194087,357650.0,2403130.0,1417.0,1679.0,1919.0,3450.0,3497.0,2476.0,0.2851555347442627,-0.00676551042124629,1.3542696237564087,1.4123586416244507,,unlabeled_background,,0,"Valid Sentinel-2 Phase 4 raster pixel; unlabeled/background, not confirmed non-manganese."
unlabeled_r481_c312,79.68429657656279,21.66865826350866,363870.0,2396730.0,1218.0,1389.0,1427.0,3060.0,3095.0,2301.0,0.3639402687549591,-0.005686433985829353,1.1715928316116333,1.3450673818588257,,unlabeled_background,,0,"Valid Sentinel-2 Phase 4 raster pixel; unlabeled/background, not confirmed non-manganese."
unlabeled_r406_c471,79.71490538815488,21.682447967741084,367050.0,2398230.0,2015.0,2450.0,3133.0,4519.0,5612.0,4415.0,0.1811291128396988,-0.10788668692111969,1.5548386573791504,1.2711211442947388,,unlabeled_background,,0,"Valid Sentinel-2 Phase 4 raster pixel; unlabeled/background, not confirmed non-manganese."
unlabeled_r122_c578,79.7351384614007,21.733912484506625,369190.0,2403910.0,1886.0,2250.0,2426.0,3540.0,3644.0,2993.0,0.18672476708889008,-0.014476615004241467,1.2863202095031738,1.2175074815750122,,unlabeled_background,,0,"Valid Sentinel-2 Phase 4 raster pixel; unlabeled/background, not confirmed non-manganese."
unlabeled_r205_c421,79.70491650761853,21.71868378143809,366050.0,2402250.0,1455.0,1533.0,1738.0,2323.0,3161.0,2682.0,0.14405319094657898,-0.15280817449092865,1.1945017576217651,1.1785980463027954,,unlabeled_background,,0,"Valid Sentinel-2 Phase 4 raster pixel; unlabeled/background, not confirmed non-manganese."
unlabeled_r283_c460,79.71258178377133,21.704651708467274,366830.0,2400690.0,1397.0,1588.0,1768.0,2993.0,3684.0,2716.0,0.25729888677597046,-0.10348959267139435,1.2655690908432007,1.3564064502716064,,unlabeled_background,,0,"Valid Sentinel-2 Phase 4 raster pixel; unlabeled/background, not confirmed non-manganese."
unlabeled_r580_c495,79.7198216671631,21.65105016150699,367530.0,2394750.0,1239.0,1382.0,1386.0,2671.0,3075.0,2263.0,0.31673651933670044,-0.07030978053808212,1.118644118309021,1.3588157892227173,,unlabeled_background,,0,"Valid Sentinel-2 Phase 4 raster pixel; unlabeled/background, not confirmed non-manganese."
unlabeled_r461_c395,79.70030501835525,21.6723976819825,365530.0,2397130.0,1567.0,1805.0,2140.0,2869.0,4213.0,3633.0,0.14553803205490112,-0.18977689743041992,1.3656668663024902,1.1596477031707764,,unlabeled_background,,0,"Valid Sentinel-2 Phase 4 raster pixel; unlabeled/background, not confirmed non-manganese."
unlabeled_r472_c7,79.62533698712932,21.66980635979904,357770.0,2396910.0,1380.0,1619.0,1612.0,2988.0,2613.0,2140.0,0.2991304397583008,0.06695233285427094,1.1681159734725952,1.2210280895233154,,unlabeled_background,,0,"Valid Sentinel-2 Phase 4 raster pixel; unlabeled/background, not confirmed non-manganese."
unlabeled_r575_c274,79.67710746875916,21.651618748974723,363110.0,2394850.0,1439.0,1720.0,1763.0,2453.0,2351.0,1962.0,0.16366223990917206,0.021232306957244873,1.225156307220459,1.1982671022415161,,unlabeled_background,,0,"Valid Sentinel-2 Phase 4 raster pixel; unlabeled/background, not confirmed non-manganese."
unlabeled_r517_c421,79.70542030957314,21.662320432350267,366050.0,2396010.0,1337.0,1536.0,1676.0,2938.0,3736.0,2826.0,0.27351537346839905,-0.11956847459077835,1.2535526752471924,1.3220099210739136,,unlabeled_background,,0,"Valid Sentinel-2 Phase 4 raster pixel; unlabeled/background, not confirmed non-manganese."
unlabeled_r166_c156,79.65361891620903,21.725320615398097,360750.0,2403030.0,1519.0,1847.0,2214.0,3656.0,4207.0,3303.0,0.2456558793783188,-0.07007503509521484,1.4575378894805908,1.2736905813217163,,unlabeled_background,,0,"Valid Sentinel-2 Phase 4 raster pixel; unlabeled/background, not confirmed non-manganese."
unlabeled_r422_c447,79.71029232299854,21.679521531079725,366570.0,2397910.0,1287.0,1584.0,1746.0,2917.0,3316.0,2548.0,0.25112587213516235,-0.06401412189006805,1.3566433191299438,1.30141282081604,,unlabeled_background,,0,"Valid Sentinel-2 Phase 4 raster pixel; unlabeled/background, not confirmed non-manganese."
unlabeled_r31_c214,79.66460706396583,21.749798841210925,361910.0,2405730.0,1203.0,1418.0,1262.0,988.0,1060.0,1100.0,-0.12177778035402298,-0.03515625,1.0490440130233765,0.9636363387107849,,unlabeled_background,,0,"Valid Sentinel-2 Phase 4 raster pixel; unlabeled/background, not confirmed non-manganese."
unlabeled_r362_c251,79.6723107075884,21.690061698593748,362650.0,2399110.0,1805.0,2157.0,2682.0,3894.0,5392.0,4294.0,0.1843065619468689,-0.1613181084394455,1.4858726263046265,1.2557055950164795,,unlabeled_background,,0,"Valid Sentinel-2 Phase 4 raster pixel; unlabeled/background, not confirmed non-manganese."
unlabeled_r266_c234,79.66886536452577,21.707377659426374,362310.0,2401030.0,1610.0,1911.0,2146.0,3543.0,4344.0,3360.0,0.2455616146326065,-0.10155952721834183,1.3329192399978638,1.2928571701049805,,unlabeled_background,,0,"Valid Sentinel-2 Phase 4 raster pixel; unlabeled/background, not confirmed non-manganese."
unlabeled_r102_c598,79.73897400558737,21.73755504311053,369590.0,2404310.0,1808.0,2088.0,2521.0,3849.0,4910.0,3776.0,0.20847724378108978,-0.12113255262374878,1.3943583965301514,1.3003177642822266,,unlabeled_background,,0,"Valid Sentinel-2 Phase 4 raster pixel; unlabeled/background, not confirmed non-manganese."
unlabeled_r23_c403,79.70114112719483,21.751534934411595,365690.0,2405890.0,1521.0,1751.0,2050.0,3097.0,3996.0,3091.0,0.20341946184635162,-0.12674467265605927,1.3477975130081177,1.2927855253219604,,unlabeled_background,,0,"Valid Sentinel-2 Phase 4 raster pixel; unlabeled/background, not confirmed non-manganese."
unlabeled_r85_c501,79.72019111981957,21.740482202116908,367650.0,2404650.0,1557.0,1820.0,2109.0,3328.0,3770.0,2948.0,0.22420452535152435,-0.06227106228470802,1.3545279502868652,1.2788331508636475,,unlabeled_background,,0,"Valid Sentinel-2 Phase 4 raster pixel; unlabeled/background, not confirmed non-manganese."
unlabeled_r2_c402,79.70091362349581,21.75532706820433,365670.0,2406310.0,1352.0,1588.0,1639.0,2669.0,2165.0,1746.0,0.23909007012844086,0.10426148027181625,1.212278127670288,1.2399771213531494,,unlabeled_background,,0,"Valid Sentinel-2 Phase 4 raster pixel; unlabeled/background, not confirmed non-manganese."
unlabeled_r378_c563,79.7326432518339,21.68764307139065,368890.0,2398790.0,1090.0,1171.0,1143.0,1010.0,1153.0,1167.0,-0.06177426874637604,-0.06611188501119614,1.04862380027771,0.9880034327507019,,unlabeled_background,,0,"Valid Sentinel-2 Phase 4 raster pixel; unlabeled/background, not confirmed non-manganese."
unlabeled_r395_c423,79.70561007471625,21.6843630108564,366090.0,2398450.0,1209.0,1353.0,1337.0,2719.0,2892.0,2052.0,0.3407297730445862,-0.03083229437470436,1.105872631072998,1.409356713294983,,unlabeled_background,,0,"Valid Sentinel-2 Phase 4 raster pixel; unlabeled/background, not confirmed non-manganese."
unlabeled_r298_c247,79.67143148771767,21.70161705596556,362570.0,2400390.0,1533.0,1733.0,1965.0,3055.0,4292.0,3306.0,0.21713148057460785,-0.16836804151535034,1.281800389289856,1.2982456684112549,,unlabeled_background,,0,"Valid Sentinel-2 Phase 4 raster pixel; unlabeled/background, not confirmed non-manganese."
unlabeled_r61_c383,79.69733555942067,21.74463983385447,365290.0,2405130.0,1330.0,1538.0,1663.0,3150.0,3758.0,2682.0,0.3089549243450165,-0.0880138948559761,1.2503759860992432,1.4011931419372559,,unlabeled_background,,0,"Valid Sentinel-2 Phase 4 raster pixel; unlabeled/background, not confirmed non-manganese."
unlabeled_r474_c431,79.70728363122744,21.67010354603255,366250.0,2396870.0,1225.0,1443.0,1467.0,2810.0,3254.0,2489.0,0.31400513648986816,-0.07321899384260178,1.1975510120391846,1.3073523044586182,,unlabeled_background,,0,"Valid Sentinel-2 Phase 4 raster pixel; unlabeled/background, not confirmed non-manganese."
unlabeled_r65_c124,79.64726143968451,21.743515512077906,360110.0,2405050.0,1300.0,1643.0,1656.0,3588.0,3085.0,2150.0,0.3684210479259491,0.07537838816642761,1.27384614944458,1.434883713722229,,unlabeled_background,,0,"Valid Sentinel-2 Phase 4 raster pixel; unlabeled/background, not confirmed non-manganese."
unlabeled_r268_c601,79.73981540999381,21.707570979240298,369650.0,2400990.0,1596.0,1842.0,2243.0,3315.0,4607.0,3446.0,0.19287513196468353,-0.16309012472629547,1.4053884744644165,1.3369123935699463,,unlabeled_background,,0,"Valid Sentinel-2 Phase 4 raster pixel; unlabeled/background, not confirmed non-manganese."
unlabeled_r148_c130,79.64856180878392,21.728531320223233,360230.0,2403390.0,1595.0,1886.0,2163.0,3569.0,3976.0,3033.0,0.245289608836174,-0.05394300818443298,1.3561128377914429,1.310913324356079,,unlabeled_background,,0,"Valid Sentinel-2 Phase 4 raster pixel; unlabeled/background, not confirmed non-manganese."
unlabeled_r517_c244,79.67121436368454,21.662050173068653,362510.0,2396010.0,1237.0,1396.0,1443.0,2708.0,3139.0,2354.0,0.3047458529472351,-0.07371301203966141,1.1665319204330444,1.3334749937057495,,unlabeled_background,,0,"Valid Sentinel-2 Phase 4 raster pixel; unlabeled/background, not confirmed non-manganese."
unlabeled_r475_c385,79.69839503710341,21.66985341087872,365330.0,2396850.0,1843.0,2293.0,2893.0,3928.0,5151.0,4233.0,0.1517372876405716,-0.13470646739006042,1.5697232484817505,1.216867446899414,,unlabeled_background,,0,"Valid Sentinel-2 Phase 4 raster pixel; unlabeled/background, not confirmed non-manganese."
unlabeled_r216_c466,79.71363407182629,21.716764392222146,366950.0,2402030.0,1596.0,1822.0,2127.0,3417.0,4438.0,3279.0,0.23268398642539978,-0.1299809068441391,1.3327068090438843,1.3534613847732544,,unlabeled_background,,0,"Valid Sentinel-2 Phase 4 raster pixel; unlabeled/background, not confirmed non-manganese."
unlabeled_r409_c384,79.6980947009081,21.681774899070298,365310.0,2398170.0,1289.0,1490.0,1555.0,3028.0,2996.0,2260.0,0.32140520215034485,0.005312085151672363,1.2063615322113037,1.325663685798645,,unlabeled_background,,0,"Valid Sentinel-2 Phase 4 raster pixel; unlabeled/background, not confirmed non-manganese."
unlabeled_r509_c485,79.71777591717267,21.66386164541028,367330.0,2396170.0,1258.0,1457.0,1511.0,2716.0,3447.0,2590.0,0.2850721478462219,-0.11861106753349304,1.2011128664016724,1.330888032913208,,unlabeled_background,,0,"Valid Sentinel-2 Phase 4 raster pixel; unlabeled/background, not confirmed non-manganese."
unlabeled_r7_c555,79.73050879449156,21.754653478475596,368730.0,2406210.0,1425.0,1781.0,1732.0,4366.0,3804.0,2649.0,0.43194490671157837,0.06878825277090073,1.2154386043548584,1.4360135793685913,,unlabeled_background,,0,"Valid Sentinel-2 Phase 4 raster pixel; unlabeled/background, not confirmed non-manganese."
unlabeled_r90_c646,79.74823644918867,21.73979332134869,370550.0,2404550.0,1565.0,1835.0,2114.0,3463.0,3961.0,3053.0,0.24188631772994995,-0.06707973778247833,1.3507987260818481,1.297412395477295,,unlabeled_background,,0,"Valid Sentinel-2 Phase 4 raster pixel; unlabeled/background, not confirmed non-manganese."
unlabeled_r443_c395,79.7002758677924,21.67564941381388,365530.0,2397490.0,1361.0,1520.0,1692.0,2718.0,3860.0,2983.0,0.23265306651592255,-0.17360900342464447,1.2432035207748413,1.2939993143081665,,unlabeled_background,,0,"Valid Sentinel-2 Phase 4 raster pixel; unlabeled/background, not confirmed non-manganese."
unlabeled_r424_c356,79.69270728720815,21.67902257393699,364750.0,2397870.0,1484.0,1735.0,1842.0,3018.0,3466.0,2693.0,0.2419753074645996,-0.06909315288066864,1.2412399053573608,1.2870404720306396,,unlabeled_background,,0,"Valid Sentinel-2 Phase 4 raster pixel; unlabeled/background, not confirmed non-manganese."
unlabeled_r442_c657,79.75091235623992,21.676218979299577,370770.0,2397510.0,1428.0,1628.0,1795.0,3310.0,3790.0,2847.0,0.29676786065101624,-0.0676056370139122,1.257002830505371,1.331225872039795,,unlabeled_background,,0,"Valid Sentinel-2 Phase 4 raster pixel; unlabeled/background, not confirmed non-manganese."
unlabeled_r141_c131,79.64874332929274,21.729797425365494,360250.0,2403530.0,1284.0,1513.0,1528.0,3290.0,3107.0,2256.0,0.36571192741394043,0.028607159852981567,1.1900311708450317,1.3772163391113281,,unlabeled_background,,0,"Valid Sentinel-2 Phase 4 raster pixel; unlabeled/background, not confirmed non-manganese."
unlabeled_r39_c81,79.63890275218566,21.748144139176073,359250.0,2405570.0,1239.0,1454.0,1427.0,3039.0,2834.0,2028.0,0.36094939708709717,0.03490550071001053,1.1517353057861328,1.3974359035491943,,unlabeled_background,,0,"Valid Sentinel-2 Phase 4 raster pixel; unlabeled/background, not confirmed non-manganese."
unlabeled_r562_c563,79.73293374148166,21.654402709473302,368890.0,2395110.0,1267.0,1499.0,1560.0,2966.0,3200.0,2347.0,0.310649573802948,-0.037950050085783005,1.2312549352645874,1.3634426593780518,,unlabeled_background,,0,"Valid Sentinel-2 Phase 4 raster pixel; unlabeled/background, not confirmed non-manganese."
unlabeled_r312_c570,79.7338920690869,21.699576550691724,369030.0,2400110.0,1522.0,1793.0,1922.0,3196.0,3735.0,3093.0,0.2489253580570221,-0.077766552567482,1.2628121376037598,1.207565426826477,,unlabeled_background,,0,"Valid Sentinel-2 Phase 4 raster pixel; unlabeled/background, not confirmed non-manganese."
unlabeled_r6_c373,79.69531216040372,21.754560341073585,365090.0,2406230.0,1286.0,1481.0,1431.0,1282.0,1496.0,1356.0,-0.054920751601457596,-0.07703384011983871,1.1127526760101318,1.1032447814941406,,unlabeled_background,,0,"Valid Sentinel-2 Phase 4 raster pixel; unlabeled/background, not confirmed non-manganese."
unlabeled_r497_c623,79.74442697235855,21.66623335961179,370090.0,2396410.0,1302.0,1482.0,1598.0,2914.0,3434.0,2528.0,0.2916666567325592,-0.08191556483507156,1.2273426055908203,1.3583860397338867,,unlabeled_background,,0,"Valid Sentinel-2 Phase 4 raster pixel; unlabeled/background, not confirmed non-manganese."
unlabeled_r553_c32,79.63030663554781,21.655213913056144,358270.0,2395290.0,1418.0,1604.0,1717.0,3041.0,3460.0,2639.0,0.2782681882381439,-0.06445161998271942,1.2108603715896606,1.3111027479171753,,unlabeled_background,,0,"Valid Sentinel-2 Phase 4 raster pixel; unlabeled/background, not confirmed non-manganese."
unlabeled_r574_c497,79.72019859313859,21.65213706210577,367570.0,2394870.0,1548.0,1867.0,2159.0,3057.0,3957.0,3178.0,0.17216257750988007,-0.1283147931098938,1.3947027921676636,1.2451226711273193,,unlabeled_background,,0,"Valid Sentinel-2 Phase 4 raster pixel; unlabeled/background, not confirmed non-manganese."
unlabeled_r249_c248,79.6715435542486,21.710470405334622,362590.0,2401370.0,2213.0,2617.0,3112.0,4329.0,5291.0,4290.0,0.16355328261852264,-0.10000000149011612,1.406235933303833,1.2333333492279053,,unlabeled_background,,0,"Valid Sentinel-2 Phase 4 raster pixel; unlabeled/background, not confirmed non-manganese."
unlabeled_r243_c319,79.68525925868944,21.711663764004857,364010.0,2401490.0,1178.0,1394.0,1338.0,3250.0,3107.0,2217.0,0.4167393147945404,0.022494887933135033,1.1358234882354736,1.401443362236023,,unlabeled_background,,0,"Valid Sentinel-2 Phase 4 raster pixel; unlabeled/background, not confirmed non-manganese."
unlabeled_r487_c385,79.69841449380695,21.66768558991488,365330.0,2396610.0,1275.0,1440.0,1516.0,2982.0,3416.0,2478.0,0.3259226381778717,-0.06783369928598404,1.1890195608139038,1.3785310983657837,,unlabeled_background,,0,"Valid Sentinel-2 Phase 4 raster pixel; unlabeled/background, not confirmed non-manganese."
unlabeled_r429_c349,79.69136250554544,21.678108652983223,364610.0,2397770.0,2102.0,2582.0,3279.0,4541.0,5733.0,4567.0,0.1613810807466507,-0.11602102220058441,1.5599429607391357,1.255309820175171,,unlabeled_background,,0,"Valid Sentinel-2 Phase 4 raster pixel; unlabeled/background, not confirmed non-manganese."
unlabeled_r471_c325,79.6867926280606,21.670484669440803,364130.0,2396930.0,1258.0,1513.0,1544.0,2756.0,3370.0,2532.0,0.28186047077178955,-0.10022853314876556,1.2273449897766113,1.3309636116027832,,unlabeled_background,,0,"Valid Sentinel-2 Phase 4 raster pixel; unlabeled/background, not confirmed non-manganese."
unlabeled_r578_c524,79.72542250565547,21.651454570456803,368110.0,2394790.0,1352.0,1531.0,1650.0,2760.0,3358.0,2581.0,0.25170066952705383,-0.09774436056613922,1.220414161682129,1.3010461330413818,,unlabeled_background,,0,"Valid Sentinel-2 Phase 4 raster pixel; unlabeled/background, not confirmed non-manganese."
unlabeled_r245_c343,79.68990220727117,21.711339209062867,364490.0,2401450.0,1249.0,1437.0,1525.0,2807.0,3165.0,2350.0,0.2959372103214264,-0.059946417808532715,1.2209768295288086,1.3468085527420044,,unlabeled_background,,0,"Valid Sentinel-2 Phase 4 raster pixel; unlabeled/background, not confirmed non-manganese."
unlabeled_r457_c32,79.63014287064165,21.672556007365873,358270.0,2397210.0,1297.0,1479.0,1524.0,3029.0,3109.0,2300.0,0.33055129647254944,-0.013033561408519745,1.1750192642211914,1.3517391681671143,,unlabeled_background,,0,"Valid Sentinel-2 Phase 4 raster pixel; unlabeled/background, not confirmed non-manganese."
unlabeled_r137_c329,79.68701863459881,21.730827967888818,364210.0,2403610.0,1321.0,1569.0,1560.0,3131.0,3384.0,2559.0,0.33489662408828735,-0.038833461701869965,1.180923581123352,1.3223915100097656,,unlabeled_background,,0,"Valid Sentinel-2 Phase 4 raster pixel; unlabeled/background, not confirmed non-manganese."
unlabeled_r565_c314,79.68482067255854,21.65348664926992,363910.0,2395050.0,1321.0,1530.0,1604.0,3238.0,3231.0,2431.0,0.3374638557434082,0.001082083792425692,1.2142316102981567,1.329082727432251,,unlabeled_background,,0,"Valid Sentinel-2 Phase 4 raster pixel; unlabeled/background, not confirmed non-manganese."
unlabeled_r354_c506,79.72158741687068,21.69189419057477,367750.0,2399270.0,1571.0,1859.0,2221.0,3195.0,4064.0,3324.0,0.17983752489089966,-0.11971345543861389,1.4137492179870605,1.222623348236084,,unlabeled_background,,0,"Valid Sentinel-2 Phase 4 raster pixel; unlabeled/background, not confirmed non-manganese."
unlabeled_r148_c507,79.72145196563778,21.729110094570906,367770.0,2403390.0,1574.0,1870.0,2219.0,3894.0,4781.0,3653.0,0.2740062177181244,-0.10224784165620804,1.409783959388733,1.3087873458862305,,unlabeled_background,,0,"Valid Sentinel-2 Phase 4 raster pixel; unlabeled/background, not confirmed non-manganese."
unlabeled_r245_c40,79.6313271562733,21.710865779935684,358430.0,2401450.0,1404.0,1594.0,1777.0,3183.0,3741.0,2857.0,0.28346773982048035,-0.08058925718069077,1.2656694650650024,1.3094154596328735,,unlabeled_background,,0,"Valid Sentinel-2 Phase 4 raster pixel; unlabeled/background, not confirmed non-manganese."
unlabeled_r124_c542,79.72818093458227,21.73349786060934,368470.0,2403870.0,1772.0,2073.0,2470.0,3840.0,4689.0,3675.0,0.21711568534374237,-0.09954273700714111,1.3939051628112793,1.2759183645248413,,unlabeled_background,,0,"Valid Sentinel-2 Phase 4 raster pixel; unlabeled/background, not confirmed non-manganese."
unlabeled_r581_c542,79.72890561903942,21.650939265247292,368470.0,2394730.0,1432.0,1661.0,1886.0,3092.0,3744.0,2821.0,0.2422659695148468,-0.09537741541862488,1.317039132118225,1.3271889686584473,,unlabeled_background,,0,"Valid Sentinel-2 Phase 4 raster pixel; unlabeled/background, not confirmed non-manganese."
unlabeled_r188_c647,79.74858307530681,21.72209069805756,370570.0,2402590.0,1990.0,2393.0,2922.0,4452.0,4765.0,3693.0,0.20748576521873474,-0.03395899012684822,1.4683417081832886,1.2902789115905762,,unlabeled_background,,0,"Valid Sentinel-2 Phase 4 raster pixel; unlabeled/background, not confirmed non-manganese."
unlabeled_r132_c363,79.69358422661622,21.73178320955883,364890.0,2403710.0,1278.0,1508.0,1582.0,3248.0,3330.0,2497.0,0.3449275493621826,-0.012465795502066612,1.2378716468811035,1.3336002826690674,,unlabeled_background,,0,"Valid Sentinel-2 Phase 4 raster pixel; unlabeled/background, not confirmed non-manganese."
unlabeled_r564_c176,79.65815175914473,21.65345396696876,361150.0,2395070.0,1286.0,1491.0,1624.0,2992.0,3482.0,2512.0,0.29636049270629883,-0.07568736374378204,1.2628304958343506,1.3861465454101562,,unlabeled_background,,0,"Valid Sentinel-2 Phase 4 raster pixel; unlabeled/background, not confirmed non-manganese."
unlabeled_r190_c415,79.70373224014223,21.72138447479963,365930.0,2402550.0,1266.0,1473.0,1545.0,3103.0,3283.0,2395.0,0.33519792556762695,-0.028186658397316933,1.220379114151001,1.3707724809646606,,unlabeled_background,,0,"Valid Sentinel-2 Phase 4 raster pixel; unlabeled/background, not confirmed non-manganese."
unlabeled_r293_c513,79.72284330408493,21.702924440871843,367890.0,2400490.0,1374.0,1556.0,1777.0,2835.0,3819.0,2873.0,0.22940155863761902,-0.14788097143173218,1.293304204940796,1.3292725086212158,,unlabeled_background,,0,"Valid Sentinel-2 Phase 4 raster pixel; unlabeled/background, not confirmed non-manganese."
unlabeled_r282_c372,79.69556872699009,21.704699360433573,365070.0,2400710.0,1245.0,1424.0,1415.0,2909.0,2852.0,2045.0,0.34551340341567993,0.009894115850329399,1.1365461349487305,1.3946210145950317,,unlabeled_background,,0,"Valid Sentinel-2 Phase 4 raster pixel; unlabeled/background, not confirmed non-manganese."
unlabeled_r200_c75,79.63801664475042,21.71905060672923,359130.0,2402350.0,1213.0,1411.0,1449.0,2852.0,2872.0,2077.0,0.32620319724082947,-0.003494060132652521,1.1945589780807495,1.3827636241912842,,unlabeled_background,,0,"Valid Sentinel-2 Phase 4 raster pixel; unlabeled/background, not confirmed non-manganese."
unlabeled_r254_c602,79.73998670939226,21.710101602503382,369670.0,2401270.0,1530.0,1747.0,2037.0,3229.0,4383.0,3261.0,0.22635777294635773,-0.15160273015499115,1.3313724994659424,1.3440662622451782,,unlabeled_background,,0,"Valid Sentinel-2 Phase 4 raster pixel; unlabeled/background, not confirmed non-manganese."
unlabeled_r588_c64,79.63654972219807,21.64894213919025,358910.0,2394590.0,1223.0,1384.0,1446.0,2814.0,3052.0,2275.0,0.3211267590522766,-0.040572792291641235,1.1823384761810303,1.341538429260254,,unlabeled_background,,0,"Valid Sentinel-2 Phase 4 raster pixel; unlabeled/background, not confirmed non-manganese."
unlabeled_r62_c515,79.722861445833,21.744658101987714,367930.0,2405110.0,1358.0,1600.0,1669.0,3465.0,3343.0,2414.0,0.3498246967792511,0.01792009361088276,1.229013204574585,1.3848384618759155,,unlabeled_background,,0,"Valid Sentinel-2 Phase 4 raster pixel; unlabeled/background, not confirmed non-manganese."
unlabeled_r575_c343,79.6904409998442,21.65172442041762,364490.0,2394850.0,1570.0,1807.0,2094.0,3487.0,4389.0,3303.0,0.24959684908390045,-0.11452513933181763,1.333757996559143,1.3287919759750366,,unlabeled_background,,0,"Valid Sentinel-2 Phase 4 raster pixel; unlabeled/background, not confirmed non-manganese."
unlabeled_r234_c287,79.67905819514246,21.713240412659502,363370.0,2401670.0,1741.0,2019.0,2397.0,3561.0,4645.0,3601.0,0.19536757469177246,-0.1320984661579132,1.3767949342727661,1.2899194955825806,,unlabeled_background,,0,"Valid Sentinel-2 Phase 4 raster pixel; unlabeled/background, not confirmed non-manganese."
unlabeled_r583_c303,79.68272452223584,21.65021808394923,363690.0,2394690.0,1309.0,1529.0,1646.0,2822.0,3805.0,2830.0,0.26320502161979675,-0.14833258092403412,1.257448434829712,1.3445229530334473,,unlabeled_background,,0,"Valid Sentinel-2 Phase 4 raster pixel; unlabeled/background, not confirmed non-manganese."
unlabeled_r291_c90,79.6410709171194,21.702635580884824,359430.0,2400530.0,1312.0,1509.0,1677.0,3081.0,3457.0,2582.0,0.2950819730758667,-0.05750994011759758,1.2782012224197388,1.3388845920562744,,unlabeled_background,,0,"Valid Sentinel-2 Phase 4 raster pixel; unlabeled/background, not confirmed non-manganese."
unlabeled_r245_c203,79.66283762868927,21.711123034390514,361690.0,2401450.0,1196.0,1387.0,1404.0,2896.0,3150.0,2335.0,0.34697675704956055,-0.04201124608516693,1.1739130020141602,1.349036455154419,,unlabeled_background,,0,"Valid Sentinel-2 Phase 4 raster pixel; unlabeled/background, not confirmed non-manganese."
unlabeled_r305_c128,79.64844009717956,21.70016657292642,360190.0,2400250.0,1744.0,2008.0,2353.0,3594.0,4881.0,3917.0,0.20867665112018585,-0.1518584042787552,1.349197268486023,1.246106743812561,,unlabeled_background,,0,"Valid Sentinel-2 Phase 4 raster pixel; unlabeled/background, not confirmed non-manganese."
unlabeled_r94_c15,79.6262351932089,21.73810322002419,357930.0,2404470.0,1290.0,1568.0,1548.0,3471.0,2882.0,2095.0,0.3831440508365631,0.09271210432052612,1.2000000476837158,1.3756563663482666,,unlabeled_background,,0,"Valid Sentinel-2 Phase 4 raster pixel; unlabeled/background, not confirmed non-manganese."
unlabeled_r297_c388,79.69868606682162,21.702013906828434,365390.0,2400410.0,1277.0,1449.0,1467.0,2955.0,3029.0,2194.0,0.33649933338165283,-0.012366309762001038,1.148786187171936,1.38058340549469,,unlabeled_background,,0,"Valid Sentinel-2 Phase 4 raster pixel; unlabeled/background, not confirmed non-manganese."
unlabeled_r69_c238,79.66931116655586,21.74297160541123,362390.0,2404970.0,1626.0,1840.0,2046.0,3150.0,4144.0,3546.0,0.2124711275100708,-0.13627639412879944,1.2583025693893433,1.1686407327651978,,unlabeled_background,,0,"Valid Sentinel-2 Phase 4 raster pixel; unlabeled/background, not confirmed non-manganese."
unlabeled_r111_c27,79.62858454096057,21.73505149048447,358170.0,2404130.0,1327.0,1614.0,1653.0,3523.0,3141.0,2188.0,0.3612828552722931,0.05732293054461479,1.2456668615341187,1.4355576038360596,,unlabeled_background,,0,"Valid Sentinel-2 Phase 4 raster pixel; unlabeled/background, not confirmed non-manganese."
unlabeled_r28_c334,79.68780655220347,21.75052641702061,364310.0,2405790.0,1608.0,1899.0,2281.0,3663.0,4489.0,3536.0,0.23250336945056915,-0.10132482647895813,1.418532371520996,1.2695136070251465,,unlabeled_background,,0,"Valid Sentinel-2 Phase 4 raster pixel; unlabeled/background, not confirmed non-manganese."
unlabeled_r46_c170,79.65612405457482,21.74702025901781,361030.0,2405430.0,1473.0,1716.0,2008.0,3484.0,4356.0,3238.0,0.2687545418739319,-0.11122448742389679,1.3632043600082397,1.345274806022644,,unlabeled_background,,0,"Valid Sentinel-2 Phase 4 raster pixel; unlabeled/background, not confirmed non-manganese."
unlabeled_r107_c71,79.63708498775416,21.735844321400236,359050.0,2404210.0,1279.0,1493.0,1406.0,3690.0,3015.0,2084.0,0.4481946527957916,0.10067114233970642,1.0992963314056396,1.4467370510101318,,unlabeled_background,,0,"Valid Sentinel-2 Phase 4 raster pixel; unlabeled/background, not confirmed non-manganese."
unlabeled_r74_c373,79.69542311987,21.742276155095524,365090.0,2404870.0,1289.0,1455.0,1562.0,2741.0,3458.0,2585.0,0.27399489283561707,-0.11566381901502609,1.2117921113967896,1.3377176523208618,,unlabeled_background,,0,"Valid Sentinel-2 Phase 4 raster pixel; unlabeled/background, not confirmed non-manganese."
unlabeled_r200_c115,79.64574969160668,21.71911400162218,359930.0,2402350.0,1553.0,1912.0,2170.0,3777.0,4125.0,3104.0,0.2702202796936035,-0.04403948411345482,1.397295594215393,1.328930377960205,,unlabeled_background,,0,"Valid Sentinel-2 Phase 4 raster pixel; unlabeled/background, not confirmed non-manganese."
unlabeled_r575_c420,79.70532054310729,21.651841080574282,366030.0,2394850.0,1222.0,1351.0,1376.0,2896.0,3119.0,2267.0,0.35580524802207947,-0.03707398101687431,1.1260229349136353,1.3758270740509033,,unlabeled_background,,0,"Valid Sentinel-2 Phase 4 raster pixel; unlabeled/background, not confirmed non-manganese."
unlabeled_r19_c168,79.65569192659632,21.751894583609406,360990.0,2405970.0,1899.0,2244.0,2809.0,4040.0,5035.0,3963.0,0.1797342747449875,-0.10964187234640121,1.4791995286941528,1.2705020904541016,,unlabeled_background,,0,"Valid Sentinel-2 Phase 4 raster pixel; unlabeled/background, not confirmed non-manganese."
unlabeled_r335_c517,79.72368342878592,21.695342975275835,367970.0,2399650.0,1963.0,2323.0,2787.0,3594.0,4348.0,4098.0,0.1264692097902298,-0.09493830054998398,1.4197657108306885,1.0610053539276123,,unlabeled_background,,0,"Valid Sentinel-2 Phase 4 raster pixel; unlabeled/background, not confirmed non-manganese."
unlabeled_r455_c281,79.67826264270269,21.673307569593984,363250.0,2397250.0,1230.0,1398.0,1407.0,2714.0,2937.0,2151.0,0.31715601682662964,-0.03946204110980034,1.1439024209976196,1.365411400794983,,unlabeled_background,,0,"Valid Sentinel-2 Phase 4 raster pixel; unlabeled/background, not confirmed non-manganese."
unlabeled_r108_c522,79.72428838294795,21.736358547575797,368070.0,2404190.0,1452.0,1680.0,1838.0,2483.0,2457.0,2057.0,0.14927099645137787,0.005263158120214939,1.2658401727676392,1.1944580078125,,unlabeled_background,,0,"Valid Sentinel-2 Phase 4 raster pixel; unlabeled/background, not confirmed non-manganese."
unlabeled_r377_c221,79.66653696174876,21.687305440242557,362050.0,2398810.0,1754.0,1999.0,2419.0,3402.0,4681.0,3755.0,0.16887132823467255,-0.15823332965373993,1.3791334629058838,1.246604561805725,,unlabeled_background,,0,"Valid Sentinel-2 Phase 4 raster pixel; unlabeled/background, not confirmed non-manganese."
unlabeled_r517_c539,79.72822456696879,21.662496692115642,368410.0,2396010.0,1400.0,1602.0,1788.0,3002.0,3924.0,3137.0,0.2534446716308594,-0.1331215649843216,1.277142882347107,1.2508766651153564,,unlabeled_background,,0,"Valid Sentinel-2 Phase 4 raster pixel; unlabeled/background, not confirmed non-manganese."
unlabeled_r326_c304,79.68249593736691,21.69664679710654,363710.0,2399830.0,1745.0,1948.0,2304.0,3241.0,4224.0,3592.0,0.16898106038570404,-0.1316811740398407,1.3203438520431519,1.175946593284607,,unlabeled_background,,0,"Valid Sentinel-2 Phase 4 raster pixel; unlabeled/background, not confirmed non-manganese."
unlabeled_r140_c533,79.72646623077793,21.730594047532254,368290.0,2403550.0,1470.0,1707.0,1970.0,3252.0,4283.0,3211.0,0.24549980461597443,-0.13682813942432404,1.3401360511779785,1.3338524103164673,,unlabeled_background,,0,"Valid Sentinel-2 Phase 4 raster pixel; unlabeled/background, not confirmed non-manganese."
unlabeled_r515_c495,79.7197180687507,21.66279264096826,367530.0,2396050.0,1289.0,1436.0,1490.0,2870.0,3406.0,2553.0,0.3165137469768524,-0.08540471643209457,1.1559348106384277,1.3341166973114014,,unlabeled_background,,0,"Valid Sentinel-2 Phase 4 raster pixel; unlabeled/background, not confirmed non-manganese."
unlabeled_r555_c133,79.64982733215666,21.655012455562602,360290.0,2395250.0,1395.0,1581.0,1812.0,2679.0,3906.0,2990.0,0.1930527687072754,-0.186332568526268,1.2989246845245361,1.3063545227050781,,unlabeled_background,,0,"Valid Sentinel-2 Phase 4 raster pixel; unlabeled/background, not confirmed non-manganese."
unlabeled_r82_c324,79.68596157499229,21.740756016601534,364110.0,2404710.0,1781.0,2080.0,2637.0,3971.0,5245.0,4143.0,0.20187650620937347,-0.1382378488779068,1.4806288480758667,1.2659908533096313,,unlabeled_background,,0,"Valid Sentinel-2 Phase 4 raster pixel; unlabeled/background, not confirmed non-manganese."
unlabeled_r167_c253,79.67237419530056,21.725291351731077,362690.0,2403010.0,1319.0,1477.0,1601.0,2722.0,3511.0,2821.0,0.25931066274642944,-0.12658430635929108,1.2137982845306396,1.2445940971374512,,unlabeled_background,,0,"Valid Sentinel-2 Phase 4 raster pixel; unlabeled/background, not confirmed non-manganese."
unlabeled_r73_c315,79.68420654174405,21.742368035615563,363930.0,2404890.0,1398.0,1592.0,1789.0,2996.0,3831.0,2899.0,0.252246618270874,-0.12230847775936127,1.2796852588653564,1.3214901685714722,,unlabeled_background,,0,"Valid Sentinel-2 Phase 4 raster pixel; unlabeled/background, not confirmed non-manganese."
unlabeled_r472_c425,79.70612081205869,21.670455814502404,366130.0,2396910.0,1238.0,1435.0,1490.0,2984.0,3116.0,2299.0,0.3339293599128723,-0.021639343351125717,1.2035541534423828,1.3553719520568848,,unlabeled_background,,0,"Valid Sentinel-2 Phase 4 raster pixel; unlabeled/background, not confirmed non-manganese."
unlabeled_r538_c323,79.6865157041172,21.658377995064583,364090.0,2395590.0,1304.0,1520.0,1682.0,2771.0,3790.0,2875.0,0.24455423653125763,-0.1553116887807846,1.2898772954940796,1.318260908126831,,unlabeled_background,,0,"Valid Sentinel-2 Phase 4 raster pixel; unlabeled/background, not confirmed non-manganese."
unlabeled_r535_c439,79.70892784770476,21.659095773622,366410.0,2395650.0,1311.0,1542.0,1709.0,2922.0,3629.0,2788.0,0.2619304656982422,-0.10792245715856552,1.3035850524902344,1.3016499280929565,,unlabeled_background,,0,"Valid Sentinel-2 Phase 4 raster pixel; unlabeled/background, not confirmed non-manganese."
unlabeled_r105_c606,79.7405255964915,21.737024858391216,369750.0,2404250.0,1597.0,1880.0,2260.0,3073.0,3945.0,3185.0,0.15244702994823456,-0.12425192445516586,1.4151533842086792,1.2386184930801392,,unlabeled_background,,0,"Valid Sentinel-2 Phase 4 raster pixel; unlabeled/background, not confirmed non-manganese."
unlabeled_r106_c151,79.6525512156104,21.736151577090776,360650.0,2404230.0,1539.0,1876.0,2243.0,3792.0,4041.0,2917.0,0.25666943192481995,-0.03178858757019043,1.45743989944458,1.3853273391723633,,unlabeled_background,,0,"Valid Sentinel-2 Phase 4 raster pixel; unlabeled/background, not confirmed non-manganese."
unlabeled_r345_c62,79.63575031528566,21.692836210840124,358870.0,2399450.0,1222.0,1419.0,1377.0,3184.0,2797.0,1958.0,0.396185040473938,0.06470490247011185,1.1268411874771118,1.4284985065460205,,unlabeled_background,,0,"Valid Sentinel-2 Phase 4 raster pixel; unlabeled/background, not confirmed non-manganese."
unlabeled_r192_c496,79.71939555694863,21.721144972600662,367550.0,2402510.0,1410.0,1608.0,1742.0,3261.0,3660.0,2762.0,0.30361783504486084,-0.05765062943100929,1.2354609966278076,1.3251267671585083,,unlabeled_background,,0,"Valid Sentinel-2 Phase 4 raster pixel; unlabeled/background, not confirmed non-manganese."
unlabeled_r350_c557,79.73143921035286,21.69269250735362,368770.0,2399350.0,1227.0,1512.0,1377.0,4040.0,2676.0,2047.0,0.49160051345825195,0.20309707522392273,1.1222493648529053,1.3072789907455444,,unlabeled_background,,0,"Valid Sentinel-2 Phase 4 raster pixel; unlabeled/background, not confirmed non-manganese."
unlabeled_r382_c270,79.67601623636844,21.686478064759527,363030.0,2398710.0,1223.0,1404.0,1412.0,2605.0,2878.0,2154.0,0.2969878017902374,-0.04979025945067406,1.1545380353927612,1.3361188173294067,,unlabeled_background,,0,"Valid Sentinel-2 Phase 4 raster pixel; unlabeled/background, not confirmed non-manganese."
unlabeled_r10_c120,79.64639489075405,21.753444729897293,360030.0,2406150.0,1332.0,1616.0,1700.0,3570.0,3136.0,2198.0,0.35483869910240173,0.06471816450357437,1.2762762308120728,1.4267516136169434,,unlabeled_background,,0,"Valid Sentinel-2 Phase 4 raster pixel; unlabeled/background, not confirmed non-manganese."
unlabeled_r430_c537,79.7277001618678,21.678210611597034,368370.0,2397750.0,2306.0,2886.0,3551.0,4089.0,5103.0,4523.0,0.07041884958744049,-0.11031331866979599,1.5398958921432495,1.1282334327697754,,unlabeled_background,,0,"Valid Sentinel-2 Phase 4 raster pixel; unlabeled/background, not confirmed non-manganese."
unlabeled_r187_c339,79.68903398452339,21.72181079586507,364410.0,2402610.0,1542.0,1833.0,1942.0,2967.0,2486.0,1896.0,0.20880016684532166,0.08820832520723343,1.2594033479690552,1.3111814260482788,,unlabeled_background,,0,"Valid Sentinel-2 Phase 4 raster pixel; unlabeled/background, not confirmed non-manganese."
unlabeled_r554_c467,79.71436930511078,21.655705351457033,366970.0,2395270.0,1353.0,1599.0,1715.0,3309.0,4085.0,3128.0,0.31727707386016846,-0.1049499586224556,1.2675535678863525,1.3059463500976562,,unlabeled_background,,0,"Valid Sentinel-2 Phase 4 raster pixel; unlabeled/background, not confirmed non-manganese."
unlabeled_r533_c326,79.6870872770795,21.659285835968387,364150.0,2395690.0,1366.0,1564.0,1732.0,2901.0,3677.0,2811.0,0.2523203194141388,-0.11796898394823074,1.2679356336593628,1.3080754280090332,,unlabeled_background,,0,"Valid Sentinel-2 Phase 4 raster pixel; unlabeled/background, not confirmed non-manganese."
unlabeled_r249_c216,79.66535741831012,21.710420700106837,361950.0,2401370.0,1304.0,1532.0,1704.0,3043.0,3858.0,2934.0,0.28207290172576904,-0.11809882521629333,1.3067485094070435,1.314928412437439,,unlabeled_background,,0,"Valid Sentinel-2 Phase 4 raster pixel; unlabeled/background, not confirmed non-manganese."
unlabeled_r190_c607,79.7408526965291,21.721670787653608,369770.0,2402550.0,1875.0,2247.0,2707.0,3601.0,4986.0,3986.0,0.14172479510307312,-0.16129031777381897,1.4437333345413208,1.250878095626831,,unlabeled_background,,0,"Valid Sentinel-2 Phase 4 raster pixel; unlabeled/background, not confirmed non-manganese."
unlabeled_r324_c388,79.69872990274509,21.69713632716465,365390.0,2399870.0,1323.0,1532.0,1627.0,3017.0,3639.0,2687.0,0.29931095242500305,-0.09344951808452606,1.2297807931900024,1.35429847240448,,unlabeled_background,,0,"Valid Sentinel-2 Phase 4 raster pixel; unlabeled/background, not confirmed non-manganese."
unlabeled_r178_c634,79.74605401364703,21.723878230950813,370310.0,2402790.0,1304.0,1538.0,1455.0,3927.0,3102.0,2274.0,0.45930880308151245,0.11737088859081268,1.115797519683838,1.3641160726547241,,unlabeled_background,,0,"Valid Sentinel-2 Phase 4 raster pixel; unlabeled/background, not confirmed non-manganese."
unlabeled_r439_c44,79.63243135734444,21.675826776684215,358510.0,2397570.0,1201.0,1401.0,1430.0,2941.0,2904.0,2132.0,0.34568747878074646,0.006330196745693684,1.1906744241714478,1.3621013164520264,,unlabeled_background,,0,"Valid Sentinel-2 Phase 4 raster pixel; unlabeled/background, not confirmed non-manganese."
unlabeled_r52_c289,79.67914448530058,21.74612161880798,363410.0,2405310.0,1496.0,1739.0,2013.0,3419.0,4229.0,3187.0,0.2588365375995636,-0.1059100404381752,1.345588207244873,1.3269532918930054,,unlabeled_background,,0,"Valid Sentinel-2 Phase 4 raster pixel; unlabeled/background, not confirmed non-manganese."
unlabeled_r315_c378,79.69678225791777,21.698747003974653,365190.0,2400050.0,1204.0,1359.0,1343.0,2609.0,2734.0,1999.0,0.32034412026405334,-0.023395096883177757,1.1154484748840332,1.3676838874816895,,unlabeled_background,,0,"Valid Sentinel-2 Phase 4 raster pixel; unlabeled/background, not confirmed non-manganese."
unlabeled_r19_c109,79.64428305843087,21.75180150096961,359810.0,2405970.0,1236.0,1443.0,1449.0,3559.0,3098.0,2149.0,0.4213258922100067,0.06925041228532791,1.1723301410675049,1.4416007995605469,,unlabeled_background,,0,"Valid Sentinel-2 Phase 4 raster pixel; unlabeled/background, not confirmed non-manganese."
unlabeled_r524_c472,79.71528755705356,21.66113242479765,367070.0,2395870.0,1193.0,1396.0,1326.0,2961.0,2755.0,2038.0,0.38138559460639954,0.036039188504219055,1.1114836931228638,1.3518154621124268,,unlabeled_background,,0,"Valid Sentinel-2 Phase 4 raster pixel; unlabeled/background, not confirmed non-manganese."
unlabeled_r57_c146,79.65150185801728,21.744995396990138,360550.0,2405210.0,1227.0,1399.0,1434.0,3111.0,3232.0,2290.0,0.368976891040802,-0.019076146185398102,1.1687041521072388,1.4113537073135376,,unlabeled_background,,0,"Valid Sentinel-2 Phase 4 raster pixel; unlabeled/background, not confirmed non-manganese."
unlabeled_r78_c537,79.72714098299615,21.74180043782856,368370.0,2404790.0,1369.0,1663.0,1719.0,2935.0,3152.0,2553.0,0.2612806260585785,-0.03564974665641785,1.2556610107421875,1.2346259355545044,,unlabeled_background,,0,"Valid Sentinel-2 Phase 4 raster pixel; unlabeled/background, not confirmed non-manganese."
unlabeled_r440_c565,79.73312774914638,21.676445481696167,368930.0,2397550.0,1512.0,1737.0,2090.0,3423.0,4353.0,3331.0,0.24179212749004364,-0.11959876865148544,1.382275104522705,1.3068147897720337,,unlabeled_background,,0,"Valid Sentinel-2 Phase 4 raster pixel; unlabeled/background, not confirmed non-manganese."
unlabeled_r421_c2,79.62428327059676,21.67901130647214,357670.0,2397930.0,1228.0,1461.0,1414.0,3213.0,2880.0,2070.0,0.3888048529624939,0.05465288087725639,1.1514657735824585,1.39130437374115,,unlabeled_background,,0,"Valid Sentinel-2 Phase 4 raster pixel; unlabeled/background, not confirmed non-manganese."
unlabeled_r145_c496,79.71932036224214,21.729635617122124,367550.0,2403450.0,1390.0,1620.0,1790.0,3275.0,3626.0,2742.0,0.29318854212760925,-0.05086219310760498,1.2877697944641113,1.322392463684082,,unlabeled_background,,0,"Valid Sentinel-2 Phase 4 raster pixel; unlabeled/background, not confirmed non-manganese."
unlabeled_r447_c287,79.6794090869605,21.67476200363146,363370.0,2397410.0,1244.0,1463.0,1475.0,3256.0,3025.0,2146.0,0.3764531910419464,0.03677758201956749,1.1856913566589355,1.4095993041992188,,unlabeled_background,,0,"Valid Sentinel-2 Phase 4 raster pixel; unlabeled/background, not confirmed non-manganese."
unlabeled_r180_c82,79.63933593733536,21.722674652177854,359270.0,2402750.0,1227.0,1388.0,1394.0,3277.0,2710.0,1906.0,0.40312567353248596,0.09470519423484802,1.1361043453216553,1.4218257665634155,,unlabeled_background,,0,"Valid Sentinel-2 Phase 4 raster pixel; unlabeled/background, not confirmed non-manganese."
unlabeled_r243_c487,79.71773720615771,21.711918255945672,367370.0,2401490.0,1757.0,2036.0,2476.0,3727.0,4906.0,3681.0,0.201676607131958,-0.13656897842884064,1.4092202186584473,1.3327900171279907,,unlabeled_background,,0,"Valid Sentinel-2 Phase 4 raster pixel; unlabeled/background, not confirmed non-manganese."
unlabeled_r81_c161,79.65444266355591,21.74068347712741,360850.0,2404730.0,1490.0,1779.0,2072.0,3583.0,4159.0,3060.0,0.2671971619129181,-0.07439938187599182,1.390604019165039,1.3591502904891968,,unlabeled_background,,0,"Valid Sentinel-2 Phase 4 raster pixel; unlabeled/background, not confirmed non-manganese."
unlabeled_r472_c20,79.6278493566839,21.66982715019363,358030.0,2396910.0,1430.0,1676.0,1740.0,2580.0,2724.0,2173.0,0.1944444477558136,-0.027149321511387825,1.2167831659317017,1.2535665035247803,,unlabeled_background,,0,"Valid Sentinel-2 Phase 4 raster pixel; unlabeled/background, not confirmed non-manganese."
unlabeled_r533_c438,79.7087313808026,21.659455576200646,366390.0,2395690.0,1338.0,1531.0,1653.0,3029.0,3614.0,2681.0,0.2938914895057678,-0.08806262165307999,1.2354260683059692,1.3480044603347778,,unlabeled_background,,0,"Valid Sentinel-2 Phase 4 raster pixel; unlabeled/background, not confirmed non-manganese."
unlabeled_r192_c226,79.6671957270874,21.720733219876262,362150.0,2402510.0,1582.0,1783.0,1874.0,3356.0,3551.0,2963.0,0.2833651900291443,-0.028232228010892868,1.1845765113830566,1.1984474658966064,,unlabeled_background,,0,"Valid Sentinel-2 Phase 4 raster pixel; unlabeled/background, not confirmed non-manganese."
unlabeled_r515_c49,79.63352707023616,21.662105570073283,358610.0,2396050.0,1320.0,1519.0,1649.0,2668.0,3895.0,2946.0,0.2360435426235199,-0.18695718050003052,1.2492424249649048,1.3221317529678345,,unlabeled_background,,0,"Valid Sentinel-2 Phase 4 raster pixel; unlabeled/background, not confirmed non-manganese."
unlabeled_r382_c608,79.74134765225926,21.686986688410204,369790.0,2398710.0,1791.0,2054.0,2355.0,3177.0,3785.0,3236.0,0.14859002828598022,-0.08733122795820236,1.3149079084396362,1.1696538925170898,,unlabeled_background,,0,"Valid Sentinel-2 Phase 4 raster pixel; unlabeled/background, not confirmed non-manganese."
unlabeled_r4_c373,79.69530889570149,21.75492164037717,365090.0,2406270.0,1582.0,1859.0,2022.0,3413.0,3910.0,3096.0,0.2559337615966797,-0.06786835938692093,1.278128981590271,1.2629199028015137,,unlabeled_background,,0,"Valid Sentinel-2 Phase 4 raster pixel; unlabeled/background, not confirmed non-manganese."
unlabeled_r291_c403,79.7015759651062,21.703120550887526,365690.0,2400530.0,1567.0,1901.0,2250.0,3597.0,4064.0,3081.0,0.2303745448589325,-0.060958098620176315,1.4358646869659424,1.3190522193908691,,unlabeled_background,,0,"Valid Sentinel-2 Phase 4 raster pixel; unlabeled/background, not confirmed non-manganese."
unlabeled_r166_c309,79.68319944331041,21.72555843165905,363810.0,2403030.0,1611.0,1798.0,2151.0,3155.0,4350.0,3487.0,0.18921975791454315,-0.1592271775007248,1.335195541381836,1.247490644454956,,unlabeled_background,,0,"Valid Sentinel-2 Phase 4 raster pixel; unlabeled/background, not confirmed non-manganese."
unlabeled_r107_c231,79.6680209241401,21.736096094778613,362250.0,2404210.0,1901.0,2161.0,2551.0,3690.0,4577.0,3638.0,0.18250280618667603,-0.10729406028985977,1.3419252634048462,1.2581088542938232,,unlabeled_background,,0,"Valid Sentinel-2 Phase 4 raster pixel; unlabeled/background, not confirmed non-manganese."
unlabeled_r233_c361,79.69336238787702,21.7135344876637,364850.0,2401690.0,1293.0,1522.0,1573.0,2837.0,3259.0,2508.0,0.2866213023662567,-0.0692257210612297,1.2165507078170776,1.2994418144226074,,unlabeled_background,,0,"Valid Sentinel-2 Phase 4 raster pixel; unlabeled/background, not confirmed non-manganese."
unlabeled_r36_c401,79.7007755059217,21.749183446374342,365650.0,2405630.0,1382.0,1722.0,1640.0,4204.0,3347.0,2476.0,0.4387405812740326,0.11349490284919739,1.1866859197616577,1.3517770767211914,,unlabeled_background,,0,"Valid Sentinel-2 Phase 4 raster pixel; unlabeled/background, not confirmed non-manganese."
unlabeled_r55_c368,79.69442529461953,21.745700879187538,364990.0,2405250.0,1499.0,1761.0,2007.0,3458.0,3963.0,2943.0,0.2655077874660492,-0.06805013120174408,1.3388925790786743,1.3465851545333862,,unlabeled_background,,0,"Valid Sentinel-2 Phase 4 raster pixel; unlabeled/background, not confirmed non-manganese."
unlabeled_r230_c273,79.67634508795298,21.713941411787538,363090.0,2401750.0,1434.0,1664.0,1738.0,3090.0,3598.0,2649.0,0.280033141374588,-0.07595694065093994,1.2119944095611572,1.3582483530044556,,unlabeled_background,,0,"Valid Sentinel-2 Phase 4 raster pixel; unlabeled/background, not confirmed non-manganese."
unlabeled_r281_c639,79.74718184771632,21.705278164680163,370410.0,2400730.0,1580.0,1856.0,2145.0,3461.0,4552.0,3617.0,0.2347484827041626,-0.13615375757217407,1.3575949668884277,1.2585015296936035,,unlabeled_background,,0,"Valid Sentinel-2 Phase 4 raster pixel; unlabeled/background, not confirmed non-manganese."
unlabeled_r440_c283,79.67862448108826,21.676020400596233,363290.0,2397550.0,1365.0,1595.0,1846.0,2903.0,4009.0,3015.0,0.2225731760263443,-0.16001157462596893,1.3523809909820557,1.329684853553772,,unlabeled_background,,0,"Valid Sentinel-2 Phase 4 raster pixel; unlabeled/background, not confirmed non-manganese."
unlabeled_r229_c515,79.72312792494776,21.71448918839992,367930.0,2401770.0,1262.0,1442.0,1484.0,2932.0,3155.0,2296.0,0.3278985619544983,-0.03663545101881027,1.1759113073349,1.3741289377212524,,unlabeled_background,,0,"Valid Sentinel-2 Phase 4 raster pixel; unlabeled/background, not confirmed non-manganese."
unlabeled_r66_c269,79.67530037489973,21.743561631517817,363010.0,2405030.0,1603.0,1800.0,2092.0,3259.0,4092.0,3228.0,0.21809007227420807,-0.11331791430711746,1.3050529956817627,1.267657995223999,,unlabeled_background,,0,"Valid Sentinel-2 Phase 4 raster pixel; unlabeled/background, not confirmed non-manganese."
unlabeled_r485_c532,79.72682102335132,21.668267246452245,368270.0,2396650.0,1634.0,1796.0,2040.0,3238.0,3727.0,3195.0,0.22697991132736206,-0.07020818442106247,1.2484700679779053,1.1665102243423462,,unlabeled_background,,0,"Valid Sentinel-2 Phase 4 raster pixel; unlabeled/background, not confirmed non-manganese."
unlabeled_r200_c231,79.6681756862535,21.719295806876797,362250.0,2402350.0,1502.0,1771.0,2036.0,3385.0,4146.0,3154.0,0.2488470822572708,-0.10104899853467941,1.3555259704589844,1.3145211935043335,,unlabeled_background,,0,"Valid Sentinel-2 Phase 4 raster pixel; unlabeled/background, not confirmed non-manganese."
unlabeled_r271_c0,79.62363926474299,21.706104956098113,357630.0,2400930.0,1549.0,1796.0,2079.0,3663.0,4158.0,3120.0,0.27586206793785095,-0.06329113990068436,1.342156171798706,1.332692265510559,,unlabeled_background,,0,"Valid Sentinel-2 Phase 4 raster pixel; unlabeled/background, not confirmed non-manganese."
unlabeled_r448_c50,79.63360628756504,21.67421050847517,358630.0,2397390.0,1242.0,1382.0,1387.0,2519.0,2756.0,1988.0,0.28981053829193115,-0.044928908348083496,1.1167471408843994,1.3863178491592407,,unlabeled_background,,0,"Valid Sentinel-2 Phase 4 raster pixel; unlabeled/background, not confirmed non-manganese."
unlabeled_r98_c231,79.66800593920901,21.737721927228524,362250.0,2404390.0,2147.0,2556.0,3197.0,4561.0,5217.0,4172.0,0.17581850290298462,-0.06708938628435135,1.4890544414520264,1.2504793405532837,,unlabeled_background,,0,"Valid Sentinel-2 Phase 4 raster pixel; unlabeled/background, not confirmed non-manganese."
unlabeled_r147_c32,79.62961292629139,21.72855626479424,358270.0,2403410.0,1304.0,1597.0,1581.0,3527.0,3097.0,2189.0,0.3809710144996643,0.06491545587778091,1.212423324584961,1.4148012399673462,,unlabeled_background,,0,"Valid Sentinel-2 Phase 4 raster pixel; unlabeled/background, not confirmed non-manganese."
unlabeled_r402_c23,79.62830948648875,21.682477191159872,358090.0,2398310.0,1521.0,1822.0,2080.0,3370.0,3881.0,2858.0,0.2366972416639328,-0.07047303766012192,1.3675214052200317,1.3579425811767578,,unlabeled_background,,0,"Valid Sentinel-2 Phase 4 raster pixel; unlabeled/background, not confirmed non-manganese."
unlabeled_r76_c405,79.70161394040744,21.74196350505487,365730.0,2404830.0,1671.0,1930.0,2314.0,3443.0,4668.0,3629.0,0.1961090862751007,-0.15102946758270264,1.3847994804382324,1.2863047122955322,,unlabeled_background,,0,"Valid Sentinel-2 Phase 4 raster pixel; unlabeled/background, not confirmed non-manganese."
unlabeled_r480_c208,79.66419573206973,21.668678368287797,361790.0,2396750.0,1261.0,1461.0,1460.0,2876.0,3012.0,2210.0,0.32656827569007874,-0.023097826167941093,1.1578112840652466,1.3628959655761719,,unlabeled_background,,0,"Valid Sentinel-2 Phase 4 raster pixel; unlabeled/background, not confirmed non-manganese."
unlabeled_r549_c482,79.71726003218117,21.65663103515098,367270.0,2395370.0,1276.0,1466.0,1504.0,2585.0,3498.0,2628.0,0.26436781883239746,-0.15009041130542755,1.1786834001541138,1.3310502767562866,,unlabeled_background,,0,"Valid Sentinel-2 Phase 4 raster pixel; unlabeled/background, not confirmed non-manganese."
unlabeled_r234_c52,79.6336281660005,21.712872029419096,358670.0,2401670.0,1195.0,1346.0,1372.0,2586.0,2921.0,2163.0,0.3067205548286438,-0.060831669718027115,1.148117184638977,1.350439190864563,,unlabeled_background,,0,"Valid Sentinel-2 Phase 4 raster pixel; unlabeled/background, not confirmed non-manganese."
unlabeled_r83_c650,79.74899894930158,21.741063744273024,370630.0,2404690.0,1588.0,1884.0,2107.0,3522.0,3638.0,2896.0,0.25137680768966675,-0.016201118007302284,1.3268262147903442,1.2562154531478882,,unlabeled_background,,0,"Valid Sentinel-2 Phase 4 raster pixel; unlabeled/background, not confirmed non-manganese."
unlabeled_r160_c78,79.63852859944865,21.726281220515407,359190.0,2403150.0,1668.0,1975.0,2524.0,3754.0,4439.0,3263.0,0.19592227041721344,-0.08360795676708221,1.513189435005188,1.3604044914245605,,unlabeled_background,,0,"Valid Sentinel-2 Phase 4 raster pixel; unlabeled/background, not confirmed non-manganese."
unlabeled_r524_c111,79.64552375204438,21.66057792616459,359850.0,2395870.0,1198.0,1412.0,1352.0,2899.0,2719.0,1948.0,0.3639143705368042,0.03203987330198288,1.1285475492477417,1.3957905769348145,,unlabeled_background,,0,"Valid Sentinel-2 Phase 4 raster pixel; unlabeled/background, not confirmed non-manganese."
unlabeled_r157_c333,79.68782480844922,21.727221104682286,364290.0,2403210.0,1785.0,2138.0,2611.0,3783.0,5284.0,4308.0,0.18329684436321259,-0.16554538905620575,1.4627450704574585,1.2265552282333374,,unlabeled_background,,0,"Valid Sentinel-2 Phase 4 raster pixel; unlabeled/background, not confirmed non-manganese."
unlabeled_r324_c646,79.74860220366538,21.697520240172462,370550.0,2399870.0,1317.0,1494.0,1601.0,2757.0,2663.0,2049.0,0.2652592957019806,0.017343172803521156,1.2156416177749634,1.2996584177017212,,unlabeled_background,,0,"Valid Sentinel-2 Phase 4 raster pixel; unlabeled/background, not confirmed non-manganese."
unlabeled_r2_c342,79.68931089605317,21.755235557704523,364470.0,2406310.0,1381.0,1509.0,1730.0,2844.0,3891.0,2954.0,0.24355050921440125,-0.1554565727710724,1.2527154684066772,1.3171969652175903,,unlabeled_background,,0,"Valid Sentinel-2 Phase 4 raster pixel; unlabeled/background, not confirmed non-manganese."
unlabeled_r110_c556,79.73086565889237,21.7360477668054,368750.0,2404150.0,1958.0,2369.0,2914.0,4440.0,5058.0,3949.0,0.20750612020492554,-0.06506633013486862,1.4882533550262451,1.2808306217193604,,unlabeled_background,,0,"Valid Sentinel-2 Phase 4 raster pixel; unlabeled/background, not confirmed non-manganese."
unlabeled_r457_c605,79.74088548933197,21.673433199407913,369730.0,2397210.0,1209.0,1403.0,1432.0,2606.0,3086.0,2281.0,0.29073798656463623,-0.08432888239622116,1.1844499111175537,1.3529154062271118,,unlabeled_background,,0,"Valid Sentinel-2 Phase 4 raster pixel; unlabeled/background, not confirmed non-manganese."
unlabeled_r426_c120,79.64709783418266,21.67829560753161,360030.0,2397830.0,1226.0,1343.0,1389.0,2611.0,3054.0,2186.0,0.30550000071525574,-0.07819946855306625,1.1329526901245117,1.3970723152160645,,unlabeled_background,,0,"Valid Sentinel-2 Phase 4 raster pixel; unlabeled/background, not confirmed non-manganese."
unlabeled_r138_c377,79.69630086453886,21.730720641578767,365170.0,2403590.0,1405.0,1603.0,1838.0,3203.0,3712.0,2842.0,0.2707796096801758,-0.07360810041427612,1.30818510055542,1.3061224222183228,,unlabeled_background,,0,"Valid Sentinel-2 Phase 4 raster pixel; unlabeled/background, not confirmed non-manganese."
unlabeled_r2_c95,79.6415469874853,21.754850275473373,359530.0,2406310.0,1279.0,1568.0,1504.0,3511.0,2968.0,2145.0,0.40019941329956055,0.08380922675132751,1.175918698310852,1.3836829662322998,,unlabeled_background,,0,"Valid Sentinel-2 Phase 4 raster pixel; unlabeled/background, not confirmed non-manganese."
unlabeled_r133_c89,79.64060943153937,21.731176136145013,359410.0,2403690.0,1232.0,1375.0,1471.0,3179.0,2963.0,2098.0,0.36731183528900146,0.03516769781708717,1.1939934492111206,1.4122973680496216,,unlabeled_background,,0,"Valid Sentinel-2 Phase 4 raster pixel; unlabeled/background, not confirmed non-manganese."
unlabeled_r167_c633,79.74584343874099,21.725863959880844,370290.0,2403010.0,1938.0,2290.0,2643.0,4201.0,4684.0,3609.0,0.2276446521282196,-0.05436128377914429,1.3637770414352417,1.2978664636611938,,unlabeled_background,,0,"Valid Sentinel-2 Phase 4 raster pixel; unlabeled/background, not confirmed non-manganese."
unlabeled_r443_c203,79.6631678047669,21.675354605423962,361690.0,2397490.0,1340.0,1514.0,1660.0,2562.0,3551.0,2736.0,0.21364282071590424,-0.16178636252880096,1.2388060092926025,1.2978801727294922,,unlabeled_background,,0,"Valid Sentinel-2 Phase 4 raster pixel; unlabeled/background, not confirmed non-manganese."
unlabeled_r357_c29,79.62939224627856,21.69061585782101,358210.0,2399210.0,1217.0,1389.0,1431.0,2784.0,2851.0,2020.0,0.3209964334964752,-0.011889973655343056,1.17584228515625,1.4113861322402954,,unlabeled_background,,0,"Valid Sentinel-2 Phase 4 raster pixel; unlabeled/background, not confirmed non-manganese."
unlabeled_r376_c426,79.70615927973824,21.687799921157637,366150.0,2398830.0,1267.0,1434.0,1490.0,2842.0,3469.0,2480.0,0.3120960295200348,-0.09935034066438675,1.1760063171386719,1.3987903594970703,,unlabeled_background,,0,"Valid Sentinel-2 Phase 4 raster pixel; unlabeled/background, not confirmed non-manganese."
unlabeled_r108_c163,79.65487477770398,21.735809149826636,360890.0,2404190.0,1178.0,1353.0,1422.0,2733.0,3107.0,2213.0,0.3155234754085541,-0.06404109299182892,1.2071306705474854,1.403976559638977,,unlabeled_background,,0,"Valid Sentinel-2 Phase 4 raster pixel; unlabeled/background, not confirmed non-manganese."
unlabeled_r340_c571,79.73412959371781,21.69451972415991,369050.0,2399550.0,1530.0,1755.0,1992.0,3379.0,3753.0,3131.0,0.25823870301246643,-0.05243970826268196,1.301960825920105,1.1986585855484009,,unlabeled_background,,0,"Valid Sentinel-2 Phase 4 raster pixel; unlabeled/background, not confirmed non-manganese."
unlabeled_r16_c483,79.71659988163546,21.75292020083033,367290.0,2406030.0,1514.0,1769.0,1811.0,3857.0,3709.0,2725.0,0.36097389459609985,0.019561195746064186,1.196169137954712,1.3611009120941162,,unlabeled_background,,0,"Valid Sentinel-2 Phase 4 raster pixel; unlabeled/background, not confirmed non-manganese."
unlabeled_r174_c46,79.63236579111793,21.723701208821936,358550.0,2402870.0,1286.0,1497.0,1461.0,3498.0,2892.0,2017.0,0.4107683002948761,0.09483568370342255,1.1360808610916138,1.4338126182556152,,unlabeled_background,,0,"Valid Sentinel-2 Phase 4 raster pixel; unlabeled/background, not confirmed non-manganese."
unlabeled_r512_c461,79.713142527559,21.66328379681753,366850.0,2396110.0,1241.0,1423.0,1417.0,2931.0,3101.0,2273.0,0.3482060730457306,-0.028183024376630783,1.1418211460113525,1.3642762899398804,,unlabeled_background,,0,"Valid Sentinel-2 Phase 4 raster pixel; unlabeled/background, not confirmed non-manganese."
unlabeled_r509_c417,79.70463438273813,21.663759621140574,365970.0,2396170.0,1647.0,1971.0,2447.0,3540.0,4907.0,3867.0,0.1825622171163559,-0.16183260083198547,1.485731601715088,1.2689423561096191,,unlabeled_background,,0,"Valid Sentinel-2 Phase 4 raster pixel; unlabeled/background, not confirmed non-manganese."
unlabeled_r434_c453,79.7114712666954,21.677362712084072,366690.0,2397670.0,1163.0,1347.0,1344.0,2749.0,2903.0,2150.0,0.3432689905166626,-0.02724699303507805,1.1556320190429688,1.3502326011657715,,unlabeled_background,,0,"Valid Sentinel-2 Phase 4 raster pixel; unlabeled/background, not confirmed non-manganese."
unlabeled_r19_c621,79.74329082021315,21.752583078360196,370050.0,2405970.0,1697.0,2059.0,2356.0,3797.0,4245.0,3225.0,0.23419469594955444,-0.05570753663778305,1.3883323669433594,1.3162790536880493,,unlabeled_background,,0,"Valid Sentinel-2 Phase 4 raster pixel; unlabeled/background, not confirmed non-manganese."
unlabeled_r3_c599,79.73901124813558,21.755441156634667,369610.0,2406290.0,1414.0,1709.0,1705.0,3912.0,3409.0,2402.0,0.392914354801178,0.0687064602971077,1.2057991027832031,1.4192339181900024,,unlabeled_background,,0,"Valid Sentinel-2 Phase 4 raster pixel; unlabeled/background, not confirmed non-manganese."
unlabeled_r81_c604,79.74010107958527,21.741357592137657,369710.0,2404730.0,1713.0,2037.0,2311.0,3881.0,4268.0,3212.0,0.25355297327041626,-0.04749048873782158,1.349095106124878,1.32876718044281,,unlabeled_background,,0,"Valid Sentinel-2 Phase 4 raster pixel; unlabeled/background, not confirmed non-manganese."
unlabeled_r192_c252,79.67222232317793,21.72077358538933,362670.0,2402510.0,1668.0,1971.0,2359.0,3574.0,4424.0,3448.0,0.20478679239749908,-0.10627657175064087,1.4142686128616333,1.2830626964569092,,unlabeled_background,,0,"Valid Sentinel-2 Phase 4 raster pixel; unlabeled/background, not confirmed non-manganese."
unlabeled_r394_c544,79.7289960763797,21.684724512104875,368510.0,2398470.0,1800.0,2060.0,2645.0,3431.0,4427.0,3947.0,0.12936142086982727,-0.12674981355667114,1.4694443941116333,1.1216113567352295,,unlabeled_background,,0,"Valid Sentinel-2 Phase 4 raster pixel; unlabeled/background, not confirmed non-manganese."
unlabeled_r410_c327,79.68707935962988,21.681507424671825,364170.0,2398150.0,1834.0,2204.0,2634.0,3775.0,4897.0,3916.0,0.17803089320659637,-0.12938192486763,1.4362050294876099,1.2505106925964355,,unlabeled_background,,0,"Valid Sentinel-2 Phase 4 raster pixel; unlabeled/background, not confirmed non-manganese."
unlabeled_r524_c549,79.73016821076962,21.66124690640229,368610.0,2395870.0,1424.0,1646.0,1919.0,2884.0,3958.0,3075.0,0.2009160965681076,-0.15697164833545685,1.3476123809814453,1.2871544361114502,,unlabeled_background,,0,"Valid Sentinel-2 Phase 4 raster pixel; unlabeled/background, not confirmed non-manganese."
unlabeled_r347_c422,79.7053393015623,21.693032789603006,366070.0,2399410.0,1228.0,1515.0,1465.0,3044.0,2770.0,2027.0,0.3501885235309601,0.0471276231110096,1.1929967403411865,1.3665515184402466,,unlabeled_background,,0,"Valid Sentinel-2 Phase 4 raster pixel; unlabeled/background, not confirmed non-manganese."
unlabeled_r579_c484,79.71769441548157,21.651214416984892,367310.0,2394770.0,1684.0,2006.0,2369.0,3584.0,4852.0,3785.0,0.20409877598285675,-0.15030820667743683,1.4067696332931519,1.2819021940231323,,unlabeled_background,,0,"Valid Sentinel-2 Phase 4 raster pixel; unlabeled/background, not confirmed non-manganese."
unlabeled_r254_c633,79.7459796923009,21.710147058966015,370290.0,2401270.0,2093.0,2553.0,3205.0,4547.0,5520.0,4420.0,0.17311660945415497,-0.09665242582559586,1.531294822692871,1.2488688230514526,,unlabeled_background,,0,"Valid Sentinel-2 Phase 4 raster pixel; unlabeled/background, not confirmed non-manganese."
unlabeled_r579_c81,79.63981943780479,21.65059490305058,359250.0,2394770.0,1262.0,1436.0,1483.0,2736.0,3135.0,2384.0,0.2969897985458374,-0.06796116381883621,1.1751188039779663,1.315016746520996,,unlabeled_background,,0,"Valid Sentinel-2 Phase 4 raster pixel; unlabeled/background, not confirmed non-manganese."
unlabeled_r46_c586,79.73656524189603,21.74765391312976,369350.0,2405430.0,1279.0,1336.0,1427.0,1714.0,2278.0,2152.0,0.09137217700481415,-0.1412825584411621,1.1157153844833374,1.058550238609314,,unlabeled_background,,0,"Valid Sentinel-2 Phase 4 raster pixel; unlabeled/background, not confirmed non-manganese."
unlabeled_r309_c533,79.72673494568934,21.70006373415866,368290.0,2400170.0,1247.0,1433.0,1491.0,2714.0,3046.0,2198.0,0.29084423184394836,-0.05763888731598854,1.1956696510314941,1.3858052492141724,,unlabeled_background,,0,"Valid Sentinel-2 Phase 4 raster pixel; unlabeled/background, not confirmed non-manganese."
unlabeled_r595_c397,79.7009083287289,21.648193326898703,365570.0,2394450.0,1776.0,2111.0,2532.0,3729.0,4842.0,3917.0,0.19118352234363556,-0.12985649704933167,1.425675630569458,1.2361501455307007,,unlabeled_background,,0,"Valid Sentinel-2 Phase 4 raster pixel; unlabeled/background, not confirmed non-manganese."
unlabeled_r433_c418,79.7047050048426,21.677490693457564,365990.0,2397690.0,1337.0,1495.0,1617.0,2835.0,3466.0,2581.0,0.27358490228652954,-0.10014283657073975,1.2094241380691528,1.3428903818130493,,unlabeled_background,,0,"Valid Sentinel-2 Phase 4 raster pixel; unlabeled/background, not confirmed non-manganese."
unlabeled_r408_c168,79.65634477281442,21.6816226667765,360990.0,2398190.0,1328.0,1464.0,1617.0,2680.0,3205.0,2462.0,0.24738189578056335,-0.08920985460281372,1.2176204919815063,1.3017871379852295,,unlabeled_background,,0,"Valid Sentinel-2 Phase 4 raster pixel; unlabeled/background, not confirmed non-manganese."
unlabeled_r247_c51,79.63345702694428,21.710522036983935,358650.0,2401410.0,1231.0,1388.0,1364.0,2900.0,3029.0,2191.0,0.3602251410484314,-0.0217574629932642,1.1080422401428223,1.3824737071990967,,unlabeled_background,,0,"Valid Sentinel-2 Phase 4 raster pixel; unlabeled/background, not confirmed non-manganese."
unlabeled_r486_c415,79.70421074856736,21.66791160595982,365930.0,2396630.0,1347.0,1572.0,1729.0,3079.0,3872.0,2820.0,0.2807820439338684,-0.11408430337905884,1.2835931777954102,1.3730496168136597,,unlabeled_background,,0,"Valid Sentinel-2 Phase 4 raster pixel; unlabeled/background, not confirmed non-manganese."
unlabeled_r301_c203,79.66293108091237,21.70100672716835,361690.0,2400330.0,1275.0,1519.0,1478.0,3299.0,3203.0,2234.0,0.3812015950679779,0.014764687977731228,1.1592156887054443,1.433751106262207,,unlabeled_background,,0,"Valid Sentinel-2 Phase 4 raster pixel; unlabeled/background, not confirmed non-manganese."
unlabeled_r500_c13,79.6265444441251,21.664757859187862,357890.0,2396350.0,1241.0,1372.0,1388.0,2893.0,2846.0,2076.0,0.35155338048934937,0.008189580403268337,1.1184529066085815,1.3709056377410889,,unlabeled_background,,0,"Valid Sentinel-2 Phase 4 raster pixel; unlabeled/background, not confirmed non-manganese."
unlabeled_r135_c362,79.69339577787456,21.731239733991057,364870.0,2403650.0,1382.0,1542.0,1726.0,2963.0,3981.0,3045.0,0.2638089060783386,-0.1466013789176941,1.2489145994186401,1.3073891401290894,,unlabeled_background,,0,"Valid Sentinel-2 Phase 4 raster pixel; unlabeled/background, not confirmed non-manganese."
unlabeled_r79_c571,79.7337169242695,21.741670208285615,369050.0,2404770.0,1186.0,1426.0,1220.0,4440.0,2351.0,1651.0,0.5689045786857605,0.3076130151748657,1.0286678075790405,1.423985481262207,,unlabeled_background,,0,"Valid Sentinel-2 Phase 4 raster pixel; unlabeled/background, not confirmed non-manganese."
unlabeled_r298_c124,79.64765508024354,21.701424798730805,360110.0,2400390.0,1677.0,1893.0,2107.0,3468.0,3877.0,3004.0,0.24412555992603302,-0.05568413808941841,1.2564102411270142,1.2906124591827393,,unlabeled_background,,0,"Valid Sentinel-2 Phase 4 raster pixel; unlabeled/background, not confirmed non-manganese."
unlabeled_r2_c547,79.72895379839144,21.755544861300095,368570.0,2406310.0,1296.0,1611.0,1479.0,4221.0,3101.0,2233.0,0.4810526371002197,0.15296366810798645,1.141203761100769,1.3887147903442383,,unlabeled_background,,0,"Valid Sentinel-2 Phase 4 raster pixel; unlabeled/background, not confirmed non-manganese."
unlabeled_r368_c588,79.73745979497654,21.689486465509773,369390.0,2398990.0,1785.0,2036.0,2223.0,3462.0,3829.0,3303.0,0.21794195473194122,-0.05033602938055992,1.2453781366348267,1.159249186515808,,unlabeled_background,,0,"Valid Sentinel-2 Phase 4 raster pixel; unlabeled/background, not confirmed non-manganese."
unlabeled_r306_c59,79.63510404309666,21.699876651983754,358810.0,2400230.0,1378.0,1645.0,1877.0,3523.0,3615.0,2576.0,0.30481481552124023,-0.012888764031231403,1.3621189594268799,1.4033385515213013,,unlabeled_background,,0,"Valid Sentinel-2 Phase 4 raster pixel; unlabeled/background, not confirmed non-manganese."
unlabeled_r202_c422,79.70510498673735,21.719227246034865,366070.0,2402310.0,1343.0,1523.0,1686.0,2966.0,3585.0,2611.0,0.27515047788619995,-0.09448938816785812,1.2553983926773071,1.3730370998382568,,unlabeled_background,,0,"Valid Sentinel-2 Phase 4 raster pixel; unlabeled/background, not confirmed non-manganese."
unlabeled_r513_c191,79.66096533996601,21.662690474330585,361450.0,2396090.0,1300.0,1505.0,1601.0,2734.0,3415.0,2566.0,0.2613610029220581,-0.11074971407651901,1.2315384149551392,1.3308651447296143,,unlabeled_background,,0,"Valid Sentinel-2 Phase 4 raster pixel; unlabeled/background, not confirmed non-manganese."
unlabeled_r201_c12,79.62583886960789,21.718769383011107,357870.0,2402330.0,1220.0,1383.0,1415.0,2712.0,2826.0,2138.0,0.31427186727523804,-0.02058504894375801,1.1598360538482666,1.3217960596084595,,unlabeled_background,,0,"Valid Sentinel-2 Phase 4 raster pixel; unlabeled/background, not confirmed non-manganese."
unlabeled_r81_c84,79.63955429901904,21.74056178709761,359310.0,2404730.0,1306.0,1628.0,1644.0,3611.0,3072.0,2121.0,0.3743101954460144,0.0806524008512497,1.258805513381958,1.4483734369277954,,unlabeled_background,,0,"Valid Sentinel-2 Phase 4 raster pixel; unlabeled/background, not confirmed non-manganese."
unlabeled_r312_c164,79.65541070317965,21.69895862452424,360910.0,2400110.0,1489.0,1720.0,1915.0,2903.0,4064.0,3527.0,0.2050643414258957,-0.16664274036884308,1.2860980033874512,1.1522539854049683,,unlabeled_background,,0,"Valid Sentinel-2 Phase 4 raster pixel; unlabeled/background, not confirmed non-manganese."
unlabeled_r437_c600,79.73988772051888,21.677038955389715,369630.0,2397610.0,1285.0,1464.0,1561.0,2659.0,3592.0,2643.0,0.26018956303596497,-0.1492561250925064,1.2147859334945679,1.3590617179870605,,unlabeled_background,,0,"Valid Sentinel-2 Phase 4 raster pixel; unlabeled/background, not confirmed non-manganese."
unlabeled_r40_c163,79.65476040754622,21.748093143311518,360890.0,2405550.0,2051.0,2495.0,3046.0,4322.0,6009.0,5471.0,0.17318132519721985,-0.1632949411869049,1.4851292371749878,1.0983366966247559,,unlabeled_background,,0,"Valid Sentinel-2 Phase 4 raster pixel; unlabeled/background, not confirmed non-manganese."
unlabeled_r203_c626,79.74454649279619,21.71935016817778,370150.0,2402290.0,2028.0,2478.0,3034.0,4325.0,5893.0,4833.0,0.17543144524097443,-0.15345469117164612,1.496055245399475,1.2193254232406616,,unlabeled_background,,0,"Valid Sentinel-2 Phase 4 raster pixel; unlabeled/background, not confirmed non-manganese."
unlabeled_r175_c265,79.67470748406967,21.723864741617735,362930.0,2402850.0,1213.0,1313.0,1445.0,2462.0,3502.0,2621.0,0.26030200719833374,-0.1743796169757843,1.1912612915039062,1.33613121509552,,unlabeled_background,,0,"Valid Sentinel-2 Phase 4 raster pixel; unlabeled/background, not confirmed non-manganese."
unlabeled_r271_c330,79.68743165276427,21.706622419737776,364230.0,2400930.0,1227.0,1392.0,1433.0,2655.0,3096.0,2236.0,0.29892367124557495,-0.07668231427669525,1.16788911819458,1.384615421295166,,unlabeled_background,,0,"Valid Sentinel-2 Phase 4 raster pixel; unlabeled/background, not confirmed non-manganese."
unlabeled_r331_c367,79.69468197665839,21.695839862495912,364970.0,2399730.0,1223.0,1391.0,1366.0,2875.0,2694.0,1954.0,0.35581231117248535,0.03250134736299515,1.116925597190857,1.378710389137268,,unlabeled_background,,0,"Valid Sentinel-2 Phase 4 raster pixel; unlabeled/background, not confirmed non-manganese."
unlabeled_r61_c572,79.73388179082175,21.744923434961436,369070.0,2405130.0,1383.0,1672.0,1692.0,3783.0,3501.0,2470.0,0.381917804479599,0.03871499001979828,1.2234272956848145,1.4174089431762695,,unlabeled_background,,0,"Valid Sentinel-2 Phase 4 raster pixel; unlabeled/background, not confirmed non-manganese."
unlabeled_r340_c290,79.67981280206683,21.69409617384597,363430.0,2399550.0,1297.0,1467.0,1622.0,2707.0,3521.0,2738.0,0.2506352365016937,-0.13070006668567657,1.2505782842636108,1.2859752178192139,,unlabeled_background,,0,"Valid Sentinel-2 Phase 4 raster pixel; unlabeled/background, not confirmed non-manganese."
unlabeled_r235_c482,79.71675777700459,21.71335599046854,367270.0,2401650.0,1776.0,2037.0,2559.0,3630.0,5122.0,3841.0,0.1730489581823349,-0.1704753190279007,1.4408783912658691,1.3335069417953491,,unlabeled_background,,0,"Valid Sentinel-2 Phase 4 raster pixel; unlabeled/background, not confirmed non-manganese."
unlabeled_r598_c80,79.6396583675991,21.647161011202677,359230.0,2394390.0,1318.0,1445.0,1503.0,2806.0,3133.0,2345.0,0.30239033699035645,-0.055059775710105896,1.140364170074463,1.3360340595245361,,unlabeled_background,,0,"Valid Sentinel-2 Phase 4 raster pixel; unlabeled/background, not confirmed non-manganese."
unlabeled_r30_c549,79.72938507109825,21.750489572922145,368610.0,2405750.0,1531.0,1808.0,2076.0,2929.0,3553.0,2849.0,0.17042957246303558,-0.09626658260822296,1.3559764623641968,1.247104287147522,,unlabeled_background,,0,"Valid Sentinel-2 Phase 4 raster pixel; unlabeled/background, not confirmed non-manganese."
unlabeled_r583_c434,79.70803878902316,21.650416925807864,366310.0,2394690.0,1199.0,1364.0,1407.0,2966.0,3124.0,2215.0,0.3565058410167694,-0.025944171473383904,1.1734778881072998,1.410383701324463,,unlabeled_background,,0,"Valid Sentinel-2 Phase 4 raster pixel; unlabeled/background, not confirmed non-manganese."
unlabeled_r294_c171,79.65673363860473,21.702221257105336,361050.0,2400470.0,1688.0,1943.0,2200.0,3447.0,4433.0,3437.0,0.2208252102136612,-0.1251268982887268,1.3033175468444824,1.2897876501083374,,unlabeled_background,,0,"Valid Sentinel-2 Phase 4 raster pixel; unlabeled/background, not confirmed non-manganese."
unlabeled_r561_c322,79.68636006913786,21.654221489876047,364070.0,2395130.0,1263.0,1480.0,1511.0,2930.0,3143.0,2357.0,0.3195226192474365,-0.03507327660918236,1.1963578462600708,1.3334747552871704,,unlabeled_background,,0,"Valid Sentinel-2 Phase 4 raster pixel; unlabeled/background, not confirmed non-manganese."
unlabeled_r77_c605,79.74028814298894,21.74208167623413,369730.0,2404810.0,1333.0,1560.0,1702.0,3633.0,3175.0,2406.0,0.3619493842124939,0.06727379560470581,1.2768192291259766,1.3196176290512085,,unlabeled_background,,0,"Valid Sentinel-2 Phase 4 raster pixel; unlabeled/background, not confirmed non-manganese."
unlabeled_r461_c170,79.6568200455853,21.67205142529445,361030.0,2397130.0,1216.0,1416.0,1396.0,2829.0,2721.0,1969.0,0.3391715884208679,0.01945945993065834,1.1480263471603394,1.3819197416305542,,unlabeled_background,,0,"Valid Sentinel-2 Phase 4 raster pixel; unlabeled/background, not confirmed non-manganese."
unlabeled_r23_c601,79.73942955469734,21.751831047851578,369650.0,2405890.0,1467.0,1674.0,1812.0,3641.0,3505.0,2783.0,0.3354116976261139,0.019031625241041183,1.2351738214492798,1.259432315826416,,unlabeled_background,,0,"Valid Sentinel-2 Phase 4 raster pixel; unlabeled/background, not confirmed non-manganese."
unlabeled_r316_c260,79.6739742370083,21.69838548947117,362830.0,2400030.0,1466.0,1734.0,1889.0,2551.0,1818.0,1582.0,0.14909909665584564,0.16777294874191284,1.288540244102478,1.1491782665252686,,unlabeled_background,,0,"Valid Sentinel-2 Phase 4 raster pixel; unlabeled/background, not confirmed non-manganese."
unlabeled_r355_c448,79.71037788016005,21.691626733728796,366590.0,2399250.0,1216.0,1376.0,1455.0,2794.0,3012.0,2227.0,0.3151329755783081,-0.037547364830970764,1.1965460777282715,1.352492094039917,,unlabeled_background,,0,"Valid Sentinel-2 Phase 4 raster pixel; unlabeled/background, not confirmed non-manganese."
unlabeled_r12_c66,79.63595621458036,21.752997683100887,358950.0,2406110.0,1272.0,1541.0,1551.0,3234.0,2880.0,2035.0,0.35172414779663086,0.05789990350604057,1.2193396091461182,1.4152333736419678,,unlabeled_background,,0,"Valid Sentinel-2 Phase 4 raster pixel; unlabeled/background, not confirmed non-manganese."
unlabeled_r290_c173,79.65711354555461,21.702946981401933,361090.0,2400550.0,1860.0,2219.0,2710.0,3909.0,5133.0,4068.0,0.18114519119262695,-0.13536828756332397,1.4569892883300781,1.2617994546890259,,unlabeled_background,,0,"Valid Sentinel-2 Phase 4 raster pixel; unlabeled/background, not confirmed non-manganese."
unlabeled_r150_c90,79.64083164583135,21.72810673809884,359430.0,2403350.0,1269.0,1520.0,1521.0,3381.0,2827.0,2014.0,0.3794369697570801,0.0892396941781044,1.198581576347351,1.4036742448806763,,unlabeled_background,,0,"Valid Sentinel-2 Phase 4 raster pixel; unlabeled/background, not confirmed non-manganese."
unlabeled_r285_c235,79.66909023681887,21.703946884543104,362330.0,2400650.0,1553.0,1734.0,1974.0,2845.0,4069.0,3290.0,0.18074288964271545,-0.17703211307525635,1.2710882425308228,1.2367781400680542,,unlabeled_background,,0,"Valid Sentinel-2 Phase 4 raster pixel; unlabeled/background, not confirmed non-manganese."
unlabeled_r178_c553,79.73039347591381,21.72375893660264,368690.0,2402790.0,1491.0,1785.0,1962.0,3542.0,4220.0,3212.0,0.28706395626068115,-0.08734862506389618,1.3158953189849854,1.3138231039047241,,unlabeled_background,,0,"Valid Sentinel-2 Phase 4 raster pixel; unlabeled/background, not confirmed non-manganese."
unlabeled_r296_c437,79.70815655952002,21.702268643849134,366370.0,2400430.0,1418.0,1632.0,1825.0,3304.0,3886.0,2942.0,0.2883602976799011,-0.08094576001167297,1.2870240211486816,1.3208701610565186,,unlabeled_background,,0,"Valid Sentinel-2 Phase 4 raster pixel; unlabeled/background, not confirmed non-manganese."
unlabeled_r393_c417,79.70444713575284,21.684715261123753,365970.0,2398490.0,1308.0,1600.0,1666.0,3248.0,3174.0,2254.0,0.32193732261657715,0.011522890068590641,1.2737003564834595,1.40816330909729,,unlabeled_background,,0,"Valid Sentinel-2 Phase 4 raster pixel; unlabeled/background, not confirmed non-manganese."
unlabeled_r543_c111,79.64555579334622,21.657145612666554,359850.0,2395490.0,1305.0,1511.0,1575.0,2725.0,3566.0,2631.0,0.26744186878204346,-0.13368304073810577,1.2068965435028076,1.3553781509399414,,unlabeled_background,,0,"Valid Sentinel-2 Phase 4 raster pixel; unlabeled/background, not confirmed non-manganese."
unlabeled_r118_c269,79.67538648666998,21.734167907129205,363010.0,2403990.0,1565.0,1864.0,2130.0,3571.0,4181.0,3255.0,0.25276267528533936,-0.07868937402963638,1.3610223531723022,1.2844854593276978,,unlabeled_background,,0,"Valid Sentinel-2 Phase 4 raster pixel; unlabeled/background, not confirmed non-manganese."
unlabeled_r276_c580,79.73576835084033,21.70609483375717,369230.0,2400830.0,1335.0,1512.0,1607.0,3203.0,3352.0,2492.0,0.33180874586105347,-0.022730739787220955,1.2037453651428223,1.3451043367385864,,unlabeled_background,,0,"Valid Sentinel-2 Phase 4 raster pixel; unlabeled/background, not confirmed non-manganese."
unlabeled_r373_c32,79.62999944183525,21.6877303092149,358270.0,2398890.0,1384.0,1596.0,1776.0,3093.0,3618.0,2691.0,0.2704867422580719,-0.07822977006435394,1.2832369804382324,1.3444815874099731,,unlabeled_background,,0,"Valid Sentinel-2 Phase 4 raster pixel; unlabeled/background, not confirmed non-manganese."
unlabeled_r503_c568,79.73380696205305,21.665068692138895,368990.0,2396290.0,2038.0,2249.0,2396.0,3201.0,3448.0,2927.0,0.14382705092430115,-0.03714844211935997,1.1756623983383179,1.1779979467391968,,unlabeled_background,,0,"Valid Sentinel-2 Phase 4 raster pixel; unlabeled/background, not confirmed non-manganese."
unlabeled_r69_c294,79.68013937041367,21.74305830297421,363510.0,2404970.0,2017.0,2405.0,3052.0,4391.0,5513.0,4295.0,0.17990057170391083,-0.1132875606417656,1.5131382942199707,1.283585548400879,,unlabeled_background,,0,"Valid Sentinel-2 Phase 4 raster pixel; unlabeled/background, not confirmed non-manganese."
unlabeled_r379_c398,79.70075204173415,21.687215659614374,365590.0,2398770.0,1238.0,1436.0,1454.0,2967.0,3042.0,2168.0,0.34223026037216187,-0.01248127780854702,1.1744749546051025,1.4031364917755127,,unlabeled_background,,0,"Valid Sentinel-2 Phase 4 raster pixel; unlabeled/background, not confirmed non-manganese."
unlabeled_r41_c257,79.67293854844887,21.748059250329376,362770.0,2405530.0,1839.0,2200.0,2546.0,3890.0,4221.0,3276.0,0.20882536470890045,-0.0408087782561779,1.3844480514526367,1.2884615659713745,,unlabeled_background,,0,"Valid Sentinel-2 Phase 4 raster pixel; unlabeled/background, not confirmed non-manganese."
unlabeled_r539_c29,79.62970303321501,21.657738187426897,358210.0,2395570.0,1293.0,1484.0,1501.0,2980.0,2993.0,2188.0,0.3300602436065674,-0.002176460810005665,1.1608662605285645,1.3679158687591553,,unlabeled_background,,0,"Valid Sentinel-2 Phase 4 raster pixel; unlabeled/background, not confirmed non-manganese."
unlabeled_r587_c41,79.63210368392625,21.649086244049286,358450.0,2394610.0,1163.0,1323.0,1322.0,2606.0,2873.0,2129.0,0.3268839120864868,-0.048731520771980286,1.1367154121398926,1.3494598865509033,,unlabeled_background,,0,"Valid Sentinel-2 Phase 4 raster pixel; unlabeled/background, not confirmed non-manganese."
unlabeled_r93_c282,79.67785870953882,21.738704216083242,363270.0,2404490.0,1585.0,1919.0,2301.0,3303.0,4367.0,3399.0,0.17880085110664368,-0.13872230052947998,1.451735019683838,1.2847896814346313,,unlabeled_background,,0,"Valid Sentinel-2 Phase 4 raster pixel; unlabeled/background, not confirmed non-manganese."
unlabeled_r516_c16,79.62715155642262,21.66187230956378,357950.0,2396030.0,1266.0,1487.0,1522.0,3247.0,3012.0,2136.0,0.3617110550403595,0.037545934319496155,1.2022117376327515,1.4101123809814453,,unlabeled_background,,0,"Valid Sentinel-2 Phase 4 raster pixel; unlabeled/background, not confirmed non-manganese."
unlabeled_r167_c213,79.66464073337954,21.725229182621092,361890.0,2403010.0,1910.0,2280.0,2701.0,4018.0,5180.0,4143.0,0.19601130485534668,-0.12633180618286133,1.4141361713409424,1.250301718711853,,unlabeled_background,,0,"Valid Sentinel-2 Phase 4 raster pixel; unlabeled/background, not confirmed non-manganese."
unlabeled_r412_c327,79.6870826327086,21.681146123361707,364170.0,2398110.0,1924.0,2281.0,2802.0,4076.0,4952.0,3968.0,0.18522825837135315,-0.09703145921230316,1.4563409090042114,1.2479838132858276,,unlabeled_background,,0,"Valid Sentinel-2 Phase 4 raster pixel; unlabeled/background, not confirmed non-manganese."
unlabeled_r325_c405,79.70201764715249,21.696981433749762,365730.0,2399850.0,1251.0,1473.0,1445.0,3204.0,2992.0,2128.0,0.37836092710494995,0.034215621650218964,1.1550759077072144,1.4060150384902954,,unlabeled_background,,0,"Valid Sentinel-2 Phase 4 raster pixel; unlabeled/background, not confirmed non-manganese."
unlabeled_r374_c643,79.74810036016727,21.68848312587286,370490.0,2398870.0,1369.0,1601.0,1727.0,2981.0,3633.0,2719.0,0.26635512709617615,-0.09857877343893051,1.2615047693252563,1.3361530303955078,,unlabeled_background,,0,"Valid Sentinel-2 Phase 4 raster pixel; unlabeled/background, not confirmed non-manganese."
unlabeled_r114_c415,79.70360914166577,21.735113937934596,365930.0,2404070.0,1435.0,1638.0,1817.0,3435.0,3806.0,2844.0,0.30807310342788696,-0.05123601853847504,1.2662020921707153,1.3382560014724731,,unlabeled_background,,0,"Valid Sentinel-2 Phase 4 raster pixel; unlabeled/background, not confirmed non-manganese."
unlabeled_r372_c245,79.67116753924726,21.68824591689014,362530.0,2398910.0,1241.0,1416.0,1376.0,2958.0,2778.0,2043.0,0.365020751953125,0.031380753964185715,1.10878324508667,1.3597650527954102,,unlabeled_background,,0,"Valid Sentinel-2 Phase 4 raster pixel; unlabeled/background, not confirmed non-manganese."
unlabeled_r297_c152,79.6530658918992,21.70164951191098,360670.0,2400410.0,1778.0,2113.0,2549.0,3929.0,4874.0,3834.0,0.2130287140607834,-0.10734976828098297,1.4336333274841309,1.2712571620941162,,unlabeled_background,,0,"Valid Sentinel-2 Phase 4 raster pixel; unlabeled/background, not confirmed non-manganese."
unlabeled_r159_c318,79.68492798621462,21.7268368030883,363990.0,2403170.0,1575.0,1870.0,1982.0,3863.0,4026.0,3106.0,0.32181352376937866,-0.02066168002784252,1.2584127187728882,1.2962008714675903,,unlabeled_background,,0,"Valid Sentinel-2 Phase 4 raster pixel; unlabeled/background, not confirmed non-manganese."
unlabeled_r265_c297,79.68104245157578,21.707655675465187,363570.0,2401050.0,1662.0,1926.0,2278.0,3566.0,4650.0,3527.0,0.2203969955444336,-0.1319376826286316,1.3706377744674683,1.3184008598327637,,unlabeled_background,,0,"Valid Sentinel-2 Phase 4 raster pixel; unlabeled/background, not confirmed non-manganese."
unlabeled_r96_c557,79.73103680725322,21.738578384898826,368770.0,2404430.0,1256.0,1574.0,1343.0,5024.0,2954.0,2077.0,0.5781372785568237,0.25946351885795593,1.0692675113677979,1.422243595123291,,unlabeled_background,,0,"Valid Sentinel-2 Phase 4 raster pixel; unlabeled/background, not confirmed non-manganese."
unlabeled_r132_c17,79.62668712043282,21.731241918339453,357970.0,2403710.0,1289.0,1502.0,1526.0,3451.0,3162.0,2188.0,0.38677918910980225,0.04370179772377014,1.1838634014129639,1.445155382156372,,unlabeled_background,,0,"Valid Sentinel-2 Phase 4 raster pixel; unlabeled/background, not confirmed non-manganese."
unlabeled_r467_c579,79.73587614927405,21.671588452997042,369210.0,2397010.0,1353.0,1538.0,1796.0,3119.0,3911.0,2865.0,0.26917600631713867,-0.11266002804040909,1.3274205923080444,1.3650959730148315,,unlabeled_background,,0,"Valid Sentinel-2 Phase 4 raster pixel; unlabeled/background, not confirmed non-manganese."
unlabeled_r482_c183,79.65936756012357,21.668278115078422,361290.0,2396710.0,1203.0,1396.0,1358.0,2947.0,2875.0,2042.0,0.3691056966781616,0.012366884388029575,1.1288444995880127,1.4079333543777466,,unlabeled_background,,0,"Valid Sentinel-2 Phase 4 raster pixel; unlabeled/background, not confirmed non-manganese."
unlabeled_r582_c10,79.62610495053885,21.649940036815785,357830.0,2394710.0,1641.0,1835.0,2256.0,3120.0,4165.0,3309.0,0.1607142835855484,-0.1434454321861267,1.3747714757919312,1.2586884498596191,,unlabeled_background,,0,"Valid Sentinel-2 Phase 4 raster pixel; unlabeled/background, not confirmed non-manganese."
unlabeled_r551_c393,79.7000641955272,21.65613597799002,365490.0,2395330.0,1561.0,1798.0,2135.0,3390.0,4504.0,3435.0,0.22714932262897491,-0.1411198377609253,1.3677129745483398,1.3112081289291382,,unlabeled_background,,0,"Valid Sentinel-2 Phase 4 raster pixel; unlabeled/background, not confirmed non-manganese."
unlabeled_r516_c250,79.67237222524273,21.66224009972961,362630.0,2396030.0,1322.0,1497.0,1583.0,3190.0,3196.0,2390.0,0.33668550848960876,-0.0009395552915520966,1.1974281072616577,1.3372385501861572,,unlabeled_background,,0,"Valid Sentinel-2 Phase 4 raster pixel; unlabeled/background, not confirmed non-manganese."
unlabeled_r508_c420,79.70521254217262,21.66394479647648,366030.0,2396190.0,1551.0,1795.0,2144.0,3418.0,4693.0,3674.0,0.2290543019771576,-0.15719392895698547,1.3823339939117432,1.27735435962677,,unlabeled_background,,0,"Valid Sentinel-2 Phase 4 raster pixel; unlabeled/background, not confirmed non-manganese."
unlabeled_r226_c376,79.69625083735487,21.714821883114027,365150.0,2401830.0,1343.0,1521.0,1625.0,2843.0,3415.0,2666.0,0.27260518074035645,-0.09140300750732422,1.209977626800537,1.2809451818466187,,unlabeled_background,,0,"Valid Sentinel-2 Phase 4 raster pixel; unlabeled/background, not confirmed non-manganese."
unlabeled_r596_c45,79.63289192321939,21.647466781642798,358530.0,2394430.0,1314.0,1500.0,1569.0,3024.0,3310.0,2488.0,0.31678640842437744,-0.045153141021728516,1.1940639019012451,1.3303858041763306,,unlabeled_background,,0,"Valid Sentinel-2 Phase 4 raster pixel; unlabeled/background, not confirmed non-manganese."
unlabeled_r260_c260,79.67388156882174,21.70850184544152,362830.0,2401150.0,1217.0,1417.0,1409.0,3071.0,3122.0,2307.0,0.3709821403026581,-0.008235104382038116,1.1577650308609009,1.3532726764678955,,unlabeled_background,,0,"Valid Sentinel-2 Phase 4 raster pixel; unlabeled/background, not confirmed non-manganese."
unlabeled_r306_c124,79.64766857884672,21.699979620109303,360110.0,2400230.0,1740.0,2000.0,2301.0,3464.0,4038.0,3275.0,0.20173460245132446,-0.07651293277740479,1.3224138021469116,1.2329771518707275,,unlabeled_background,,0,"Valid Sentinel-2 Phase 4 raster pixel; unlabeled/background, not confirmed non-manganese."
unlabeled_r318_c554,79.73080865574514,21.698468981345314,368710.0,2399990.0,1430.0,1645.0,1874.0,3398.0,3886.0,2908.0,0.2890743613243103,-0.06699615716934204,1.310489535331726,1.3363136053085327,,unlabeled_background,,0,"Valid Sentinel-2 Phase 4 raster pixel; unlabeled/background, not confirmed non-manganese."
unlabeled_r36_c26,79.62826256810988,21.748598262010464,358150.0,2405630.0,1289.0,1517.0,1564.0,3249.0,3110.0,2196.0,0.3500934839248657,0.021858783438801765,1.213343620300293,1.4162112474441528,,unlabeled_background,,0,"Valid Sentinel-2 Phase 4 raster pixel; unlabeled/background, not confirmed non-manganese."
unlabeled_r485_c628,79.74537453732499,21.668408527213074,370190.0,2396650.0,1473.0,1645.0,1910.0,2924.0,4090.0,3128.0,0.20976416766643524,-0.1662389487028122,1.2966734170913696,1.3075447082519531,,unlabeled_background,,0,"Valid Sentinel-2 Phase 4 raster pixel; unlabeled/background, not confirmed non-manganese."
unlabeled_r51_c281,79.6775959097599,21.7462899143871,363250.0,2405330.0,1809.0,2179.0,2567.0,3825.0,4772.0,3725.0,0.19680851697921753,-0.11015470325946808,1.4190160036087036,1.281073808670044,,unlabeled_background,,0,"Valid Sentinel-2 Phase 4 raster pixel; unlabeled/background, not confirmed non-manganese."
unlabeled_r192_c370,79.69503548225138,21.720954866993733,365030.0,2402510.0,1795.0,2173.0,2578.0,3871.0,4818.0,3878.0,0.20049619674682617,-0.10898837447166443,1.4362117052078247,1.2423930168151855,,unlabeled_background,,0,"Valid Sentinel-2 Phase 4 raster pixel; unlabeled/background, not confirmed non-manganese."
unlabeled_r352_c32,79.62996356500973,21.691523880202112,358270.0,2399310.0,1330.0,1539.0,1654.0,2951.0,3366.0,2478.0,0.2816503942012787,-0.06569574028253555,1.243609070777893,1.3583534955978394,,unlabeled_background,,0,"Valid Sentinel-2 Phase 4 raster pixel; unlabeled/background, not confirmed non-manganese."
unlabeled_r556_c588,79.73775549333183,21.6555234297007,369390.0,2395230.0,1285.0,1494.0,1539.0,2903.0,3385.0,2531.0,0.3070688843727112,-0.07665394246578217,1.1976653337478638,1.3374160528182983,,unlabeled_background,,0,"Valid Sentinel-2 Phase 4 raster pixel; unlabeled/background, not confirmed non-manganese."
unlabeled_r34_c263,79.67408714442868,21.74933308753721,362890.0,2405670.0,1534.0,1751.0,1973.0,3341.0,4061.0,3129.0,0.2574332058429718,-0.09727101027965546,1.2861799001693726,1.297858715057373,,unlabeled_background,,0,"Valid Sentinel-2 Phase 4 raster pixel; unlabeled/background, not confirmed non-manganese."
unlabeled_r387_c247,79.67157895908622,21.68553927266156,362570.0,2398610.0,1234.0,1449.0,1481.0,2872.0,3189.0,2334.0,0.3195497393608093,-0.05230160057544708,1.2001620531082153,1.3663239479064941,,unlabeled_background,,0,"Valid Sentinel-2 Phase 4 raster pixel; unlabeled/background, not confirmed non-manganese."
unlabeled_r66_c514,79.72267446826633,21.743934002486014,367910.0,2405030.0,1432.0,1655.0,1854.0,3376.0,3590.0,2600.0,0.2910133898258209,-0.03072064369916916,1.2946927547454834,1.3807692527770996,,unlabeled_background,,0,"Valid Sentinel-2 Phase 4 raster pixel; unlabeled/background, not confirmed non-manganese."
unlabeled_r529_c563,79.73288168380093,21.660364306183055,368890.0,2395770.0,1335.0,1541.0,1667.0,2714.0,3677.0,2823.0,0.238986536860466,-0.15068064630031586,1.2486891746520996,1.3025150299072266,,unlabeled_background,,0,"Valid Sentinel-2 Phase 4 raster pixel; unlabeled/background, not confirmed non-manganese."
unlabeled_r258_c476,79.71563470953599,21.709192006367672,367150.0,2401190.0,1422.0,1678.0,1870.0,3225.0,3596.0,2611.0,0.26594701409339905,-0.05439085140824318,1.315049171447754,1.377250075340271,,unlabeled_background,,0,"Valid Sentinel-2 Phase 4 raster pixel; unlabeled/background, not confirmed non-manganese."
unlabeled_r254_c99,79.64274798186128,21.709333767210232,359610.0,2401270.0,1501.0,1769.0,2100.0,3122.0,4013.0,3152.0,0.1957104504108429,-0.12487736344337463,1.3990672826766968,1.2731598615646362,,unlabeled_background,,0,"Valid Sentinel-2 Phase 4 raster pixel; unlabeled/background, not confirmed non-manganese."
unlabeled_r246_c261,79.67405171129197,21.71103247935537,362850.0,2401430.0,1718.0,2008.0,2377.0,3666.0,4845.0,3807.0,0.21330465376377106,-0.13852661848068237,1.3835855722427368,1.2726556062698364,,unlabeled_background,,0,"Valid Sentinel-2 Phase 4 raster pixel; unlabeled/background, not confirmed non-manganese."
unlabeled_r557_c296,79.6813291864399,21.65490427273889,363550.0,2395210.0,1258.0,1512.0,1545.0,3119.0,3554.0,2583.0,0.33747854828834534,-0.06518807262182236,1.228139877319336,1.3759194612503052,,unlabeled_background,,0,"Valid Sentinel-2 Phase 4 raster pixel; unlabeled/background, not confirmed non-manganese."
unlabeled_r399_c25,79.62869091066088,21.683022325875495,358130.0,2398370.0,1320.0,1581.0,1635.0,3143.0,3273.0,2362.0,0.3156132400035858,-0.020261844620108604,1.2386363744735718,1.3856900930404663,,unlabeled_background,,0,"Valid Sentinel-2 Phase 4 raster pixel; unlabeled/background, not confirmed non-manganese."
unlabeled_r575_c614,79.74280970178513,21.6521290965938,369910.0,2394850.0,1465.0,1716.0,1910.0,3323.0,4106.0,3064.0,0.27001720666885376,-0.1053977683186531,1.303754210472107,1.340078353881836,,unlabeled_background,,0,"Valid Sentinel-2 Phase 4 raster pixel; unlabeled/background, not confirmed non-manganese."
unlabeled_r265_c571,79.73401112536898,21.70806874206683,369050.0,2401050.0,1374.0,1583.0,1741.0,2615.0,3170.0,2439.0,0.20064279437065125,-0.09593777358531952,1.2671033143997192,1.2997130155563354,,unlabeled_background,,0,"Valid Sentinel-2 Phase 4 raster pixel; unlabeled/background, not confirmed non-manganese."
unlabeled_r470_c322,79.68621119679369,21.67066073159731,364070.0,2396950.0,1282.0,1471.0,1553.0,2890.0,3425.0,2557.0,0.30092281103134155,-0.08471892029047012,1.2113884687423706,1.3394602537155151,,unlabeled_background,,0,"Valid Sentinel-2 Phase 4 raster pixel; unlabeled/background, not confirmed non-manganese."
unlabeled_r243_c357,79.69260541929683,21.711721884368856,364770.0,2401490.0,1301.0,1533.0,1661.0,2936.0,3651.0,2660.0,0.27735480666160583,-0.1085471361875534,1.2767102718353271,1.372556447982788,,unlabeled_background,,0,"Valid Sentinel-2 Phase 4 raster pixel; unlabeled/background, not confirmed non-manganese."
unlabeled_r207_c269,79.67553376216449,21.718090161078948,363010.0,2402210.0,2032.0,2407.0,2960.0,4105.0,5631.0,4634.0,0.1620665192604065,-0.15673787891864777,1.4566929340362549,1.21514892578125,,unlabeled_background,,0,"Valid Sentinel-2 Phase 4 raster pixel; unlabeled/background, not confirmed non-manganese."
unlabeled_r89_c220,79.66586404510737,21.739330632034964,362030.0,2404570.0,1444.0,1674.0,1713.0,2765.0,3323.0,2542.0,0.23492631316184998,-0.09165571630001068,1.1862881183624268,1.3072383403778076,,unlabeled_background,,0,"Valid Sentinel-2 Phase 4 raster pixel; unlabeled/background, not confirmed non-manganese."
unlabeled_r274_c582,79.736151828336,21.7064590895105,369270.0,2400870.0,1311.0,1473.0,1638.0,2674.0,3528.0,2685.0,0.24025973677635193,-0.1376975178718567,1.2494279146194458,1.3139665126800537,,unlabeled_background,,0,"Valid Sentinel-2 Phase 4 raster pixel; unlabeled/background, not confirmed non-manganese."
unlabeled_r285_c618,79.74312849232308,21.704524814744165,369990.0,2400650.0,1878.0,2271.0,2918.0,4101.0,5200.0,4274.0,0.1685425341129303,-0.11815933883190155,1.5537806749343872,1.2166588306427002,,unlabeled_background,,0,"Valid Sentinel-2 Phase 4 raster pixel; unlabeled/background, not confirmed non-manganese."
unlabeled_r215_c526,79.72523223140475,21.717034699249535,368150.0,2402050.0,1292.0,1478.0,1603.0,2810.0,3437.0,2538.0,0.2735100984573364,-0.10036817938089371,1.24071204662323,1.3542158603668213,,unlabeled_background,,0,"Valid Sentinel-2 Phase 4 raster pixel; unlabeled/background, not confirmed non-manganese."
unlabeled_r445_c554,79.73100961708282,21.675525966324944,368710.0,2397450.0,1447.0,1649.0,1921.0,3035.0,4128.0,3175.0,0.22477804124355316,-0.15258969366550446,1.3275742530822754,1.3001574277877808,,unlabeled_background,,0,"Valid Sentinel-2 Phase 4 raster pixel; unlabeled/background, not confirmed non-manganese."
unlabeled_r209_c273,79.6763103784369,21.71773504330226,363090.0,2402170.0,1958.0,2284.0,2772.0,4091.0,4793.0,3831.0,0.1921900063753128,-0.07901845872402191,1.415730357170105,1.2511093616485596,,unlabeled_background,,0,"Valid Sentinel-2 Phase 4 raster pixel; unlabeled/background, not confirmed non-manganese."
unlabeled_r578_c246,79.67170174332355,21.651033612118923,362550.0,2394790.0,1502.0,1717.0,1942.0,2871.0,3592.0,3033.0,0.19301891326904297,-0.11155810207128525,1.292942762374878,1.184306025505066,,unlabeled_background,,0,"Valid Sentinel-2 Phase 4 raster pixel; unlabeled/background, not confirmed non-manganese."
unlabeled_r475_c395,79.70032768723355,21.66986855631874,365530.0,2396850.0,1319.0,1458.0,1629.0,2828.0,3539.0,2733.0,0.26901504397392273,-0.11166954785585403,1.235026478767395,1.2949140071868896,,unlabeled_background,,0,"Valid Sentinel-2 Phase 4 raster pixel; unlabeled/background, not confirmed non-manganese."
unlabeled_r497_c602,79.74036844060699,21.666202611323904,369670.0,2396410.0,1330.0,1504.0,1631.0,2815.0,3597.0,2627.0,0.2663067877292633,-0.12195882946252823,1.2263157367706299,1.3692424297332764,,unlabeled_background,,0,"Valid Sentinel-2 Phase 4 raster pixel; unlabeled/background, not confirmed non-manganese."
unlabeled_r18_c496,79.71911699245693,21.752578377774807,367550.0,2405990.0,1483.0,1742.0,1733.0,3886.0,3317.0,2440.0,0.38316425681114197,0.07899486273527145,1.1685771942138672,1.3594262599945068,,unlabeled_background,,0,"Valid Sentinel-2 Phase 4 raster pixel; unlabeled/background, not confirmed non-manganese."
unlabeled_r93_c233,79.66838432243686,21.738628278345868,362290.0,2404490.0,1909.0,2269.0,2807.0,4110.0,5230.0,4183.0,0.18837645649909973,-0.11991434544324875,1.4704033136367798,1.2502988576889038,,unlabeled_background,,0,"Valid Sentinel-2 Phase 4 raster pixel; unlabeled/background, not confirmed non-manganese."
unlabeled_r448_c649,79.74937548850983,21.675123401495426,370610.0,2397390.0,1412.0,1617.0,1803.0,2916.0,3738.0,2844.0,0.23585505783557892,-0.12353471666574478,1.2769122123718262,1.3143459558486938,,unlabeled_background,,0,"Valid Sentinel-2 Phase 4 raster pixel; unlabeled/background, not confirmed non-manganese."
unlabeled_r32_c392,79.69902865797191,21.749892373986718,365470.0,2405710.0,1488.0,1735.0,1774.0,3718.0,3107.0,2321.0,0.35396939516067505,0.0895238071680069,1.1922043561935425,1.3386471271514893,,unlabeled_background,,0,"Valid Sentinel-2 Phase 4 raster pixel; unlabeled/background, not confirmed non-manganese."
unlabeled_r576_c599,79.73991260170679,21.651926473945405,369610.0,2394830.0,1193.0,1400.0,1418.0,2727.0,3053.0,2239.0,0.3158021569252014,-0.05640138313174248,1.1886001825332642,1.3635551929473877,,unlabeled_background,,0,"Valid Sentinel-2 Phase 4 raster pixel; unlabeled/background, not confirmed non-manganese."
unlabeled_r303_c186,79.65964826514085,21.700618893786068,361350.0,2400290.0,1517.0,1679.0,1949.0,2952.0,4085.0,3283.0,0.2046521157026291,-0.1610061079263687,1.2847726345062256,1.2442888021469116,,unlabeled_background,,0,"Valid Sentinel-2 Phase 4 raster pixel; unlabeled/background, not confirmed non-manganese."
unlabeled_r155_c185,79.65920722557857,21.727353221117557,361330.0,2403250.0,2153.0,2717.0,3457.0,4780.0,6258.0,5161.0,0.16061672568321228,-0.13390107452869415,1.6056665182113647,1.2125556468963623,,unlabeled_background,,0,"Valid Sentinel-2 Phase 4 raster pixel; unlabeled/background, not confirmed non-manganese."
unlabeled_r566_c81,79.63979742999817,21.652943324485047,359250.0,2395030.0,1180.0,1325.0,1331.0,2734.0,2759.0,1987.0,0.3451414406299591,-0.004551247227936983,1.127966046333313,1.388525366783142,,unlabeled_background,,0,"Valid Sentinel-2 Phase 4 raster pixel; unlabeled/background, not confirmed non-manganese."
unlabeled_r32_c645,79.74795227813635,21.750269767301504,370530.0,2405710.0,1260.0,1429.0,1389.0,3146.0,2882.0,2147.0,0.3874310851097107,0.043795619159936905,1.1023809909820557,1.34233820438385,,unlabeled_background,,0,"Valid Sentinel-2 Phase 4 raster pixel; unlabeled/background, not confirmed non-manganese."
unlabeled_r205_c204,79.66296417058975,21.718350520670054,361710.0,2402250.0,1292.0,1479.0,1591.0,2738.0,3736.0,2802.0,0.2649572789669037,-0.15415507555007935,1.23142409324646,1.3333333730697632,,unlabeled_background,,0,"Valid Sentinel-2 Phase 4 raster pixel; unlabeled/background, not confirmed non-manganese."
unlabeled_r356_c385,79.69820195965835,21.691350937236596,365330.0,2399230.0,1278.0,1468.0,1545.0,2797.0,3023.0,2234.0,0.28834637999534607,-0.03883161395788193,1.2089202404022217,1.3531781435012817,,unlabeled_background,,0,"Valid Sentinel-2 Phase 4 raster pixel; unlabeled/background, not confirmed non-manganese."
unlabeled_r262_c521,79.72434043846303,21.708536585117738,368050.0,2401110.0,1196.0,1406.0,1348.0,3100.0,2710.0,1892.0,0.39388489723205566,0.06712564826011658,1.127090334892273,1.4323467016220093,,unlabeled_background,,0,"Valid Sentinel-2 Phase 4 raster pixel; unlabeled/background, not confirmed non-manganese."
unlabeled_r71_c286,79.67859578537562,21.742684663556542,363350.0,2404930.0,1580.0,1861.0,2138.0,3683.0,4275.0,3263.0,0.26541832089424133,-0.07439055293798447,1.353164553642273,1.310144066810608,,unlabeled_background,,0,"Valid Sentinel-2 Phase 4 raster pixel; unlabeled/background, not confirmed non-manganese."
unlabeled_r290_c102,79.64338887522963,21.70283522779258,359670.0,2400550.0,1591.0,1796.0,2064.0,3231.0,4131.0,3192.0,0.22039659321308136,-0.12224938720464706,1.2972972393035889,1.2941728830337524,,unlabeled_background,,0,"Valid Sentinel-2 Phase 4 raster pixel; unlabeled/background, not confirmed non-manganese."
unlabeled_r299_c466,79.71376733993729,21.701770279489967,366950.0,2400370.0,1708.0,1995.0,2460.0,3482.0,3980.0,3115.0,0.17199596762657166,-0.06673814356327057,1.4402810335159302,1.2776886224746704,,unlabeled_background,,0,"Valid Sentinel-2 Phase 4 raster pixel; unlabeled/background, not confirmed non-manganese."
unlabeled_r486_c401,79.7015050711839,21.667890461152098,365650.0,2396630.0,1401.0,1596.0,1854.0,3104.0,3960.0,3038.0,0.252117782831192,-0.1211777999997139,1.3233404159545898,1.303489089012146,,unlabeled_background,,0,"Valid Sentinel-2 Phase 4 raster pixel; unlabeled/background, not confirmed non-manganese."
unlabeled_r318_c406,79.70219961534234,21.698247506633024,365750.0,2399990.0,1410.0,1622.0,1814.0,2666.0,3696.0,2891.0,0.19017857313156128,-0.16189877688884735,1.286524772644043,1.2784503698349,,unlabeled_background,,0,"Valid Sentinel-2 Phase 4 raster pixel; unlabeled/background, not confirmed non-manganese."
unlabeled_r266_c127,79.64818100695396,21.70721024175106,360170.0,2401030.0,1713.0,2035.0,2408.0,3458.0,4679.0,3676.0,0.17899760603904724,-0.15005530416965485,1.4057209491729736,1.2728508710861206,,unlabeled_background,,0,"Valid Sentinel-2 Phase 4 raster pixel; unlabeled/background, not confirmed non-manganese."
unlabeled_r244_c476,79.71561226281942,21.71172113536794,367150.0,2401470.0,1459.0,1672.0,1912.0,3264.0,3738.0,2719.0,0.2612055540084839,-0.06769494712352753,1.3104866743087769,1.374770164489746,,unlabeled_background,,0,"Valid Sentinel-2 Phase 4 raster pixel; unlabeled/background, not confirmed non-manganese."
unlabeled_r475_c147,79.6523984685657,21.66948631202399,360570.0,2396850.0,1278.0,1499.0,1560.0,2489.0,3367.0,2511.0,0.2294393628835678,-0.14993169903755188,1.220657229423523,1.3409000635147095,,unlabeled_background,,0,"Valid Sentinel-2 Phase 4 raster pixel; unlabeled/background, not confirmed non-manganese."
unlabeled_r90_c211,79.66412551945417,21.739135950752697,361850.0,2404550.0,1268.0,1498.0,1501.0,2146.0,2104.0,1758.0,0.17685769498348236,0.009882353246212006,1.1837539672851562,1.1968145370483398,,unlabeled_background,,0,"Valid Sentinel-2 Phase 4 raster pixel; unlabeled/background, not confirmed non-manganese."
unlabeled_r222_c245,79.67091880182967,21.715343272560734,362530.0,2401910.0,1534.0,1827.0,2100.0,3363.0,3964.0,3123.0,0.23119165003299713,-0.08202538639307022,1.3689700365066528,1.2692923545837402,,unlabeled_background,,0,"Valid Sentinel-2 Phase 4 raster pixel; unlabeled/background, not confirmed non-manganese."
unlabeled_r576_c463,79.71363154292409,21.651724995505248,366890.0,2394830.0,1710.0,2042.0,2498.0,3594.0,4769.0,3923.0,0.17990808188915253,-0.14049981534481049,1.4608187675476074,1.215651273727417,,unlabeled_background,,0,"Valid Sentinel-2 Phase 4 raster pixel; unlabeled/background, not confirmed non-manganese."
unlabeled_r147_c424,79.70540270534264,21.72916607536389,366110.0,2403410.0,1411.0,1630.0,1903.0,2937.0,4100.0,3138.0,0.2136363685131073,-0.16526928544044495,1.3486888408660889,1.3065646886825562,,unlabeled_background,,0,"Valid Sentinel-2 Phase 4 raster pixel; unlabeled/background, not confirmed non-manganese."
unlabeled_r205_c489,79.71806302648123,21.718786028619093,367410.0,2402250.0,1513.0,1866.0,2015.0,3486.0,4244.0,3075.0,0.2674059271812439,-0.0980595052242279,1.3317911624908447,1.3801625967025757,,unlabeled_background,,0,"Valid Sentinel-2 Phase 4 raster pixel; unlabeled/background, not confirmed non-manganese."
unlabeled_r85_c170,79.6561895890679,21.73997502489064,361030.0,2404650.0,1305.0,1527.0,1634.0,3122.0,3628.0,2720.0,0.3128679692745209,-0.07496296614408493,1.2521072626113892,1.333823561668396,,unlabeled_background,,0,"Valid Sentinel-2 Phase 4 raster pixel; unlabeled/background, not confirmed non-manganese."
unlabeled_r561_c331,79.68809925842056,21.654235238470513,364250.0,2395130.0,1322.0,1483.0,1629.0,2743.0,3566.0,2690.0,0.25480329990386963,-0.13044856488704681,1.2322238683700562,1.3256505727767944,,unlabeled_background,,0,"Valid Sentinel-2 Phase 4 raster pixel; unlabeled/background, not confirmed non-manganese."
unlabeled_r177_c339,79.68901760900168,21.72361729481766,364410.0,2402810.0,1236.0,1547.0,1352.0,3856.0,2682.0,2007.0,0.48079878091812134,0.17956562340259552,1.093851089477539,1.3363229036331177,,unlabeled_background,,0,"Valid Sentinel-2 Phase 4 raster pixel; unlabeled/background, not confirmed non-manganese."
unlabeled_r433_c272,79.67648694898804,21.677268006755387,363070.0,2397690.0,1293.0,1469.0,1524.0,2491.0,2980.0,2187.0,0.24084682762622833,-0.08938036859035492,1.1786543130874634,1.362597107887268,,unlabeled_background,,0,"Valid Sentinel-2 Phase 4 raster pixel; unlabeled/background, not confirmed non-manganese."
unlabeled_r439_c47,79.63301116046328,21.67583155432202,358570.0,2397570.0,1239.0,1461.0,1461.0,2985.0,2857.0,2099.0,0.3427800238132477,0.021910304203629494,1.1791768074035645,1.3611243963241577,,unlabeled_background,,0,"Valid Sentinel-2 Phase 4 raster pixel; unlabeled/background, not confirmed non-manganese."
unlabeled_r299_c485,79.71744020777652,21.70179873626002,367330.0,2400370.0,1341.0,1538.0,1688.0,3001.0,3601.0,2739.0,0.28001704812049866,-0.09088154882192612,1.2587621212005615,1.3147133588790894,,unlabeled_background,,0,"Valid Sentinel-2 Phase 4 raster pixel; unlabeled/background, not confirmed non-manganese."
unlabeled_r2_c223,79.66629900217548,21.755051656140893,362090.0,2406310.0,1157.0,1378.0,1240.0,4245.0,2723.0,2006.0,0.5478578209877014,0.21842709183692932,1.071737289428711,1.357427716255188,,unlabeled_background,,0,"Valid Sentinel-2 Phase 4 raster pixel; unlabeled/background, not confirmed non-manganese."
unlabeled_r242_c31,79.62958219556921,21.711393338491913,358250.0,2401510.0,1310.0,1599.0,1719.0,3201.0,3538.0,2551.0,0.30121952295303345,-0.0500074177980423,1.3122137784957886,1.3869071006774902,,unlabeled_background,,0,"Valid Sentinel-2 Phase 4 raster pixel; unlabeled/background, not confirmed non-manganese."
unlabeled_r49_c179,79.65786937288212,21.746492440158665,361210.0,2405370.0,1632.0,1870.0,2188.0,3400.0,4368.0,3361.0,0.21689334511756897,-0.12461379915475845,1.340686321258545,1.2996132373809814,,unlabeled_background,,0,"Valid Sentinel-2 Phase 4 raster pixel; unlabeled/background, not confirmed non-manganese."
unlabeled_r511_c95,79.64240980295227,21.662901093235124,359530.0,2396130.0,1204.0,1367.0,1301.0,2986.0,2597.0,1864.0,0.3930487632751465,0.06967580318450928,1.0805647373199463,1.3932403326034546,,unlabeled_background,,0,"Valid Sentinel-2 Phase 4 raster pixel; unlabeled/background, not confirmed non-manganese."
unlabeled_r461_c636,79.74688320310293,21.67275593026795,370350.0,2397130.0,1201.0,1416.0,1334.0,2800.0,2850.0,2073.0,0.35462021827697754,-0.008849557489156723,1.1107410192489624,1.3748191595077515,,unlabeled_background,,0,"Valid Sentinel-2 Phase 4 raster pixel; unlabeled/background, not confirmed non-manganese."
unlabeled_r253_c93,79.64158640721891,21.709504910705,359490.0,2401290.0,1699.0,1982.0,2245.0,3478.0,4023.0,3124.0,0.21544644236564636,-0.07265698164701462,1.321365475654602,1.2877720594406128,,unlabeled_background,,0,"Valid Sentinel-2 Phase 4 raster pixel; unlabeled/background, not confirmed non-manganese."
unlabeled_r131_c433,79.70711695832607,21.732070085485834,366290.0,2403730.0,1578.0,1815.0,2247.0,3243.0,4682.0,3585.0,0.18142075836658478,-0.18157728016376495,1.4239543676376343,1.3059972524642944,,unlabeled_background,,0,"Valid Sentinel-2 Phase 4 raster pixel; unlabeled/background, not confirmed non-manganese."
unlabeled_r235_c443,79.70921813911922,21.713297430718516,366490.0,2401650.0,1233.0,1416.0,1446.0,3006.0,3020.0,2121.0,0.3504043221473694,-0.0023232658859342337,1.172749400138855,1.4238566160202026,,unlabeled_background,,0,"Valid Sentinel-2 Phase 4 raster pixel; unlabeled/background, not confirmed non-manganese."
unlabeled_r166_c432,79.70698015818974,21.725745788958744,366270.0,2403030.0,1432.0,1667.0,1975.0,3171.0,4033.0,2931.0,0.23241353034973145,-0.11965574324131012,1.3791899681091309,1.3759808540344238,,unlabeled_background,,0,"Valid Sentinel-2 Phase 4 raster pixel; unlabeled/background, not confirmed non-manganese."
unlabeled_r507_c557,79.73168740782336,21.664329846295487,368770.0,2396210.0,2208.0,2512.0,2767.0,3319.0,4173.0,3701.0,0.09069997072219849,-0.1139882504940033,1.2531702518463135,1.1275330781936646,,unlabeled_background,,0,"Valid Sentinel-2 Phase 4 raster pixel; unlabeled/background, not confirmed non-manganese."
unlabeled_r69_c457,79.71165748299273,21.74330662563818,366770.0,2404970.0,1372.0,1628.0,1663.0,3620.0,3505.0,2585.0,0.3704334795475006,0.016140351071953773,1.2120990753173828,1.355899453163147,,unlabeled_background,,0,"Valid Sentinel-2 Phase 4 raster pixel; unlabeled/background, not confirmed non-manganese."
unlabeled_r189_c384,79.6977372643595,21.7215181182992,365310.0,2402570.0,1411.0,1622.0,1812.0,3163.0,3606.0,2681.0,0.2715577781200409,-0.0654454156756401,1.2841956615447998,1.3450205326080322,,unlabeled_background,,0,"Valid Sentinel-2 Phase 4 raster pixel; unlabeled/background, not confirmed non-manganese."
unlabeled_r592_c486,79.7181016382655,21.648868904205816,367350.0,2394510.0,1324.0,1517.0,1635.0,2754.0,3718.0,2777.0,0.25495555996894836,-0.14894932508468628,1.2348942756652832,1.3388549089431763,,unlabeled_background,,0,"Valid Sentinel-2 Phase 4 raster pixel; unlabeled/background, not confirmed non-manganese."
unlabeled_r92_c544,79.72851678128123,21.73928170782154,368510.0,2404510.0,1513.0,1776.0,1954.0,3401.0,3500.0,2679.0,0.2702147662639618,-0.014345747418701649,1.2914738655090332,1.3064576387405396,,unlabeled_background,,0,"Valid Sentinel-2 Phase 4 raster pixel; unlabeled/background, not confirmed non-manganese."
unlabeled_r473_c399,79.70109751147463,21.67023591202287,365610.0,2396890.0,1266.0,1465.0,1588.0,3186.0,3438.0,2553.0,0.33472979068756104,-0.03804347664117813,1.2543443441390991,1.3466509580612183,,unlabeled_background,,0,"Valid Sentinel-2 Phase 4 raster pixel; unlabeled/background, not confirmed non-manganese."
unlabeled_r163_c421,79.70484856298889,21.726271125258197,366050.0,2403090.0,1535.0,1769.0,2033.0,3416.0,4199.0,3188.0,0.25380805134773254,-0.10282337665557861,1.324429988861084,1.317126750946045,,unlabeled_background,,0,"Valid Sentinel-2 Phase 4 raster pixel; unlabeled/background, not confirmed non-manganese."
unlabeled_r134_c625,79.74424491465145,21.731813812160947,370130.0,2403670.0,1277.0,1560.0,1423.0,2576.0,1745.0,1437.0,0.2883220911026001,0.19231659173965454,1.1143304109573364,1.2143354415893555,,unlabeled_background,,0,"Valid Sentinel-2 Phase 4 raster pixel; unlabeled/background, not confirmed non-manganese."
unlabeled_r140_c633,79.74580112805151,21.73074161256119,370290.0,2403550.0,1321.0,1489.0,1599.0,2789.0,2627.0,2017.0,0.2711941599845886,0.029911372810602188,1.2104465961456299,1.3024293184280396,,unlabeled_background,,0,"Valid Sentinel-2 Phase 4 raster pixel; unlabeled/background, not confirmed non-manganese."
unlabeled_r167_c122,79.64704721128297,21.72508640362605,360070.0,2403010.0,1333.0,1644.0,1700.0,3508.0,3167.0,2225.0,0.3471582233905792,0.05108614265918732,1.2753188610076904,1.4233708381652832,,unlabeled_background,,0,"Valid Sentinel-2 Phase 4 raster pixel; unlabeled/background, not confirmed non-manganese."
unlabeled_r519_c301,79.68223306137305,21.66177667315323,363650.0,2395970.0,1275.0,1496.0,1588.0,3085.0,3268.0,2413.0,0.3203509449958801,-0.028805289417505264,1.2454901933670044,1.3543306589126587,,unlabeled_background,,0,"Valid Sentinel-2 Phase 4 raster pixel; unlabeled/background, not confirmed non-manganese."
unlabeled_r471_c388,79.69896834874343,21.670580563897357,365390.0,2396930.0,1739.0,2086.0,2539.0,3638.0,4678.0,3733.0,0.17791807651519775,-0.12506012618541718,1.4600344896316528,1.2531476020812988,,unlabeled_background,,0,"Valid Sentinel-2 Phase 4 raster pixel; unlabeled/background, not confirmed non-manganese."
unlabeled_r293_c606,79.74082128964903,21.70306197689996,369750.0,2400490.0,1484.0,1688.0,1972.0,3075.0,4453.0,3317.0,0.21854567527770996,-0.18304994702339172,1.328840970993042,1.3424781560897827,,unlabeled_background,,0,"Valid Sentinel-2 Phase 4 raster pixel; unlabeled/background, not confirmed non-manganese."
unlabeled_r6_c299,79.68100224683671,21.754446880515655,363610.0,2406230.0,1371.0,1557.0,1791.0,3141.0,3653.0,2669.0,0.2737226188182831,-0.07536061108112335,1.3063457012176514,1.3686773777008057,,unlabeled_background,,0,"Valid Sentinel-2 Phase 4 raster pixel; unlabeled/background, not confirmed non-manganese."
unlabeled_r324_c155,79.65369115537449,21.696776731953662,360730.0,2399870.0,1495.0,1723.0,1884.0,2711.0,3386.0,2904.0,0.17997823655605316,-0.11071018874645233,1.2602006196975708,1.165977954864502,,unlabeled_background,,0,"Valid Sentinel-2 Phase 4 raster pixel; unlabeled/background, not confirmed non-manganese."
unlabeled_r462_c15,79.6268659538414,21.671625622515098,357930.0,2397110.0,1885.0,2184.0,2670.0,3924.0,5016.0,3793.0,0.19017288088798523,-0.12214764952659607,1.4164456129074097,1.3224360942840576,,unlabeled_background,,0,"Valid Sentinel-2 Phase 4 raster pixel; unlabeled/background, not confirmed non-manganese."
unlabeled_r526_c1,79.6242699590879,21.660041849185898,357650.0,2395830.0,1296.0,1474.0,1591.0,3053.0,3639.0,2676.0,0.31481480598449707,-0.08756724745035172,1.227623462677002,1.359865427017212,,unlabeled_background,,0,"Valid Sentinel-2 Phase 4 raster pixel; unlabeled/background, not confirmed non-manganese."
unlabeled_r297_c55,79.63431550766691,21.701496101329997,358730.0,2400410.0,1313.0,1558.0,1674.0,3616.0,3204.0,2203.0,0.3671077489852905,0.06041055545210838,1.2749428749084473,1.4543803930282593,,unlabeled_background,,0,"Valid Sentinel-2 Phase 4 raster pixel; unlabeled/background, not confirmed non-manganese."
unlabeled_r355_c128,79.6485243906559,21.691134197976993,360190.0,2399250.0,1234.0,1355.0,1371.0,2845.0,2959.0,2140.0,0.3496204912662506,-0.019641626626253128,1.1110210418701172,1.382710337638855,,unlabeled_background,,0,"Valid Sentinel-2 Phase 4 raster pixel; unlabeled/background, not confirmed non-manganese."
unlabeled_r56_c97,79.6420254627875,21.745098575780286,359570.0,2405230.0,1284.0,1447.0,1497.0,3054.0,3236.0,2313.0,0.3421226143836975,-0.028934817761182785,1.1658878326416016,1.3990488052368164,,unlabeled_background,,0,"Valid Sentinel-2 Phase 4 raster pixel; unlabeled/background, not confirmed non-manganese."
unlabeled_r214_c323,79.68598495964706,21.71690874319607,364090.0,2402070.0,1803.0,2115.0,2526.0,3454.0,4500.0,3670.0,0.15518394112586975,-0.13150615990161896,1.4009983539581299,1.2261580228805542,,unlabeled_background,,0,"Valid Sentinel-2 Phase 4 raster pixel; unlabeled/background, not confirmed non-manganese."
unlabeled_r330_c629,79.74532540169649,21.696411478268367,370210.0,2399750.0,1627.0,1923.0,2140.0,3177.0,4182.0,3441.0,0.19503478705883026,-0.13656747341156006,1.3153042793273926,1.2153444290161133,,unlabeled_background,,0,"Valid Sentinel-2 Phase 4 raster pixel; unlabeled/background, not confirmed non-manganese."
unlabeled_r598_c512,79.7231353782912,21.64782367970745,367870.0,2394390.0,1243.0,1473.0,1524.0,3004.0,3399.0,2527.0,0.3268551230430603,-0.0616898313164711,1.226065993309021,1.3450732231140137,,unlabeled_background,,0,"Valid Sentinel-2 Phase 4 raster pixel; unlabeled/background, not confirmed non-manganese."
unlabeled_r499_c231,79.66867224019092,21.665281740361397,362250.0,2396370.0,1178.0,1320.0,1299.0,2714.0,2625.0,1947.0,0.3526040315628052,0.01666978746652603,1.1027164459228516,1.348228096961975,,unlabeled_background,,0,"Valid Sentinel-2 Phase 4 raster pixel; unlabeled/background, not confirmed non-manganese."
unlabeled_r379_c428,79.70655069703236,21.687260980563742,366190.0,2398770.0,1290.0,1480.0,1574.0,3011.0,3626.0,2616.0,0.3134132921695709,-0.09266234934329987,1.2201550006866455,1.3860856294631958,,unlabeled_background,,0,"Valid Sentinel-2 Phase 4 raster pixel; unlabeled/background, not confirmed non-manganese."
unlabeled_r230_c178,79.65797957234373,21.71379368456867,361190.0,2401750.0,1272.0,1457.0,1564.0,2635.0,3393.0,2594.0,0.25506073236465454,-0.12574651837348938,1.2295597791671753,1.308018445968628,,unlabeled_background,,0,"Valid Sentinel-2 Phase 4 raster pixel; unlabeled/background, not confirmed non-manganese."
unlabeled_r363_c298,79.68139699355531,21.68995352796081,363590.0,2399090.0,1866.0,2198.0,2520.0,3422.0,2205.0,1696.0,0.151800736784935,0.21627865731716156,1.3504823446273804,1.3001179695129395,,unlabeled_background,,0,"Valid Sentinel-2 Phase 4 raster pixel; unlabeled/background, not confirmed non-manganese."
unlabeled_r377_c544,79.72896913622331,21.68779562232381,368510.0,2398810.0,1082.0,1134.0,1103.0,986.0,1077.0,1077.0,-0.056007660925388336,-0.04411051794886589,1.0194084644317627,1.0,,unlabeled_background,,0,"Valid Sentinel-2 Phase 4 raster pixel; unlabeled/background, not confirmed non-manganese."
unlabeled_r357_c621,79.74382127616988,21.691522100153097,370050.0,2399210.0,1721.0,1983.0,2372.0,3461.0,4614.0,3688.0,0.1866963803768158,-0.14278638362884521,1.3782684803009033,1.251084566116333,,unlabeled_background,,0,"Valid Sentinel-2 Phase 4 raster pixel; unlabeled/background, not confirmed non-manganese."
unlabeled_r138_c641,79.74734479617987,21.73111462799892,370450.0,2403590.0,1459.0,1732.0,1833.0,3321.0,3522.0,2772.0,0.28870779275894165,-0.029373081400990486,1.2563399076461792,1.270562767982483,,unlabeled_background,,0,"Valid Sentinel-2 Phase 4 raster pixel; unlabeled/background, not confirmed non-manganese."
unlabeled_r446_c32,79.6301240954432,21.67454311995163,358270.0,2397430.0,1201.0,1348.0,1317.0,2719.0,2724.0,1969.0,0.3473736345767975,-0.0009186110692098737,1.0965862274169922,1.3834433555603027,,unlabeled_background,,0,"Valid Sentinel-2 Phase 4 raster pixel; unlabeled/background, not confirmed non-manganese."
unlabeled_r463_c367,79.69489676002112,21.671993909788053,364970.0,2397090.0,1281.0,1537.0,1584.0,3073.0,3506.0,2613.0,0.31973373889923096,-0.06581547111272812,1.2365339994430542,1.3417527675628662,,unlabeled_background,,0,"Valid Sentinel-2 Phase 4 raster pixel; unlabeled/background, not confirmed non-manganese."
unlabeled_r111_c513,79.72255297266784,21.735803173788014,367890.0,2404130.0,1296.0,1475.0,1536.0,3107.0,3121.0,2265.0,0.3383588194847107,-0.0022479125764220953,1.185185194015503,1.377924919128418,,unlabeled_background,,0,"Valid Sentinel-2 Phase 4 raster pixel; unlabeled/background, not confirmed non-manganese."
unlabeled_r157_c227,79.6673307926299,21.727057465203128,362170.0,2403210.0,1835.0,2202.0,2589.0,3942.0,4677.0,3726.0,0.20716582238674164,-0.08527671545743942,1.4108991622924805,1.2552335262298584,,unlabeled_background,,0,"Valid Sentinel-2 Phase 4 raster pixel; unlabeled/background, not confirmed non-manganese."
unlabeled_r377_c513,79.72297711768768,21.68774959585948,367890.0,2398810.0,2109.0,2370.0,2701.0,3127.0,4153.0,3925.0,0.07309540361166,-0.1409340649843216,1.280701756477356,1.0580891370773315,,unlabeled_background,,0,"Valid Sentinel-2 Phase 4 raster pixel; unlabeled/background, not confirmed non-manganese."
unlabeled_r62_c129,79.64822316534661,21.744065349961677,360210.0,2405110.0,1176.0,1379.0,1284.0,3209.0,2728.0,1936.0,0.4284442365169525,0.08101734519004822,1.09183669090271,1.4090908765792847,,unlabeled_background,,0,"Valid Sentinel-2 Phase 4 raster pixel; unlabeled/background, not confirmed non-manganese."
unlabeled_r428_c55,79.63453858506182,21.677831400264203,358730.0,2397790.0,1304.0,1493.0,1583.0,2877.0,3206.0,2379.0,0.2901345193386078,-0.054085154086351395,1.2139570713043213,1.3476250171661377,,unlabeled_background,,0,"Valid Sentinel-2 Phase 4 raster pixel; unlabeled/background, not confirmed non-manganese."
unlabeled_r471_c5,79.62494875602822,21.669983804188163,357730.0,2396930.0,1340.0,1552.0,1618.0,2322.0,2305.0,1964.0,0.1786801964044571,0.003674086881801486,1.2074626684188843,1.1736252307891846,,unlabeled_background,,0,"Valid Sentinel-2 Phase 4 raster pixel; unlabeled/background, not confirmed non-manganese."
unlabeled_r281_c498,79.71992447320389,21.705069905366823,367590.0,2400730.0,1201.0,1356.0,1364.0,2842.0,2906.0,2093.0,0.35140275955200195,-0.011134307831525803,1.1357202529907227,1.3884376287460327,,unlabeled_background,,0,"Valid Sentinel-2 Phase 4 raster pixel; unlabeled/background, not confirmed non-manganese."
unlabeled_r419_c329,79.6874806428225,21.679884627193474,364210.0,2397970.0,1497.0,1719.0,1904.0,3249.0,4291.0,3462.0,0.261013001203537,-0.13819628953933716,1.2718770503997803,1.2394570112228394,,unlabeled_background,,0,"Valid Sentinel-2 Phase 4 raster pixel; unlabeled/background, not confirmed non-manganese."
unlabeled_r313_c524,79.72500154301254,21.699327751441224,368110.0,2400090.0,1215.0,1350.0,1375.0,2644.0,2974.0,2146.0,0.3157501816749573,-0.05873976647853851,1.1316872835159302,1.3858340978622437,,unlabeled_background,,0,"Valid Sentinel-2 Phase 4 raster pixel; unlabeled/background, not confirmed non-manganese."
unlabeled_r130_c148,79.65201160053655,21.731811329050693,360590.0,2403750.0,1320.0,1567.0,1652.0,3098.0,3407.0,2481.0,0.304421067237854,-0.04750192165374756,1.2515151500701904,1.3732366561889648,,unlabeled_background,,0,"Valid Sentinel-2 Phase 4 raster pixel; unlabeled/background, not confirmed non-manganese."
unlabeled_r518_c49,79.63353217501225,21.661563628742055,358610.0,2395990.0,1341.0,1508.0,1633.0,2578.0,3780.0,2904.0,0.2244122475385666,-0.18905316293239594,1.2177479267120361,1.3016529083251953,,unlabeled_background,,0,"Valid Sentinel-2 Phase 4 raster pixel; unlabeled/background, not confirmed non-manganese."
unlabeled_r165_c308,79.68300445990465,21.725737543838974,363790.0,2403050.0,1577.0,1845.0,2133.0,3551.0,4272.0,3280.0,0.24947220087051392,-0.09216412901878357,1.3525681495666504,1.3024389743804932,,unlabeled_background,,0,"Valid Sentinel-2 Phase 4 raster pixel; unlabeled/background, not confirmed non-manganese."
unlabeled_r235_c21,79.62763705443408,21.71264185936328,358050.0,2401650.0,1354.0,1608.0,1711.0,3472.0,3723.0,2752.0,0.33976462483406067,-0.034885335713624954,1.2636631727218628,1.3528343439102173,,unlabeled_background,,0,"Valid Sentinel-2 Phase 4 raster pixel; unlabeled/background, not confirmed non-manganese."
unlabeled_r398_c431,79.70716118908861,21.68383311333931,366250.0,2398390.0,1282.0,1460.0,1572.0,2828.0,3273.0,2440.0,0.28545454144477844,-0.07293885946273804,1.226209044456482,1.3413934707641602,,unlabeled_background,,0,"Valid Sentinel-2 Phase 4 raster pixel; unlabeled/background, not confirmed non-manganese."
unlabeled_r231_c464,79.7132715148437,21.714051612830403,366910.0,2401730.0,1400.0,1631.0,1670.0,3343.0,3505.0,2743.0,0.3337323069572449,-0.023656541481614113,1.1928571462631226,1.277798056602478,,unlabeled_background,,0,"Valid Sentinel-2 Phase 4 raster pixel; unlabeled/background, not confirmed non-manganese."
unlabeled_r8_c574,79.73418461349523,21.754500976895823,369110.0,2406190.0,1578.0,1872.0,2102.0,3717.0,4105.0,3072.0,0.27753910422325134,-0.04960368201136589,1.3320659399032593,1.3362630605697632,,unlabeled_background,,0,"Valid Sentinel-2 Phase 4 raster pixel; unlabeled/background, not confirmed non-manganese."
unlabeled_r590_c303,79.6827359974384,21.648953526749153,363690.0,2394550.0,1558.0,1784.0,2054.0,3325.0,4305.0,3307.0,0.23628927767276764,-0.12844036519527435,1.3183568716049194,1.3017840385437012,,unlabeled_background,,0,"Valid Sentinel-2 Phase 4 raster pixel; unlabeled/background, not confirmed non-manganese."
unlabeled_r293_c471,79.71472426077617,21.70286168910872,367050.0,2400490.0,1513.0,1801.0,2087.0,3230.0,4408.0,3409.0,0.21497084200382233,-0.15422885119915009,1.3793786764144897,1.2930477857589722,,unlabeled_background,,0,"Valid Sentinel-2 Phase 4 raster pixel; unlabeled/background, not confirmed non-manganese."
unlabeled_r2_c593,79.73784937519292,21.75561296192107,369490.0,2406310.0,1428.0,1720.0,1797.0,3689.0,3553.0,2587.0,0.34487786889076233,0.018779342994093895,1.2584034204483032,1.3734054565429688,,unlabeled_background,,0,"Valid Sentinel-2 Phase 4 raster pixel; unlabeled/background, not confirmed non-manganese."
unlabeled_r220_c637,79.74669978054256,21.716295151140468,370370.0,2401950.0,1459.0,1694.0,1813.0,3169.0,3325.0,2513.0,0.27217984199523926,-0.02402217499911785,1.2426319122314453,1.3231197595596313,,unlabeled_background,,0,"Valid Sentinel-2 Phase 4 raster pixel; unlabeled/background, not confirmed non-manganese."
unlabeled_r137_c32,79.62959580280965,21.7303627182104,358270.0,2403610.0,1278.0,1500.0,1477.0,3552.0,2811.0,1967.0,0.4126068949699402,0.11645450443029404,1.1557120084762573,1.4290797710418701,,unlabeled_background,,0,"Valid Sentinel-2 Phase 4 raster pixel; unlabeled/background, not confirmed non-manganese."
unlabeled_r288_c163,79.65517713174472,21.703292605836875,360890.0,2400590.0,1622.0,1931.0,2040.0,3526.0,3782.0,2967.0,0.26697808504104614,-0.03503010421991348,1.2577065229415894,1.2746882438659668,,unlabeled_background,,0,"Valid Sentinel-2 Phase 4 raster pixel; unlabeled/background, not confirmed non-manganese."
unlabeled_r560_c564,79.73312383444396,21.65476549286204,368910.0,2395150.0,1212.0,1415.0,1452.0,2790.0,2997.0,2177.0,0.31541725993156433,-0.03576982766389847,1.1980197429656982,1.3766651153564453,,unlabeled_background,,0,"Valid Sentinel-2 Phase 4 raster pixel; unlabeled/background, not confirmed non-manganese."
unlabeled_r490_c170,79.6568685686985,21.66681261321172,361030.0,2396550.0,1213.0,1427.0,1374.0,3239.0,3049.0,2127.0,0.4042922258377075,0.030216284096240997,1.1327288150787354,1.4334744215011597,,unlabeled_background,,0,"Valid Sentinel-2 Phase 4 raster pixel; unlabeled/background, not confirmed non-manganese."
unlabeled_r60_c530,79.72575876113795,21.745041761490995,368230.0,2405150.0,1366.0,1583.0,1644.0,3049.0,3015.0,2270.0,0.2993820607662201,0.005606860388070345,1.2035138607025146,1.3281937837600708,,unlabeled_background,,0,"Valid Sentinel-2 Phase 4 raster pixel; unlabeled/background, not confirmed non-manganese."
unlabeled_r334_c150,79.65274147481165,21.694962403202855,360630.0,2399670.0,1249.0,1464.0,1537.0,2973.0,3350.0,2456.0,0.31840354204177856,-0.0596235953271389,1.2305845022201538,1.364006519317627,,unlabeled_background,,0,"Valid Sentinel-2 Phase 4 raster pixel; unlabeled/background, not confirmed non-manganese."
unlabeled_r187_c235,79.66892738873386,21.72165045210287,362330.0,2402610.0,2046.0,2448.0,2995.0,4329.0,4994.0,4034.0,0.18214090168476105,-0.07132896780967712,1.463831901550293,1.237977147102356,,unlabeled_background,,0,"Valid Sentinel-2 Phase 4 raster pixel; unlabeled/background, not confirmed non-manganese."
unlabeled_r523_c26,79.62909599338309,21.660623751362856,358150.0,2395890.0,1169.0,1278.0,1264.0,2787.0,2603.0,1881.0,0.37595656514167786,0.034137289971113205,1.0812660455703735,1.383838415145874,,unlabeled_background,,0,"Valid Sentinel-2 Phase 4 raster pixel; unlabeled/background, not confirmed non-manganese."
unlabeled_r47_c460,79.71220214574647,21.7472854633252,366830.0,2405410.0,1747.0,2045.0,2417.0,3905.0,4176.0,3127.0,0.235368549823761,-0.03353545442223549,1.383514642715454,1.3354653120040894,,unlabeled_background,,0,"Valid Sentinel-2 Phase 4 raster pixel; unlabeled/background, not confirmed non-manganese."
unlabeled_r291_c618,79.74313790323637,21.7034408898686,369990.0,2400530.0,1243.0,1509.0,1448.0,2224.0,1683.0,1455.0,0.21132898330688477,0.1384694129228592,1.1649235486984253,1.1567010879516602,,unlabeled_background,,0,"Valid Sentinel-2 Phase 4 raster pixel; unlabeled/background, not confirmed non-manganese."
unlabeled_r233_c505,79.72120104877138,21.713751669784795,367730.0,2401690.0,1193.0,1388.0,1363.0,2879.0,2789.0,2007.0,0.35737860202789307,0.015878615900874138,1.1424978971481323,1.3896362781524658,,unlabeled_background,,0,"Valid Sentinel-2 Phase 4 raster pixel; unlabeled/background, not confirmed non-manganese."
unlabeled_r431_c550,79.73021436368259,21.678049205971433,368630.0,2397730.0,1639.0,1956.0,2294.0,3560.0,4641.0,3537.0,0.21626238524913788,-0.1318131983280182,1.3996338844299316,1.3121289014816284,,unlabeled_background,,0,"Valid Sentinel-2 Phase 4 raster pixel; unlabeled/background, not confirmed non-manganese."
unlabeled_r142_c444,79.70926153725746,21.730099514763157,366510.0,2403510.0,1759.0,2142.0,2587.0,3871.0,4615.0,3689.0,0.19882316887378693,-0.08767381310462952,1.470721960067749,1.2510164976119995,,unlabeled_background,,0,"Valid Sentinel-2 Phase 4 raster pixel; unlabeled/background, not confirmed non-manganese."
unlabeled_r206_c174,79.657166049124,21.718122964778875,361110.0,2402230.0,1217.0,1393.0,1465.0,2465.0,3273.0,2447.0,0.2544529139995575,-0.1408156156539917,1.2037798166275024,1.33755624294281,,unlabeled_background,,0,"Valid Sentinel-2 Phase 4 raster pixel; unlabeled/background, not confirmed non-manganese."
unlabeled_r169_c92,79.64125057570682,21.724677631657872,359470.0,2402970.0,1217.0,1436.0,1376.0,3383.0,2687.0,1910.0,0.4217272400856018,0.1146622747182846,1.1306490898132324,1.406806230545044,,unlabeled_background,,0,"Valid Sentinel-2 Phase 4 raster pixel; unlabeled/background, not confirmed non-manganese."
unlabeled_r192_c38,79.6308499221283,21.720436810488053,358390.0,2402510.0,1397.0,1616.0,1757.0,3156.0,3578.0,2648.0,0.2847547233104706,-0.06266706436872482,1.2576950788497925,1.3512084484100342,,unlabeled_background,,0,"Valid Sentinel-2 Phase 4 raster pixel; unlabeled/background, not confirmed non-manganese."
unlabeled_r136_c106,79.64390133594627,21.73066114672886,359750.0,2403630.0,1263.0,1481.0,1584.0,3280.0,3180.0,2208.0,0.3486842215061188,0.015479875728487968,1.2541568279266357,1.44021737575531,,unlabeled_background,,0,"Valid Sentinel-2 Phase 4 raster pixel; unlabeled/background, not confirmed non-manganese."
unlabeled_r273_c39,79.6311816820575,21.70580609746451,358410.0,2400890.0,1332.0,1528.0,1666.0,3284.0,3319.0,2385.0,0.3268686830997467,-0.005300621036440134,1.2507507801055908,1.3916141986846924,,unlabeled_background,,0,"Valid Sentinel-2 Phase 4 raster pixel; unlabeled/background, not confirmed non-manganese."
unlabeled_r570_c72,79.63806507118916,21.652206480311996,359070.0,2394950.0,1259.0,1382.0,1408.0,2331.0,2600.0,2021.0,0.2468574494123459,-0.0545528307557106,1.1183478832244873,1.286491870880127,,unlabeled_background,,0,"Valid Sentinel-2 Phase 4 raster pixel; unlabeled/background, not confirmed non-manganese."
unlabeled_r554_c71,79.63784470657262,21.65509525735709,359050.0,2395270.0,1338.0,1550.0,1639.0,2563.0,3846.0,2862.0,0.21989528834819794,-0.20018723607063293,1.224962592124939,1.343815565109253,,unlabeled_background,,0,"Valid Sentinel-2 Phase 4 raster pixel; unlabeled/background, not confirmed non-manganese."
unlabeled_r175_c294,79.68031421124516,21.723909506815495,363510.0,2402850.0,1805.0,2143.0,2620.0,3811.0,4998.0,3921.0,0.18519669771194458,-0.13474854826927185,1.4515235424041748,1.2746747732162476,,unlabeled_background,,0,"Valid Sentinel-2 Phase 4 raster pixel; unlabeled/background, not confirmed non-manganese."
unlabeled_r258_c431,79.70693538376295,21.709124360363592,366250.0,2401190.0,1219.0,1420.0,1466.0,2874.0,2841.0,2043.0,0.32442396879196167,0.0057742781937122345,1.2026251554489136,1.3906021118164062,,unlabeled_background,,0,"Valid Sentinel-2 Phase 4 raster pixel; unlabeled/background, not confirmed non-manganese."
unlabeled_r46_c6,79.62441248507976,21.746759714787288,357750.0,2405430.0,1342.0,1582.0,1579.0,3635.0,3128.0,2218.0,0.3943229913711548,0.07496672868728638,1.1766021251678467,1.4102795124053955,,unlabeled_background,,0,"Valid Sentinel-2 Phase 4 raster pixel; unlabeled/background, not confirmed non-manganese."
unlabeled_r582_c296,79.68137021863615,21.650388001202906,363550.0,2394710.0,1295.0,1472.0,1618.0,2874.0,3521.0,2656.0,0.27960819005966187,-0.1011727899312973,1.2494208812713623,1.325677752494812,,unlabeled_background,,0,"Valid Sentinel-2 Phase 4 raster pixel; unlabeled/background, not confirmed non-manganese."
unlabeled_r380_c220,79.66634866463349,21.68676193914396,362030.0,2398750.0,1705.0,2017.0,2391.0,3620.0,4706.0,3589.0,0.20445849001407623,-0.1304347813129425,1.4023460149765015,1.3112287521362305,,unlabeled_background,,0,"Valid Sentinel-2 Phase 4 raster pixel; unlabeled/background, not confirmed non-manganese."
unlabeled_r207_c329,79.68713344413398,21.718182487857252,364210.0,2402210.0,1399.0,1585.0,1808.0,2817.0,3851.0,2958.0,0.2181621640920639,-0.1550689935684204,1.2923517227172852,1.3018931150436401,,unlabeled_background,,0,"Valid Sentinel-2 Phase 4 raster pixel; unlabeled/background, not confirmed non-manganese."
unlabeled_r507_c569,79.73400653022011,21.664347548703724,369010.0,2396210.0,1274.0,1458.0,1393.0,3198.0,2905.0,2129.0,0.39316052198410034,0.048009175807237625,1.0934065580368042,1.3644903898239136,,unlabeled_background,,0,"Valid Sentinel-2 Phase 4 raster pixel; unlabeled/background, not confirmed non-manganese."
unlabeled_r69_c484,79.7168783179384,21.74334717979254,367310.0,2404970.0,1630.0,1922.0,2196.0,3867.0,4078.0,3082.0,0.2756061255931854,-0.02655758336186409,1.3472392559051514,1.3231667280197144,,unlabeled_background,,0,"Valid Sentinel-2 Phase 4 raster pixel; unlabeled/background, not confirmed non-manganese."
unlabeled_r224_c509,79.72195998809407,21.715383507781468,367810.0,2401870.0,1362.0,1592.0,1710.0,3262.0,3661.0,2590.0,0.3121480345726013,-0.05763397365808487,1.2555066347122192,1.4135135412216187,,unlabeled_background,,0,"Valid Sentinel-2 Phase 4 raster pixel; unlabeled/background, not confirmed non-manganese."
unlabeled_r198_c219,79.66585241246706,21.71963843666638,362010.0,2402390.0,1814.0,2157.0,2616.0,4002.0,4695.0,3626.0,0.2094288319349289,-0.07968264818191528,1.4421168565750122,1.294815182685852,,unlabeled_background,,0,"Valid Sentinel-2 Phase 4 raster pixel; unlabeled/background, not confirmed non-manganese."
unlabeled_r133_c147,79.65182331085911,21.731267814107856,360570.0,2403690.0,1287.0,1501.0,1535.0,2997.0,3103.0,2206.0,0.32259488105773926,-0.01737704873085022,1.192696213722229,1.406618356704712,,unlabeled_background,,0,"Valid Sentinel-2 Phase 4 raster pixel; unlabeled/background, not confirmed non-manganese."
unlabeled_r597_c156,79.65434223040319,21.64746127977349,360750.0,2394410.0,1264.0,1443.0,1454.0,2816.0,2987.0,2228.0,0.3189695477485657,-0.029467517510056496,1.1503164768218994,1.340664267539978,,unlabeled_background,,0,"Valid Sentinel-2 Phase 4 raster pixel; unlabeled/background, not confirmed non-manganese."
unlabeled_r64_c435,79.7073953967355,21.74417671363336,366330.0,2405070.0,1712.0,1968.0,2310.0,3630.0,4354.0,3434.0,0.2222222238779068,-0.09068135917186737,1.3492990732192993,1.2679091691970825,,unlabeled_background,,0,"Valid Sentinel-2 Phase 4 raster pixel; unlabeled/background, not confirmed non-manganese."
unlabeled_r570_c10,79.62608443163735,21.652107798197616,357830.0,2394950.0,1659.0,1940.0,2410.0,3318.0,4530.0,3544.0,0.15851955115795135,-0.15443424880504608,1.452682375907898,1.2782167196273804,,unlabeled_background,,0,"Valid Sentinel-2 Phase 4 raster pixel; unlabeled/background, not confirmed non-manganese."
unlabeled_r596_c138,79.65086238457016,21.647613714543755,360390.0,2394430.0,1274.0,1493.0,1539.0,2946.0,3091.0,2298.0,0.31371238827705383,-0.024018552154302597,1.2080062627792358,1.3450826406478882,,unlabeled_background,,0,"Valid Sentinel-2 Phase 4 raster pixel; unlabeled/background, not confirmed non-manganese."
unlabeled_r329_c500,79.72038773955732,21.696401565046244,367630.0,2399770.0,1196.0,1406.0,1397.0,2848.0,3114.0,2255.0,0.3418138921260834,-0.04461590200662613,1.1680601835250854,1.3809312582015991,,unlabeled_background,,0,"Valid Sentinel-2 Phase 4 raster pixel; unlabeled/background, not confirmed non-manganese."
unlabeled_r379_c247,79.67156570882636,21.68698446797946,362570.0,2398770.0,1192.0,1360.0,1362.0,2914.0,2792.0,2040.0,0.36295604705810547,0.02138100191950798,1.1426174640655518,1.3686274290084839,,unlabeled_background,,0,"Valid Sentinel-2 Phase 4 raster pixel; unlabeled/background, not confirmed non-manganese."
unlabeled_r293_c99,79.6428140421404,21.702288540032747,359610.0,2400490.0,1267.0,1415.0,1532.0,2745.0,3437.0,2605.0,0.2836100161075592,-0.11193788051605225,1.2091554403305054,1.3193857669830322,,unlabeled_background,,0,"Valid Sentinel-2 Phase 4 raster pixel; unlabeled/background, not confirmed non-manganese."
unlabeled_r56_c119,79.64627940849269,21.74513342431569,360010.0,2405230.0,1442.0,1692.0,1834.0,3310.0,3464.0,2627.0,0.2869362235069275,-0.022733982652425766,1.2718446254730225,1.3186143636703491,,unlabeled_background,,0,"Valid Sentinel-2 Phase 4 raster pixel; unlabeled/background, not confirmed non-manganese."
unlabeled_r409_c552,79.73056611143654,21.68202654720977,368670.0,2398170.0,1991.0,2266.0,2605.0,3190.0,4005.0,3738.0,0.10094909369945526,-0.11327310651540756,1.3083877563476562,1.0714285373687744,,unlabeled_background,,0,"Valid Sentinel-2 Phase 4 raster pixel; unlabeled/background, not confirmed non-manganese."
unlabeled_r146_c279,79.6773662584978,21.729125196071326,363210.0,2403430.0,1927.0,2249.0,2710.0,3963.0,5199.0,4157.0,0.18777161836624146,-0.13490504026412964,1.4063310623168945,1.2506614923477173,,unlabeled_background,,0,"Valid Sentinel-2 Phase 4 raster pixel; unlabeled/background, not confirmed non-manganese."
unlabeled_r68_c461,79.71242932924139,21.74349329517217,366850.0,2404990.0,1283.0,1543.0,1426.0,3514.0,2785.0,2045.0,0.4226720631122589,0.11573265492916107,1.1114574670791626,1.3618582487106323,,unlabeled_background,,0,"Valid Sentinel-2 Phase 4 raster pixel; unlabeled/background, not confirmed non-manganese."
unlabeled_r143_c471,79.71448349662323,21.729959469502262,367050.0,2403490.0,1301.0,1529.0,1633.0,3145.0,3540.0,2601.0,0.3164503872394562,-0.05908751115202904,1.2551883459091187,1.36101496219635,,unlabeled_background,,0,"Valid Sentinel-2 Phase 4 raster pixel; unlabeled/background, not confirmed non-manganese."
unlabeled_r68_c73,79.63740525092598,21.74289268721311,359090.0,2404990.0,1273.0,1490.0,1541.0,3252.0,2916.0,2041.0,0.3569789230823517,0.05447470769286156,1.2105263471603394,1.4287114143371582,,unlabeled_background,,0,"Valid Sentinel-2 Phase 4 raster pixel; unlabeled/background, not confirmed non-manganese."
unlabeled_r80_c644,79.74783406983293,21.741596933418123,370510.0,2404750.0,1577.0,1832.0,2026.0,3623.0,3746.0,2883.0,0.2827048897743225,-0.0166915450245142,1.2847177982330322,1.2993409633636475,,unlabeled_background,,0,"Valid Sentinel-2 Phase 4 raster pixel; unlabeled/background, not confirmed non-manganese."
unlabeled_r4_c125,79.64735159982047,21.754536513835088,360130.0,2406270.0,1302.0,1528.0,1590.0,3410.0,3045.0,2112.0,0.36399999260902405,0.05654531344771385,1.2211982011795044,1.4417613744735718,,unlabeled_background,,0,"Valid Sentinel-2 Phase 4 raster pixel; unlabeled/background, not confirmed non-manganese."
unlabeled_r403_c508,79.72205209064724,21.683045172126985,367790.0,2398290.0,1402.0,1740.0,1799.0,3535.0,2890.0,2314.0,0.3254593312740326,0.10038910806179047,1.2831668853759766,1.2489196062088013,,unlabeled_background,,0,"Valid Sentinel-2 Phase 4 raster pixel; unlabeled/background, not confirmed non-manganese."
unlabeled_r6_c443,79.70884865073027,21.75466653021233,366490.0,2406230.0,1596.0,1909.0,2167.0,3158.0,3347.0,2801.0,0.18610328435897827,-0.02905457280576229,1.3577693700790405,1.1949304342269897,,unlabeled_background,,0,"Valid Sentinel-2 Phase 4 raster pixel; unlabeled/background, not confirmed non-manganese."
unlabeled_r305_c638,79.74702605783102,21.70094099702342,370390.0,2400250.0,1439.0,1710.0,1812.0,2739.0,2880.0,2407.0,0.2036914974451065,-0.025093432515859604,1.2592077255249023,1.1965101957321167,,unlabeled_background,,0,"Valid Sentinel-2 Phase 4 raster pixel; unlabeled/background, not confirmed non-manganese."
unlabeled_r263_c215,79.66518742853094,21.707890064865513,361930.0,2401090.0,1414.0,1609.0,1811.0,2989.0,3795.0,2837.0,0.24541667103767395,-0.11880896240472794,1.2807637453079224,1.337680697441101,,unlabeled_background,,0,"Valid Sentinel-2 Phase 4 raster pixel; unlabeled/background, not confirmed non-manganese."
unlabeled_r36_c475,79.71508501072813,21.749295171399943,367130.0,2405630.0,1446.0,1650.0,1664.0,3559.0,3106.0,2420.0,0.36281830072402954,0.067966990172863,1.1507607698440552,1.2834711074829102,,unlabeled_background,,0,"Valid Sentinel-2 Phase 4 raster pixel; unlabeled/background, not confirmed non-manganese."
unlabeled_r291_c96,79.64223074227198,21.702645084911914,359550.0,2400530.0,1325.0,1506.0,1642.0,2875.0,3632.0,2786.0,0.2729687988758087,-0.11633625626564026,1.2392452955245972,1.3036611080169678,,unlabeled_background,,0,"Valid Sentinel-2 Phase 4 raster pixel; unlabeled/background, not confirmed non-manganese."
unlabeled_r78_c497,79.71940646868339,21.741740782410982,367570.0,2404790.0,1978.0,2331.0,2785.0,4267.0,4748.0,3664.0,0.21015314757823944,-0.053355518728494644,1.4079878330230713,1.295851469039917,,unlabeled_background,,0,"Valid Sentinel-2 Phase 4 raster pixel; unlabeled/background, not confirmed non-manganese."
unlabeled_r80_c620,79.74319332738962,21.741561763863817,370030.0,2404750.0,1795.0,2093.0,2482.0,3727.0,4878.0,3780.0,0.20051537454128265,-0.13375943899154663,1.3827297687530518,1.2904762029647827,,unlabeled_background,,0,"Valid Sentinel-2 Phase 4 raster pixel; unlabeled/background, not confirmed non-manganese."
unlabeled_r350_c658,79.75096238145795,21.692840704865933,370790.0,2399350.0,1323.0,1623.0,1588.0,1394.0,1228.0,1182.0,-0.06505700945854187,0.06331045180559158,1.2003023624420166,1.038917064666748,,unlabeled_background,,0,"Valid Sentinel-2 Phase 4 raster pixel; unlabeled/background, not confirmed non-manganese."
unlabeled_r174_c378,79.69655283948306,21.724218751603257,365190.0,2402870.0,1378.0,1594.0,1737.0,3524.0,3691.0,2708.0,0.33966925740242004,-0.02314622327685356,1.260522484779358,1.3629984855651855,,unlabeled_background,,0,"Valid Sentinel-2 Phase 4 raster pixel; unlabeled/background, not confirmed non-manganese."
unlabeled_r233_c542,79.7283540940071,21.71380671871813,368470.0,2401690.0,1235.0,1442.0,1385.0,3017.0,2893.0,2111.0,0.3707405626773834,0.02098138816654682,1.1214574575424194,1.3704406023025513,,unlabeled_background,,0,"Valid Sentinel-2 Phase 4 raster pixel; unlabeled/background, not confirmed non-manganese."
unlabeled_r409_c167,79.65615317060016,21.68144045285364,360970.0,2398170.0,1314.0,1614.0,1663.0,3240.0,3137.0,2254.0,0.3216398060321808,0.01615179516375065,1.2656011581420898,1.3917479515075684,,unlabeled_background,,0,"Valid Sentinel-2 Phase 4 raster pixel; unlabeled/background, not confirmed non-manganese."
unlabeled_r537_c112,79.64573892102663,21.65823107758068,359870.0,2395610.0,1353.0,1565.0,1700.0,2694.0,3919.0,2982.0,0.22621756792068481,-0.1852411925792694,1.2564671039581299,1.3142186403274536,,unlabeled_background,,0,"Valid Sentinel-2 Phase 4 raster pixel; unlabeled/background, not confirmed non-manganese."
unlabeled_r51_c617,79.74256763666402,21.746796302268535,369970.0,2405330.0,1481.0,1734.0,1883.0,3793.0,3588.0,2582.0,0.33650457859039307,0.027774013578891754,1.2714382410049438,1.3896204233169556,,unlabeled_background,,0,"Valid Sentinel-2 Phase 4 raster pixel; unlabeled/background, not confirmed non-manganese."
unlabeled_r23_c54,79.63365456490757,21.750991440365162,358710.0,2405890.0,1417.0,1677.0,1813.0,3525.0,3676.0,2671.0,0.3207193613052368,-0.02096930891275406,1.2794636487960815,1.3762636184692383,,unlabeled_background,,0,"Valid Sentinel-2 Phase 4 raster pixel; unlabeled/background, not confirmed non-manganese."
unlabeled_r151_c505,79.72107006819306,21.728565152572873,367730.0,2403330.0,1653.0,1958.0,2345.0,3726.0,4520.0,3455.0,0.2274748831987381,-0.09628911316394806,1.4186327457427979,1.3082488775253296,,unlabeled_background,,0,"Valid Sentinel-2 Phase 4 raster pixel; unlabeled/background, not confirmed non-manganese."
unlabeled_r336_c611,79.74185535085043,21.695301187268704,369850.0,2399630.0,1656.0,1996.0,2444.0,3567.0,4672.0,3597.0,0.18682415783405304,-0.1341182142496109,1.475845456123352,1.2988601922988892,,unlabeled_background,,0,"Valid Sentinel-2 Phase 4 raster pixel; unlabeled/background, not confirmed non-manganese."
unlabeled_r214_c142,79.65099309931963,21.71662752843159,360470.0,2402070.0,1218.0,1421.0,1402.0,2952.0,3018.0,2179.0,0.35599449276924133,-0.011055276729166508,1.1510673761367798,1.38503897190094,,unlabeled_background,,0,"Valid Sentinel-2 Phase 4 raster pixel; unlabeled/background, not confirmed non-manganese."
unlabeled_r597_c124,79.64815882624771,21.647411071315634,360110.0,2394410.0,1261.0,1351.0,1386.0,2596.0,2710.0,1999.0,0.3038673996925354,-0.021485110744833946,1.0991276502609253,1.355677843093872,,unlabeled_background,,0,"Valid Sentinel-2 Phase 4 raster pixel; unlabeled/background, not confirmed non-manganese."
unlabeled_r171_c263,79.67431418957167,21.724584242530838,362890.0,2402930.0,1568.0,1838.0,2184.0,3335.0,4565.0,3584.0,0.2085522711277008,-0.15569619834423065,1.3928571939468384,1.2737165689468384,,unlabeled_background,,0,"Valid Sentinel-2 Phase 4 raster pixel; unlabeled/background, not confirmed non-manganese."
unlabeled_r157_c635,79.74621446091092,21.727673426087048,370330.0,2403210.0,1344.0,1578.0,1541.0,3701.0,3014.0,2280.0,0.41205647587776184,0.10230826586484909,1.1465773582458496,1.3219298124313354,,unlabeled_background,,0,"Valid Sentinel-2 Phase 4 raster pixel; unlabeled/background, not confirmed non-manganese."
unlabeled_r32_c483,79.71662556864042,21.750029780865226,367290.0,2405710.0,1702.0,1976.0,2265.0,4239.0,4338.0,3231.0,0.303505539894104,-0.01154249720275402,1.3307873010635376,1.3426183462142944,,unlabeled_background,,0,"Valid Sentinel-2 Phase 4 raster pixel; unlabeled/background, not confirmed non-manganese."
unlabeled_r376_c422,79.7053861220674,21.687793888103613,366070.0,2398830.0,1166.0,1310.0,1282.0,2791.0,2870.0,2075.0,0.37048858404159546,-0.01395513117313385,1.0994853973388672,1.3831325769424438,,unlabeled_background,,0,"Valid Sentinel-2 Phase 4 raster pixel; unlabeled/background, not confirmed non-manganese."
unlabeled_r261_c3,79.6242020156022,21.70791622503508,357690.0,2401130.0,1251.0,1381.0,1481.0,2824.0,3104.0,2234.0,0.3119628429412842,-0.047233469784259796,1.1838529109954834,1.3894360065460205,,unlabeled_background,,0,"Valid Sentinel-2 Phase 4 raster pixel; unlabeled/background, not confirmed non-manganese."
unlabeled_r327_c626,79.74474079239627,21.69694905232036,370150.0,2399810.0,1267.0,1482.0,1537.0,2160.0,2121.0,1820.0,0.16851501166820526,0.009110021404922009,1.213101863861084,1.1653846502304077,,unlabeled_background,,0,"Valid Sentinel-2 Phase 4 raster pixel; unlabeled/background, not confirmed non-manganese."
unlabeled_r450_c321,79.68598518879243,21.67427221696395,364050.0,2397350.0,1202.0,1422.0,1416.0,2772.0,3005.0,2227.0,0.3237822353839874,-0.04033235087990761,1.1780365705490112,1.3493489027023315,,unlabeled_background,,0,"Valid Sentinel-2 Phase 4 raster pixel; unlabeled/background, not confirmed non-manganese."
unlabeled_r76_c148,79.65192060896075,21.74156625977814,360590.0,2404830.0,1356.0,1610.0,1809.0,3254.0,3745.0,2690.0,0.28540390729904175,-0.0701528787612915,1.3340708017349243,1.39219331741333,,unlabeled_background,,0,"Valid Sentinel-2 Phase 4 raster pixel; unlabeled/background, not confirmed non-manganese."
unlabeled_r111_c311,79.68349564156408,21.73549721836184,363850.0,2404130.0,1589.0,1865.0,2228.0,3505.0,4257.0,3271.0,0.22274550795555115,-0.09688224643468857,1.402139663696289,1.3014369010925293,,unlabeled_background,,0,"Valid Sentinel-2 Phase 4 raster pixel; unlabeled/background, not confirmed non-manganese."
unlabeled_r50_c77,79.63814802846855,21.746150674292238,359170.0,2405350.0,1221.0,1414.0,1366.0,3154.0,2737.0,1943.0,0.39557522535324097,0.07078594714403152,1.1187551021575928,1.4086464643478394,,unlabeled_background,,0,"Valid Sentinel-2 Phase 4 raster pixel; unlabeled/background, not confirmed non-manganese."
unlabeled_r59_c200,79.66194675619603,21.744718846278566,361630.0,2405170.0,1561.0,1845.0,2107.0,3408.0,4338.0,3586.0,0.2359020859003067,-0.1200619637966156,1.349775791168213,1.2097043991088867,,unlabeled_background,,0,"Valid Sentinel-2 Phase 4 raster pixel; unlabeled/background, not confirmed non-manganese."
unlabeled_r400_c600,79.73982960507122,21.6837231693582,369630.0,2398350.0,1625.0,1898.0,2163.0,3505.0,3851.0,3006.0,0.23676781356334686,-0.04703643172979355,1.331076979637146,1.2811044454574585,,unlabeled_background,,0,"Valid Sentinel-2 Phase 4 raster pixel; unlabeled/background, not confirmed non-manganese."
unlabeled_r27_c485,79.71700429117759,21.75093603628201,367330.0,2405810.0,1465.0,1749.0,1865.0,4169.0,3960.0,2871.0,0.38183626532554626,0.025710418820381165,1.2730375528335571,1.3793103694915771,,unlabeled_background,,0,"Valid Sentinel-2 Phase 4 raster pixel; unlabeled/background, not confirmed non-manganese."
unlabeled_r245_c14,79.62630098938816,21.710824191774183,357910.0,2401450.0,1229.0,1421.0,1437.0,3103.0,3073.0,2187.0,0.366960346698761,0.0048575131222605705,1.169243335723877,1.4051212072372437,,unlabeled_background,,0,"Valid Sentinel-2 Phase 4 raster pixel; unlabeled/background, not confirmed non-manganese."
unlabeled_r147_c475,79.7152633037222,21.729242864694445,367130.0,2403410.0,1342.0,1546.0,1641.0,3219.0,3443.0,2570.0,0.3246913552284241,-0.03362353518605232,1.2228018045425415,1.3396886587142944,,unlabeled_background,,0,"Valid Sentinel-2 Phase 4 raster pixel; unlabeled/background, not confirmed non-manganese."
unlabeled_r321_c557,79.73139332050714,21.697931459325115,368770.0,2399930.0,1319.0,1590.0,1637.0,2480.0,2729.0,2077.0,0.20476074516773224,-0.04780188202857971,1.2410917282104492,1.3139142990112305,,unlabeled_background,,0,"Valid Sentinel-2 Phase 4 raster pixel; unlabeled/background, not confirmed non-manganese."
unlabeled_r205_c306,79.6826836018756,21.718508490916914,363750.0,2402250.0,1976.0,2407.0,2901.0,3978.0,5251.0,4284.0,0.15656346082687378,-0.13793477416038513,1.468117356300354,1.2257236242294312,,unlabeled_background,,0,"Valid Sentinel-2 Phase 4 raster pixel; unlabeled/background, not confirmed non-manganese."
unlabeled_r309_c9,79.62544421139091,21.69925486115867,357810.0,2400170.0,1293.0,1536.0,1615.0,3307.0,3273.0,2320.0,0.34376269578933716,0.005167173221707344,1.2490332126617432,1.410775899887085,,unlabeled_background,,0,"Valid Sentinel-2 Phase 4 raster pixel; unlabeled/background, not confirmed non-manganese."
unlabeled_r303_c119,79.64669700799197,21.700513675066585,360010.0,2400290.0,1344.0,1539.0,1582.0,3266.0,3438.0,2659.0,0.3473597466945648,-0.0256563238799572,1.1770833730697632,1.2929673194885254,,unlabeled_background,,0,"Valid Sentinel-2 Phase 4 raster pixel; unlabeled/background, not confirmed non-manganese."
unlabeled_r357_c435,79.7078682710716,21.691245869892803,366330.0,2399210.0,1221.0,1412.0,1424.0,2760.0,2920.0,2206.0,0.31931164860725403,-0.028169013559818268,1.1662571430206299,1.3236627578735352,,unlabeled_background,,0,"Valid Sentinel-2 Phase 4 raster pixel; unlabeled/background, not confirmed non-manganese."
unlabeled_r173_c604,79.740245933422,21.724737487912083,369710.0,2402890.0,1866.0,2239.0,2632.0,4133.0,4911.0,3828.0,0.2218773066997528,-0.08602388203144073,1.4105037450790405,1.2829153537750244,,unlabeled_background,,0,"Valid Sentinel-2 Phase 4 raster pixel; unlabeled/background, not confirmed non-manganese."
unlabeled_r380_c638,79.74714326604551,21.68739189948169,370390.0,2398750.0,1206.0,1373.0,1420.0,2896.0,3056.0,2184.0,0.3419833183288574,-0.02688172087073326,1.1774461269378662,1.3992674350738525,,unlabeled_background,,0,"Valid Sentinel-2 Phase 4 raster pixel; unlabeled/background, not confirmed non-manganese."
unlabeled_r532_c193,79.66138351527185,21.659261256370662,361490.0,2395710.0,1829.0,2077.0,2494.0,3647.0,4926.0,3947.0,0.18775443732738495,-0.1491893082857132,1.363586664199829,1.248036503791809,,unlabeled_background,,0,"Valid Sentinel-2 Phase 4 raster pixel; unlabeled/background, not confirmed non-manganese."
unlabeled_r378_c403,79.70171686444034,21.68740387875723,365690.0,2398790.0,1393.0,1622.0,1784.0,3167.0,3352.0,2433.0,0.27933749556541443,-0.02837858535349369,1.2806891202926636,1.377722978591919,,unlabeled_background,,0,"Valid Sentinel-2 Phase 4 raster pixel; unlabeled/background, not confirmed non-manganese."
unlabeled_r500_c580,79.7361213757456,21.665628329005933,369230.0,2396350.0,1386.0,1544.0,1742.0,2759.0,3772.0,2779.0,0.22594979405403137,-0.15510641038417816,1.2568542957305908,1.3573228120803833,,unlabeled_background,,0,"Valid Sentinel-2 Phase 4 raster pixel; unlabeled/background, not confirmed non-manganese."
unlabeled_r353_c9,79.6255196503731,21.691306447150353,357810.0,2399290.0,1319.0,1548.0,1711.0,3000.0,3265.0,2429.0,0.27361494302749634,-0.04229848459362984,1.2971948385238647,1.3441745042800903,,unlabeled_background,,0,"Valid Sentinel-2 Phase 4 raster pixel; unlabeled/background, not confirmed non-manganese."
unlabeled_r298_c392,79.69946092114648,21.7018393237817,365470.0,2400390.0,1258.0,1429.0,1486.0,3026.0,3014.0,2196.0,0.341312050819397,0.001986755058169365,1.1812400817871094,1.372495412826538,,unlabeled_background,,0,"Valid Sentinel-2 Phase 4 raster pixel; unlabeled/background, not confirmed non-manganese."
unlabeled_r424_c343,79.69019469140437,21.679002757197274,364490.0,2397870.0,2061.0,2457.0,2933.0,4069.0,5475.0,4541.0,0.16223935782909393,-0.14731769263744354,1.4230955839157104,1.205681562423706,,unlabeled_background,,0,"Valid Sentinel-2 Phase 4 raster pixel; unlabeled/background, not confirmed non-manganese."
unlabeled_r559_c122,79.64770841166748,21.654272565529187,360070.0,2395170.0,1293.0,1491.0,1527.0,2734.0,3342.0,2512.0,0.2832668423652649,-0.10006583482027054,1.1809744834899902,1.330414056777954,,unlabeled_background,,0,"Valid Sentinel-2 Phase 4 raster pixel; unlabeled/background, not confirmed non-manganese."
unlabeled_r504_c267,79.67563773330366,21.66443414244148,362970.0,2396270.0,1255.0,1394.0,1530.0,2652.0,3059.0,2357.0,0.26829269528388977,-0.07126598060131073,1.2191234827041626,1.297836184501648,,unlabeled_background,,0,"Valid Sentinel-2 Phase 4 raster pixel; unlabeled/background, not confirmed non-manganese."
unlabeled_r507_c449,79.71081541351012,21.664169067553605,366610.0,2396210.0,1866.0,2277.0,2776.0,3696.0,4589.0,3749.0,0.14215080440044403,-0.10778515040874481,1.4876741170883179,1.2240597009658813,,unlabeled_background,,0,"Valid Sentinel-2 Phase 4 raster pixel; unlabeled/background, not confirmed non-manganese."
unlabeled_r508_c287,79.67950943370344,21.66374233151855,363370.0,2396190.0,1321.0,1564.0,1740.0,3205.0,3242.0,2374.0,0.2962588369846344,-0.00573910353705287,1.3171839714050293,1.365627646446228,,unlabeled_background,,0,"Valid Sentinel-2 Phase 4 raster pixel; unlabeled/background, not confirmed non-manganese."
unlabeled_r414_c202,79.66292621173578,21.680591868077702,361670.0,2398070.0,1361.0,1532.0,1700.0,2964.0,3400.0,2585.0,0.27101200819015503,-0.06851036846637726,1.2490816116333008,1.3152804374694824,,unlabeled_background,,0,"Valid Sentinel-2 Phase 4 raster pixel; unlabeled/background, not confirmed non-manganese."
unlabeled_r77_c80,79.63877407283618,21.74127801211404,359230.0,2404810.0,1360.0,1649.0,1783.0,3486.0,3416.0,2414.0,0.3232112228870392,0.010141988284885883,1.3110294342041016,1.4150787591934204,,unlabeled_background,,0,"Valid Sentinel-2 Phase 4 raster pixel; unlabeled/background, not confirmed non-manganese."
unlabeled_r70_c376,79.69599668220978,21.7430033257815,365150.0,2404950.0,1274.0,1470.0,1599.0,2762.0,3541.0,2628.0,0.2666819393634796,-0.12359193712472916,1.2551020383834839,1.3474124670028687,,unlabeled_background,,0,"Valid Sentinel-2 Phase 4 raster pixel; unlabeled/background, not confirmed non-manganese."
unlabeled_r389_c87,79.64065717075607,21.68492742504726,359370.0,2398570.0,1239.0,1399.0,1453.0,2983.0,2929.0,2095.0,0.3449053168296814,0.009133964776992798,1.172719955444336,1.3980907201766968,,unlabeled_background,,0,"Valid Sentinel-2 Phase 4 raster pixel; unlabeled/background, not confirmed non-manganese."
unlabeled_r482_c411,79.70343123720436,21.66862817756138,365850.0,2396710.0,1208.0,1390.0,1404.0,2730.0,3083.0,2192.0,0.3207547068595886,-0.06072596088051796,1.1622517108917236,1.4064780473709106,,unlabeled_background,,0,"Valid Sentinel-2 Phase 4 raster pixel; unlabeled/background, not confirmed non-manganese."
unlabeled_r496_c548,79.72993066736744,21.66630374295687,368590.0,2396430.0,1399.0,1617.0,1750.0,3140.0,3544.0,2749.0,0.2842535674571991,-0.06044284999370575,1.250893473625183,1.2891960144042969,,unlabeled_background,,0,"Valid Sentinel-2 Phase 4 raster pixel; unlabeled/background, not confirmed non-manganese."
unlabeled_r406_c140,79.65092965130822,21.68194004242662,360430.0,2398230.0,1311.0,1454.0,1557.0,2836.0,3267.0,2412.0,0.291144996881485,-0.07062100619077682,1.187643051147461,1.3544776439666748,,unlabeled_background,,0,"Valid Sentinel-2 Phase 4 raster pixel; unlabeled/background, not confirmed non-manganese."
unlabeled_r341_c516,79.72349968142443,21.694257569458973,367950.0,2399530.0,2061.0,2322.0,2750.0,3096.0,4091.0,3975.0,0.05918576940894127,-0.13844440877437592,1.3343037366867065,1.0291824340820312,,unlabeled_background,,0,"Valid Sentinel-2 Phase 4 raster pixel; unlabeled/background, not confirmed non-manganese."
unlabeled_r414_c579,79.73579265400849,21.681163127596836,369210.0,2398070.0,1672.0,1978.0,2291.0,3373.0,3797.0,3174.0,0.1910310685634613,-0.05913528427481651,1.3702152967453003,1.1962822675704956,,unlabeled_background,,0,"Valid Sentinel-2 Phase 4 raster pixel; unlabeled/background, not confirmed non-manganese."
unlabeled_r421_c376,79.69656795117375,21.679594941130265,365150.0,2397930.0,1435.0,1697.0,1799.0,3335.0,3449.0,2836.0,0.2991819381713867,-0.016804244369268417,1.2536585330963135,1.2161494493484497,,unlabeled_background,,0,"Valid Sentinel-2 Phase 4 raster pixel; unlabeled/background, not confirmed non-manganese."
unlabeled_r75_c5,79.62426901272624,21.741519413654917,357730.0,2404850.0,1221.0,1396.0,1373.0,3136.0,2701.0,1925.0,0.3909958004951477,0.07452458143234253,1.124488115310669,1.4031169414520264,,unlabeled_background,,0,"Valid Sentinel-2 Phase 4 raster pixel; unlabeled/background, not confirmed non-manganese."
unlabeled_r470_c411,79.70341185455229,21.67079600260537,365850.0,2396950.0,2073.0,2520.0,2961.0,4309.0,5186.0,4664.0,0.18541952967643738,-0.09236440062522888,1.428364634513855,1.1119210720062256,,unlabeled_background,,0,"Valid Sentinel-2 Phase 4 raster pixel; unlabeled/background, not confirmed non-manganese."
unlabeled_r343_c418,79.704559653252,21.693749357959963,365990.0,2399490.0,1256.0,1534.0,1550.0,3151.0,3098.0,2190.0,0.34056583046913147,0.008481357246637344,1.2340763807296753,1.41461181640625,,unlabeled_background,,0,"Valid Sentinel-2 Phase 4 raster pixel; unlabeled/background, not confirmed non-manganese."
unlabeled_r119_c591,79.73764732165338,21.734473626032866,369450.0,2403970.0,1395.0,1654.0,1707.0,3954.0,3506.0,2661.0,0.3969263434410095,0.06005362048745155,1.2236559391021729,1.3175498247146606,,unlabeled_background,,0,"Valid Sentinel-2 Phase 4 raster pixel; unlabeled/background, not confirmed non-manganese."
unlabeled_r397_c405,79.70213418661606,21.68397452295962,365730.0,2398410.0,1224.0,1363.0,1436.0,2859.0,2968.0,2164.0,0.3313154876232147,-0.018706023693084717,1.173202633857727,1.3715342283248901,,unlabeled_background,,0,"Valid Sentinel-2 Phase 4 raster pixel; unlabeled/background, not confirmed non-manganese."
unlabeled_r313_c628,79.74510548382999,21.699481140487382,370190.0,2400090.0,1422.0,1640.0,1828.0,3329.0,3497.0,2564.0,0.2910606861114502,-0.024611778557300568,1.2855134010314941,1.3638845682144165,,unlabeled_background,,0,"Valid Sentinel-2 Phase 4 raster pixel; unlabeled/background, not confirmed non-manganese."
unlabeled_r347_c382,79.69760746025975,21.692972244893102,365270.0,2399410.0,1270.0,1411.0,1423.0,2828.0,2862.0,2092.0,0.3305104672908783,-0.005975395441055298,1.1204724311828613,1.368068814277649,,unlabeled_background,,0,"Valid Sentinel-2 Phase 4 raster pixel; unlabeled/background, not confirmed non-manganese."
unlabeled_r325_c303,79.6823009941676,21.696825910986288,363690.0,2399850.0,1592.0,1807.0,2111.0,3059.0,4018.0,3362.0,0.1833655685186386,-0.1355094015598297,1.326004981994629,1.1951220035552979,,unlabeled_background,,0,"Valid Sentinel-2 Phase 4 raster pixel; unlabeled/background, not confirmed non-manganese."
unlabeled_r510_c293,79.68067225203258,21.66339024979062,363490.0,2396150.0,1415.0,1673.0,1850.0,3295.0,3573.0,2575.0,0.2808552086353302,-0.04047757759690285,1.3074204921722412,1.3875727653503418,,unlabeled_background,,0,"Valid Sentinel-2 Phase 4 raster pixel; unlabeled/background, not confirmed non-manganese."
unlabeled_r408_c102,79.64358850750173,21.681518858126946,359670.0,2398190.0,1261.0,1487.0,1551.0,2960.0,2924.0,2138.0,0.3123475909233093,0.006118286866694689,1.2299761772155762,1.36763334274292,,unlabeled_background,,0,"Valid Sentinel-2 Phase 4 raster pixel; unlabeled/background, not confirmed non-manganese."
unlabeled_r332_c488,79.71807291397008,21.695841689608244,367390.0,2399710.0,1549.0,1784.0,2146.0,3458.0,4243.0,3170.0,0.2341184914112091,-0.10193481296300888,1.385409951210022,1.338485836982727,,unlabeled_background,,0,"Valid Sentinel-2 Phase 4 raster pixel; unlabeled/background, not confirmed non-manganese."
unlabeled_r421_c554,79.73097166051846,21.679861659197787,368710.0,2397930.0,1441.0,1660.0,1862.0,2961.0,3753.0,3016.0,0.22786647081375122,-0.11796246469020844,1.2921582460403442,1.2443634271621704,,unlabeled_background,,0,"Valid Sentinel-2 Phase 4 raster pixel; unlabeled/background, not confirmed non-manganese."
unlabeled_r471_c514,79.72331999069878,21.67076967467675,367910.0,2396930.0,1259.0,1414.0,1371.0,3187.0,2761.0,1989.0,0.3984203636646271,0.07162071019411087,1.0889594554901123,1.3881347179412842,,unlabeled_background,,0,"Valid Sentinel-2 Phase 4 raster pixel; unlabeled/background, not confirmed non-manganese."
unlabeled_r115_c69,79.63671192312898,21.73439597163689,359010.0,2404050.0,1286.0,1459.0,1488.0,3216.0,3289.0,2273.0,0.36734694242477417,-0.01122213713824749,1.1570762395858765,1.4469863176345825,,unlabeled_background,,0,"Valid Sentinel-2 Phase 4 raster pixel; unlabeled/background, not confirmed non-manganese."
unlabeled_r45_c613,79.74178471096232,21.74787434241628,369890.0,2405450.0,1570.0,1874.0,2064.0,3569.0,3862.0,2876.0,0.2671755850315094,-0.03942941874265671,1.3146497011184692,1.3428372144699097,,unlabeled_background,,0,"Valid Sentinel-2 Phase 4 raster pixel; unlabeled/background, not confirmed non-manganese."
unlabeled_r539_c232,79.66893179843967,21.658057300098974,362270.0,2395570.0,1451.0,1679.0,1905.0,3141.0,4049.0,3081.0,0.24494649469852448,-0.12628650665283203,1.3128876686096191,1.3141837120056152,,unlabeled_background,,0,"Valid Sentinel-2 Phase 4 raster pixel; unlabeled/background, not confirmed non-manganese."
unlabeled_r399_c644,79.74833266906579,21.683968212453475,370510.0,2398370.0,1623.0,1958.0,2394.0,3574.0,4649.0,3699.0,0.1977211833000183,-0.13073088228702545,1.475046157836914,1.2568261623382568,,unlabeled_background,,0,"Valid Sentinel-2 Phase 4 raster pixel; unlabeled/background, not confirmed non-manganese."
unlabeled_r29_c436,79.70753218687945,21.750500997868198,366350.0,2405770.0,1277.0,1615.0,1432.0,4441.0,2964.0,2085.0,0.5123445987701416,0.19945982098579407,1.1213781833648682,1.4215826988220215,,unlabeled_background,,0,"Valid Sentinel-2 Phase 4 raster pixel; unlabeled/background, not confirmed non-manganese."
unlabeled_r223_c333,79.68793297344943,21.71529821499601,364290.0,2401890.0,1795.0,2112.0,2476.0,3612.0,4414.0,3493.0,0.1865965873003006,-0.09992524236440659,1.3793871402740479,1.2636702060699463,,unlabeled_background,,0,"Valid Sentinel-2 Phase 4 raster pixel; unlabeled/background, not confirmed non-manganese."
unlabeled_r324_c347,79.69080456213081,21.697073937198642,364570.0,2399870.0,1245.0,1441.0,1513.0,2445.0,3440.0,2568.0,0.23547245562076569,-0.1690739095211029,1.2152611017227173,1.3395638465881348,,unlabeled_background,,0,"Valid Sentinel-2 Phase 4 raster pixel; unlabeled/background, not confirmed non-manganese."
unlabeled_r544_c225,79.66758736460523,21.65714320167692,362130.0,2395470.0,1606.0,1813.0,2179.0,3402.0,4791.0,3753.0,0.21913635730743408,-0.16953496634960175,1.356787085533142,1.2765787839889526,,unlabeled_background,,0,"Valid Sentinel-2 Phase 4 raster pixel; unlabeled/background, not confirmed non-manganese."
unlabeled_r100_c282,79.67787027898513,21.737439674848854,363270.0,2404350.0,1718.0,2020.0,2401.0,3440.0,4490.0,3526.0,0.17788049578666687,-0.13240857422351837,1.3975553512573242,1.2733975648880005,,unlabeled_background,,0,"Valid Sentinel-2 Phase 4 raster pixel; unlabeled/background, not confirmed non-manganese."
unlabeled_r103_c606,79.74052244770736,21.73738616487242,369750.0,2404290.0,1747.0,2079.0,2495.0,4151.0,4627.0,3620.0,0.24917243421077728,-0.054226476699113846,1.4281625747680664,1.2781767845153809,,unlabeled_background,,0,"Valid Sentinel-2 Phase 4 raster pixel; unlabeled/background, not confirmed non-manganese."
unlabeled_r287_c183,79.65904158477979,21.70350457447286,361290.0,2400610.0,1694.0,1979.0,2369.0,3761.0,4430.0,3589.0,0.22707992792129517,-0.08167500793933868,1.3984651565551758,1.2343270778656006,,unlabeled_background,,0,"Valid Sentinel-2 Phase 4 raster pixel; unlabeled/background, not confirmed non-manganese."
unlabeled_r266_c642,79.74773835136584,21.707992363186637,370470.0,2401030.0,1550.0,1740.0,2113.0,3140.0,4565.0,3527.0,0.19550733268260956,-0.18494483828544617,1.3632258176803589,1.294301152229309,,unlabeled_background,,0,"Valid Sentinel-2 Phase 4 raster pixel; unlabeled/background, not confirmed non-manganese."
unlabeled_r536_c499,79.72052455522284,21.65900487728217,367610.0,2395630.0,1287.0,1492.0,1598.0,3015.0,3632.0,2600.0,0.3071753680706024,-0.09282383322715759,1.2416472434997559,1.3969230651855469,,unlabeled_background,,0,"Valid Sentinel-2 Phase 4 raster pixel; unlabeled/background, not confirmed non-manganese."
unlabeled_r468_c576,79.73529791475043,21.67140338125183,369150.0,2396990.0,1403.0,1657.0,1927.0,3148.0,3709.0,2824.0,0.2405911386013031,-0.08181420713663101,1.3734854459762573,1.313385248184204,,unlabeled_background,,0,"Valid Sentinel-2 Phase 4 raster pixel; unlabeled/background, not confirmed non-manganese."
unlabeled_r525_c155,79.65402837535214,21.66046642955342,360730.0,2395850.0,1416.0,1672.0,1808.0,3347.0,3764.0,2841.0,0.29854509234428406,-0.05864154174923897,1.2768361568450928,1.324885606765747,,unlabeled_background,,0,"Valid Sentinel-2 Phase 4 raster pixel; unlabeled/background, not confirmed non-manganese."
unlabeled_r580_c208,79.66436204441845,21.650613422680713,361790.0,2394750.0,1200.0,1393.0,1345.0,2874.0,2873.0,2044.0,0.3624081611633301,0.00017400382785126567,1.1208332777023315,1.405577301979065,,unlabeled_background,,0,"Valid Sentinel-2 Phase 4 raster pixel; unlabeled/background, not confirmed non-manganese."
unlabeled_r263_c262,79.67427316230592,21.707962991232083,362870.0,2401090.0,1176.0,1360.0,1333.0,2776.0,2925.0,2114.0,0.3511803448200226,-0.02613576501607895,1.1335034370422363,1.3836328983306885,,unlabeled_background,,0,"Valid Sentinel-2 Phase 4 raster pixel; unlabeled/background, not confirmed non-manganese."
unlabeled_r219_c458,79.71209226755491,21.7162104219103,366790.0,2401970.0,1227.0,1397.0,1426.0,2763.0,2997.0,2168.0,0.3191692531108856,-0.04062499850988388,1.162184238433838,1.3823801279067993,,unlabeled_background,,0,"Valid Sentinel-2 Phase 4 raster pixel; unlabeled/background, not confirmed non-manganese."
unlabeled_r99_c395,79.69971771623136,21.73779337009254,365530.0,2404370.0,1621.0,1977.0,2342.0,3882.0,4648.0,3563.0,0.24742931127548218,-0.08980070054531097,1.4447871446609497,1.304518699645996,,unlabeled_background,,0,"Valid Sentinel-2 Phase 4 raster pixel; unlabeled/background, not confirmed non-manganese."
unlabeled_r389_c164,79.65553981967318,21.68504872084087,360910.0,2398570.0,1321.0,1486.0,1608.0,3004.0,3145.0,2287.0,0.3026886284351349,-0.022930556908249855,1.2172596454620361,1.3751639127731323,,unlabeled_background,,0,"Valid Sentinel-2 Phase 4 raster pixel; unlabeled/background, not confirmed non-manganese."
unlabeled_r159_c273,79.67622770617764,21.72676749209029,363090.0,2403170.0,1352.0,1499.0,1674.0,2706.0,3578.0,2741.0,0.23561644554138184,-0.1387651115655899,1.2381657361984253,1.3053630590438843,,unlabeled_background,,0,"Valid Sentinel-2 Phase 4 raster pixel; unlabeled/background, not confirmed non-manganese."
unlabeled_r155_c441,79.70870247427393,21.727746527518683,366450.0,2403250.0,1340.0,1573.0,1585.0,3895.0,3309.0,2397.0,0.42153283953666687,0.08134369552135468,1.1828358173370361,1.380475640296936,,unlabeled_background,,0,"Valid Sentinel-2 Phase 4 raster pixel; unlabeled/background, not confirmed non-manganese."
unlabeled_r587_c138,79.65084727467857,21.649239552871002,360390.0,2394610.0,1210.0,1354.0,1365.0,2676.0,2848.0,2138.0,0.3244246542453766,-0.031136857345700264,1.1280992031097412,1.3320860862731934,,unlabeled_background,,0,"Valid Sentinel-2 Phase 4 raster pixel; unlabeled/background, not confirmed non-manganese."
unlabeled_r412_c130,79.64900698302158,21.680840426465647,360230.0,2398110.0,1234.0,1360.0,1348.0,2742.0,2768.0,2007.0,0.34083130955696106,-0.0047186934389173985,1.092382550239563,1.379172921180725,,unlabeled_background,,0,"Valid Sentinel-2 Phase 4 raster pixel; unlabeled/background, not confirmed non-manganese."
unlabeled_r482_c241,79.67057665647242,21.668368274756666,362450.0,2396710.0,1253.0,1435.0,1479.0,2675.0,2932.0,2274.0,0.28791525959968567,-0.04583556205034256,1.180367112159729,1.2893579006195068,,unlabeled_background,,0,"Valid Sentinel-2 Phase 4 raster pixel; unlabeled/background, not confirmed non-manganese."
unlabeled_r203_c77,79.63840839771599,21.718511846323345,359170.0,2402290.0,1234.0,1414.0,1402.0,3045.0,2797.0,2018.0,0.3694625496864319,0.04245121404528618,1.136142611503601,1.3860257863998413,,unlabeled_background,,0,"Valid Sentinel-2 Phase 4 raster pixel; unlabeled/background, not confirmed non-manganese."
unlabeled_r68_c555,79.7306056508625,21.743633689199946,368730.0,2404990.0,1398.0,1642.0,1746.0,3443.0,3785.0,2783.0,0.3270379602909088,-0.047315992414951324,1.2489269971847534,1.3600431680679321,,unlabeled_background,,0,"Valid Sentinel-2 Phase 4 raster pixel; unlabeled/background, not confirmed non-manganese."
unlabeled_r76_c166,79.65540103852214,21.741594567930242,360950.0,2404830.0,1449.0,1678.0,1972.0,3347.0,3899.0,2908.0,0.25850725173950195,-0.07617995887994766,1.360938549041748,1.3407840728759766,,unlabeled_background,,0,"Valid Sentinel-2 Phase 4 raster pixel; unlabeled/background, not confirmed non-manganese."
unlabeled_r126_c23,79.62783687942132,21.732335405943424,358090.0,2403830.0,1356.0,1582.0,1635.0,3673.0,3198.0,2282.0,0.38394874334335327,0.06913112848997116,1.2057522535324097,1.401402235031128,,unlabeled_background,,0,"Valid Sentinel-2 Phase 4 raster pixel; unlabeled/background, not confirmed non-manganese."
unlabeled_r19_c560,79.7314947420014,21.752493067477282,368830.0,2405970.0,1523.0,1799.0,2028.0,3037.0,3405.0,2808.0,0.1992102712392807,-0.057125117629766464,1.3315824270248413,1.2126067876815796,,unlabeled_background,,0,"Valid Sentinel-2 Phase 4 raster pixel; unlabeled/background, not confirmed non-manganese."
unlabeled_r184_c571,79.7338830755626,21.72270165585446,369050.0,2402670.0,1196.0,1411.0,1383.0,3113.0,3105.0,2181.0,0.3847864866256714,0.0012865873286500573,1.156354546546936,1.423658847808838,,unlabeled_background,,0,"Valid Sentinel-2 Phase 4 raster pixel; unlabeled/background, not confirmed non-manganese."
unlabeled_r181_c224,79.66679074884594,21.722717239729,362110.0,2402730.0,1804.0,2055.0,2416.0,3776.0,4545.0,3659.0,0.21963824331760406,-0.09241677820682526,1.339246153831482,1.242142677307129,,unlabeled_background,,0,"Valid Sentinel-2 Phase 4 raster pixel; unlabeled/background, not confirmed non-manganese."
unlabeled_r558_c62,79.63611233386028,21.654358392167417,358870.0,2395190.0,1539.0,1827.0,2066.0,3462.0,4555.0,3519.0,0.25253257155418396,-0.13633528351783752,1.3424301147460938,1.29440176486969,,unlabeled_background,,0,"Valid Sentinel-2 Phase 4 raster pixel; unlabeled/background, not confirmed non-manganese."
unlabeled_r99_c367,79.69430376216127,21.73775075988,364970.0,2404370.0,1447.0,1655.0,1871.0,3124.0,4033.0,3051.0,0.2508508563041687,-0.12700852751731873,1.2930200099945068,1.321861743927002,,unlabeled_background,,0,"Valid Sentinel-2 Phase 4 raster pixel; unlabeled/background, not confirmed non-manganese."
unlabeled_r450_c303,79.68250633413497,21.67424463308635,363690.0,2397350.0,1321.0,1533.0,1728.0,2677.0,3835.0,3005.0,0.21543700993061066,-0.17782555520534515,1.3080998659133911,1.276206374168396,,unlabeled_background,,0,"Valid Sentinel-2 Phase 4 raster pixel; unlabeled/background, not confirmed non-manganese."
unlabeled_r174_c426,79.70583305144278,21.72429152030009,366150.0,2402870.0,1416.0,1634.0,1898.0,3147.0,3945.0,2930.0,0.24757185578346252,-0.11252114921808243,1.340395450592041,1.3464163541793823,,unlabeled_background,,0,"Valid Sentinel-2 Phase 4 raster pixel; unlabeled/background, not confirmed non-manganese."
unlabeled_r557_c475,79.71592007958687,21.65517535353677,367130.0,2395210.0,1361.0,1540.0,1706.0,2803.0,4005.0,3076.0,0.2432911992073059,-0.17655698955059052,1.2534900903701782,1.3020156621932983,,unlabeled_background,,0,"Valid Sentinel-2 Phase 4 raster pixel; unlabeled/background, not confirmed non-manganese."
unlabeled_r487_c456,79.71213614121613,21.66779262372504,366750.0,2396610.0,1266.0,1454.0,1515.0,2950.0,3285.0,2389.0,0.3213885724544525,-0.05372894927859306,1.1966824531555176,1.3750523328781128,,unlabeled_background,,0,"Valid Sentinel-2 Phase 4 raster pixel; unlabeled/background, not confirmed non-manganese."
unlabeled_r474_c40,79.63171795555155,21.669497767598006,358430.0,2396870.0,1338.0,1527.0,1608.0,3106.0,3407.0,2397.0,0.3177768290042877,-0.04621526226401329,1.2017936706542969,1.4213600158691406,,unlabeled_background,,0,"Valid Sentinel-2 Phase 4 raster pixel; unlabeled/background, not confirmed non-manganese."
unlabeled_r544_c579,79.73599737153624,21.657678056480357,369210.0,2395470.0,1421.0,1605.0,1803.0,2819.0,3990.0,3063.0,0.21981826424598694,-0.17197826504707336,1.268824815750122,1.3026444911956787,,unlabeled_background,,0,"Valid Sentinel-2 Phase 4 raster pixel; unlabeled/background, not confirmed non-manganese."
unlabeled_r252_c655,79.75022966618783,21.710540495989573,370730.0,2401310.0,1601.0,1861.0,2151.0,3558.0,4315.0,3390.0,0.24645297229290009,-0.09615140408277512,1.343535304069519,1.272861361503601,,unlabeled_background,,0,"Valid Sentinel-2 Phase 4 raster pixel; unlabeled/background, not confirmed non-manganese."
unlabeled_r555_c486,79.71804260281276,21.655553084158242,367350.0,2395250.0,1243.0,1452.0,1475.0,2716.0,3479.0,2551.0,0.29611071944236755,-0.12316384166479111,1.186645269393921,1.3637789487838745,,unlabeled_background,,0,"Valid Sentinel-2 Phase 4 raster pixel; unlabeled/background, not confirmed non-manganese."
unlabeled_r57_c580,79.73542240870276,21.74565787216424,369230.0,2405210.0,1407.0,1701.0,1695.0,3948.0,3616.0,2585.0,0.3992557227611542,0.04389211907982826,1.2046908140182495,1.3988394737243652,,unlabeled_background,,0,"Valid Sentinel-2 Phase 4 raster pixel; unlabeled/background, not confirmed non-manganese."
unlabeled_r521_c301,79.68223634323914,21.661415371690286,363650.0,2395930.0,1317.0,1494.0,1616.0,3037.0,3246.0,2430.0,0.30539438128471375,-0.033264365047216415,1.2270311117172241,1.335802435874939,,unlabeled_background,,0,"Valid Sentinel-2 Phase 4 raster pixel; unlabeled/background, not confirmed non-manganese."
unlabeled_r325_c389,79.6989248271665,21.696957192972274,365410.0,2399850.0,1443.0,1659.0,1962.0,3005.0,3673.0,2716.0,0.2099859118461609,-0.10002994537353516,1.3596673011779785,1.3523564338684082,,unlabeled_background,,0,"Valid Sentinel-2 Phase 4 raster pixel; unlabeled/background, not confirmed non-manganese."
unlabeled_r556_c212,79.66509511508349,21.654955228811623,361870.0,2395230.0,1224.0,1417.0,1464.0,2807.0,3185.0,2271.0,0.31444627046585083,-0.06308411061763763,1.1960784196853638,1.4024658203125,,unlabeled_background,,0,"Valid Sentinel-2 Phase 4 raster pixel; unlabeled/background, not confirmed non-manganese."
unlabeled_r484_c241,79.67057996847288,21.66800697528717,362450.0,2396670.0,1222.0,1396.0,1395.0,2750.0,3021.0,2209.0,0.3268998861312866,-0.04695893079042435,1.1415711641311646,1.3675870895385742,,unlabeled_background,,0,"Valid Sentinel-2 Phase 4 raster pixel; unlabeled/background, not confirmed non-manganese."
unlabeled_r66_c557,79.73098920902534,21.74399795949347,368770.0,2405030.0,1405.0,1650.0,1844.0,3345.0,3698.0,2723.0,0.2892657518386841,-0.05012068897485733,1.3124555349349976,1.3580609560012817,,unlabeled_background,,0,"Valid Sentinel-2 Phase 4 raster pixel; unlabeled/background, not confirmed non-manganese."
unlabeled_r67_c533,79.72635001235405,21.743781661931465,368290.0,2405010.0,1565.0,1810.0,2045.0,3248.0,3839.0,3046.0,0.22728131711483002,-0.08339212834835052,1.3067092895507812,1.2603414058685303,,unlabeled_background,,0,"Valid Sentinel-2 Phase 4 raster pixel; unlabeled/background, not confirmed non-manganese."
unlabeled_r368_c451,79.71097866256063,21.689282763883245,366650.0,2398990.0,1459.0,1675.0,1827.0,3069.0,4011.0,3141.0,0.25367647409439087,-0.1330508440732956,1.252227544784546,1.2769818305969238,,unlabeled_background,,0,"Valid Sentinel-2 Phase 4 raster pixel; unlabeled/background, not confirmed non-manganese."
unlabeled_r326_c387,79.69853984851241,21.69677350767561,365370.0,2399830.0,1450.0,1633.0,1915.0,2976.0,3935.0,2933.0,0.21692904829978943,-0.13876429200172424,1.3206896781921387,1.3416297435760498,,unlabeled_background,,0,"Valid Sentinel-2 Phase 4 raster pixel; unlabeled/background, not confirmed non-manganese."
unlabeled_r361_c459,79.71251375871844,21.690559341123855,366810.0,2399130.0,1401.0,1587.0,1732.0,2822.0,3238.0,2424.0,0.23935002088546753,-0.0686468631029129,1.2362598180770874,1.3358086347579956,,unlabeled_background,,0,"Valid Sentinel-2 Phase 4 raster pixel; unlabeled/background, not confirmed non-manganese."
unlabeled_r594_c203,79.6634191480967,21.64807655534998,361690.0,2394470.0,1310.0,1501.0,1683.0,2779.0,3404.0,2598.0,0.24562975764274597,-0.10108361393213272,1.2847328186035156,1.3102385997772217,,unlabeled_background,,0,"Valid Sentinel-2 Phase 4 raster pixel; unlabeled/background, not confirmed non-manganese."
unlabeled_r21_c637,79.74638802016162,21.752245242004815,370370.0,2405930.0,1723.0,2046.0,2265.0,3170.0,3802.0,3130.0,0.1665133386850357,-0.09064830839633942,1.3145675659179688,1.2146965265274048,,unlabeled_background,,0,"Valid Sentinel-2 Phase 4 raster pixel; unlabeled/background, not confirmed non-manganese."
unlabeled_r203_c450,79.71051988098277,21.719088817406647,366630.0,2402290.0,1263.0,1441.0,1455.0,3011.0,3055.0,2146.0,0.3484102189540863,-0.00725354440510273,1.1520190238952637,1.4235787391662598,,unlabeled_background,,0,"Valid Sentinel-2 Phase 4 raster pixel; unlabeled/background, not confirmed non-manganese."
unlabeled_r337_c213,79.66492407976737,21.694518954523158,361890.0,2399610.0,1429.0,1665.0,1676.0,3685.0,3493.0,2624.0,0.3747435212135315,0.026748398318886757,1.172848105430603,1.3311737775802612,,unlabeled_background,,0,"Valid Sentinel-2 Phase 4 raster pixel; unlabeled/background, not confirmed non-manganese."
unlabeled_r15_c544,79.72839433561691,21.753191927136097,368510.0,2406050.0,1561.0,1846.0,2038.0,4131.0,3472.0,2534.0,0.3392770290374756,0.08667631447315216,1.3055733442306519,1.3701657056808472,,unlabeled_background,,0,"Valid Sentinel-2 Phase 4 raster pixel; unlabeled/background, not confirmed non-manganese."
unlabeled_r23_c133,79.64893070694772,21.751116874678583,360290.0,2405890.0,1225.0,1433.0,1464.0,3200.0,2866.0,2053.0,0.372212678194046,0.05506099388003349,1.1951020956039429,1.3960058689117432,,unlabeled_background,,0,"Valid Sentinel-2 Phase 4 raster pixel; unlabeled/background, not confirmed non-manganese."
unlabeled_r532_c511,79.72283722162888,21.65974534622175,367850.0,2395710.0,1251.0,1446.0,1444.0,3027.0,3125.0,2380.0,0.35405948758125305,-0.015929779037833214,1.1542766094207764,1.3130252361297607,,unlabeled_background,,0,"Valid Sentinel-2 Phase 4 raster pixel; unlabeled/background, not confirmed non-manganese."
unlabeled_r500_c588,79.73766747357429,21.66564009358933,369390.0,2396350.0,1252.0,1386.0,1512.0,2479.0,3426.0,2577.0,0.24229516088962555,-0.1603725701570511,1.2076677083969116,1.3294528722763062,,unlabeled_background,,0,"Valid Sentinel-2 Phase 4 raster pixel; unlabeled/background, not confirmed non-manganese."
unlabeled_r51_c266,79.67469543082922,21.746266713406975,362950.0,2405330.0,1814.0,2212.0,2719.0,3963.0,4828.0,3813.0,0.18617179989814758,-0.09839608520269394,1.4988974332809448,1.2661945819854736,,unlabeled_background,,0,"Valid Sentinel-2 Phase 4 raster pixel; unlabeled/background, not confirmed non-manganese."
unlabeled_r358_c10,79.62572150736273,21.690404819619886,357830.0,2399190.0,1387.0,1708.0,1856.0,3534.0,3878.0,2842.0,0.3113172650337219,-0.04641122370958328,1.3381398916244507,1.3645319938659668,,unlabeled_background,,0,"Valid Sentinel-2 Phase 4 raster pixel; unlabeled/background, not confirmed non-manganese."
unlabeled_r115_c419,79.70438417100229,21.734939341045184,366010.0,2404050.0,1418.0,1678.0,1870.0,3300.0,3857.0,2920.0,0.27659574151039124,-0.07782590389251709,1.3187588453292847,1.3208904266357422,,unlabeled_background,,0,"Valid Sentinel-2 Phase 4 raster pixel; unlabeled/background, not confirmed non-manganese."
unlabeled_r343_c286,79.67904456175977,21.693548066909518,363350.0,2399490.0,1284.0,1437.0,1540.0,2641.0,3393.0,2547.0,0.26333412528038025,-0.12462711334228516,1.1993769407272339,1.332155466079712,,unlabeled_background,,0,"Valid Sentinel-2 Phase 4 raster pixel; unlabeled/background, not confirmed non-manganese."
unlabeled_r555_c434,79.70799376147211,21.655475203658618,366310.0,2395250.0,1654.0,1888.0,2285.0,3352.0,4700.0,3791.0,0.18928508460521698,-0.16741181910037994,1.3814994096755981,1.2397783994674683,,unlabeled_background,,0,"Valid Sentinel-2 Phase 4 raster pixel; unlabeled/background, not confirmed non-manganese."
unlabeled_r443_c378,79.69699023267026,21.67562364563321,365190.0,2397490.0,1619.0,1865.0,2211.0,3317.0,4787.0,3777.0,0.20007236301898956,-0.1813919097185135,1.3656578063964844,1.267408013343811,,unlabeled_background,,0,"Valid Sentinel-2 Phase 4 raster pixel; unlabeled/background, not confirmed non-manganese."
unlabeled_r131_c556,79.7308989690288,21.732254061514688,368750.0,2403730.0,1654.0,1995.0,2372.0,4077.0,4300.0,3239.0,0.2643820643424988,-0.02662050910294056,1.4340991973876953,1.3275701999664307,,unlabeled_background,,0,"Valid Sentinel-2 Phase 4 raster pixel; unlabeled/background, not confirmed non-manganese."
unlabeled_r529_c631,79.74602305549898,21.660464079839063,370250.0,2395770.0,1386.0,1545.0,1713.0,2792.0,3599.0,2737.0,0.2395116537809372,-0.1262713223695755,1.2359306812286377,1.3149433135986328,,unlabeled_background,,0,"Valid Sentinel-2 Phase 4 raster pixel; unlabeled/background, not confirmed non-manganese."
unlabeled_r215_c652,79.74959193343705,21.717220333311246,370670.0,2402050.0,1393.0,1677.0,1675.0,3860.0,3709.0,2782.0,0.3947606086730957,0.019949795678257942,1.2024407386779785,1.3332135677337646,,unlabeled_background,,0,"Valid Sentinel-2 Phase 4 raster pixel; unlabeled/background, not confirmed non-manganese."
unlabeled_r461_c605,79.74089176461791,21.672710580758654,369730.0,2397130.0,1234.0,1439.0,1448.0,2871.0,3143.0,2261.0,0.32947441935539246,-0.04522780328989029,1.173419713973999,1.3900928497314453,,unlabeled_background,,0,"Valid Sentinel-2 Phase 4 raster pixel; unlabeled/background, not confirmed non-manganese."
unlabeled_r422_c106,79.64438526773058,21.67899611209715,359750.0,2397910.0,1223.0,1401.0,1434.0,2655.0,2969.0,2170.0,0.2986060082912445,-0.0558321475982666,1.1725265979766846,1.368202805519104,,unlabeled_background,,0,"Valid Sentinel-2 Phase 4 raster pixel; unlabeled/background, not confirmed non-manganese."
unlabeled_r257_c645,79.74830424837829,21.709622633739084,370530.0,2401210.0,1458.0,1762.0,1814.0,3984.0,3463.0,2636.0,0.37426698207855225,0.0699610561132431,1.244170069694519,1.3137329816818237,,unlabeled_background,,0,"Valid Sentinel-2 Phase 4 raster pixel; unlabeled/background, not confirmed non-manganese."
unlabeled_r250_c288,79.67927789773374,21.71035156289036,363390.0,2401350.0,1627.0,1901.0,2252.0,3325.0,4419.0,3478.0,0.192397341132164,-0.14127066731452942,1.3841426372528076,1.2705577611923218,,unlabeled_background,,0,"Valid Sentinel-2 Phase 4 raster pixel; unlabeled/background, not confirmed non-manganese."
unlabeled_r573_c204,79.66357745500983,21.65187175207161,361710.0,2394890.0,1179.0,1446.0,1325.0,2750.0,2869.0,2039.0,0.349693238735199,-0.021178144961595535,1.1238337755203247,1.407062292098999,,unlabeled_background,,0,"Valid Sentinel-2 Phase 4 raster pixel; unlabeled/background, not confirmed non-manganese."
unlabeled_r291_c155,79.65363572336283,21.702738109228395,360730.0,2400530.0,1627.0,1885.0,2258.0,3571.0,4453.0,3413.0,0.22525304555892944,-0.10992024093866348,1.387830376625061,1.3047173023223877,,unlabeled_background,,0,"Valid Sentinel-2 Phase 4 raster pixel; unlabeled/background, not confirmed non-manganese."
unlabeled_r282_c583,79.73635776167168,21.705015334387202,369290.0,2400710.0,1312.0,1537.0,1671.0,2982.0,3753.0,2754.0,0.2817537188529968,-0.11447661370038986,1.2736279964447021,1.3627450466156006,,unlabeled_background,,0,"Valid Sentinel-2 Phase 4 raster pixel; unlabeled/background, not confirmed non-manganese."
unlabeled_r106_c277,79.67691343459074,21.736348059198207,363170.0,2404230.0,1714.0,1999.0,2313.0,3618.0,4424.0,3647.0,0.22003035247325897,-0.10022382438182831,1.3494749069213867,1.2130517959594727,,unlabeled_background,,0,"Valid Sentinel-2 Phase 4 raster pixel; unlabeled/background, not confirmed non-manganese."
unlabeled_r310_c237,79.66951835731797,21.699433765135353,362370.0,2400150.0,1162.0,1300.0,1294.0,2772.0,2775.0,2000.0,0.3635022044181824,-0.0005408328725025058,1.1135972738265991,1.3875000476837158,,unlabeled_background,,0,"Valid Sentinel-2 Phase 4 raster pixel; unlabeled/background, not confirmed non-manganese."
unlabeled_r100_c56,79.63417281615935,21.737084940232233,358750.0,2404350.0,1402.0,1669.0,1777.0,3301.0,3382.0,2397.0,0.3001181483268738,-0.012120305560529232,1.2674750089645386,1.4109302759170532,,unlabeled_background,,0,"Valid Sentinel-2 Phase 4 raster pixel; unlabeled/background, not confirmed non-manganese."
unlabeled_r351_c302,79.68215043353851,21.692127474429505,363670.0,2399330.0,1243.0,1447.0,1469.0,2717.0,3406.0,2560.0,0.2981366515159607,-0.112526535987854,1.1818181276321411,1.330468773841858,,unlabeled_background,,0,"Valid Sentinel-2 Phase 4 raster pixel; unlabeled/background, not confirmed non-manganese."
unlabeled_r181_c533,79.72653146542189,21.723187295735475,368290.0,2402730.0,1872.0,2249.0,2727.0,4153.0,5109.0,4011.0,0.20726744830608368,-0.10321744531393051,1.4567307233810425,1.273747205734253,,unlabeled_background,,0,"Valid Sentinel-2 Phase 4 raster pixel; unlabeled/background, not confirmed non-manganese."
unlabeled_r421_c302,79.6822654425717,21.679481960213757,363670.0,2397930.0,1260.0,1474.0,1563.0,2597.0,3475.0,2653.0,0.2485576868057251,-0.14459815621376038,1.240476131439209,1.3098379373550415,,unlabeled_background,,0,"Valid Sentinel-2 Phase 4 raster pixel; unlabeled/background, not confirmed non-manganese."
unlabeled_r275_c581,79.73596008934705,21.706276961735036,369250.0,2400850.0,1176.0,1309.0,1397.0,2331.0,3101.0,2355.0,0.2505364716053009,-0.14175257086753845,1.1879252195358276,1.3167728185653687,,unlabeled_background,,0,"Valid Sentinel-2 Phase 4 raster pixel; unlabeled/background, not confirmed non-manganese."
unlabeled_r518_c191,79.66097367728139,21.66178722855608,361450.0,2395990.0,1295.0,1466.0,1519.0,2798.0,3365.0,2556.0,0.29627054929733276,-0.09200064837932587,1.1729729175567627,1.3165102005004883,,unlabeled_background,,0,"Valid Sentinel-2 Phase 4 raster pixel; unlabeled/background, not confirmed non-manganese."
unlabeled_r205_c127,79.64807805292087,21.71822971491326,360170.0,2402250.0,1277.0,1468.0,1507.0,3232.0,3028.0,2201.0,0.3640008568763733,0.03258785977959633,1.1801096200942993,1.375738263130188,,unlabeled_background,,0,"Valid Sentinel-2 Phase 4 raster pixel; unlabeled/background, not confirmed non-manganese."
unlabeled_r335_c504,79.72117051916216,21.6953236137358,367710.0,2399650.0,1358.0,1491.0,1664.0,2810.0,3608.0,2703.0,0.256146639585495,-0.12433779984712601,1.225331425666809,1.334813117980957,,unlabeled_background,,0,"Valid Sentinel-2 Phase 4 raster pixel; unlabeled/background, not confirmed non-manganese."
unlabeled_r283_c240,79.67005345827832,21.704315940061147,362430.0,2400690.0,1248.0,1450.0,1509.0,2652.0,3324.0,2546.0,0.2746935784816742,-0.11244980245828629,1.209134578704834,1.3055773973464966,,unlabeled_background,,0,"Valid Sentinel-2 Phase 4 raster pixel; unlabeled/background, not confirmed non-manganese."
unlabeled_r368_c408,79.70266713077585,21.689217957048108,365790.0,2398990.0,1295.0,1452.0,1516.0,2844.0,3233.0,2337.0,0.30458715558052063,-0.06401184946298599,1.1706563234329224,1.3833974599838257,,unlabeled_background,,0,"Valid Sentinel-2 Phase 4 raster pixel; unlabeled/background, not confirmed non-manganese."
unlabeled_r417_c618,79.74333539657361,21.680678433877524,369990.0,2398010.0,1396.0,1618.0,1856.0,3190.0,3812.0,2813.0,0.26436781883239746,-0.08883175998926163,1.3295128345489502,1.3551368713378906,,unlabeled_background,,0,"Valid Sentinel-2 Phase 4 raster pixel; unlabeled/background, not confirmed non-manganese."
unlabeled_r450_c493,79.7192278545463,21.67453212037255,367490.0,2397350.0,1266.0,1449.0,1541.0,2841.0,3468.0,2581.0,0.2966682016849518,-0.09938183426856995,1.217219591140747,1.3436652421951294,,unlabeled_background,,0,"Valid Sentinel-2 Phase 4 raster pixel; unlabeled/background, not confirmed non-manganese."
unlabeled_r201_c296,79.68074372609992,21.719215704856605,363550.0,2402330.0,1933.0,2310.0,2930.0,4305.0,5384.0,4255.0,0.19004838168621063,-0.11136340349912643,1.5157785415649414,1.2653348445892334,,unlabeled_background,,0,"Valid Sentinel-2 Phase 4 raster pixel; unlabeled/background, not confirmed non-manganese."
unlabeled_r403_c130,79.64899182677817,21.682466257045263,360230.0,2398290.0,1162.0,1317.0,1324.0,2766.0,2784.0,1973.0,0.35256722569465637,-0.00324324332177639,1.1394147872924805,1.4110491275787354,,unlabeled_background,,0,"Valid Sentinel-2 Phase 4 raster pixel; unlabeled/background, not confirmed non-manganese."
unlabeled_r512_c304,79.68280133817818,21.663045829256625,363710.0,2396110.0,1246.0,1407.0,1417.0,2799.0,2972.0,2203.0,0.32779887318611145,-0.029977474361658096,1.1372392177581787,1.3490694761276245,,unlabeled_background,,0,"Valid Sentinel-2 Phase 4 raster pixel; unlabeled/background, not confirmed non-manganese."
unlabeled_r163_c15,79.62635364503761,21.72563871241191,357930.0,2403090.0,1256.0,1504.0,1506.0,3445.0,2826.0,1973.0,0.39163804054260254,0.09870833903551102,1.1990445852279663,1.4323365688323975,,unlabeled_background,,0,"Valid Sentinel-2 Phase 4 raster pixel; unlabeled/background, not confirmed non-manganese."
unlabeled_r551_c561,79.73252989170773,21.656386959203292,368850.0,2395330.0,1345.0,1518.0,1647.0,2715.0,3520.0,2669.0,0.2448418140411377,-0.12910985946655273,1.224535346031189,1.3188459873199463,,unlabeled_background,,0,"Valid Sentinel-2 Phase 4 raster pixel; unlabeled/background, not confirmed non-manganese."
unlabeled_r18_c318,79.68469615125046,21.752308343362873,363990.0,2405990.0,1659.0,2053.0,2461.0,3807.0,4871.0,3798.0,0.2147415429353714,-0.12260889261960983,1.4834237098693848,1.2825170755386353,,unlabeled_background,,0,"Valid Sentinel-2 Phase 4 raster pixel; unlabeled/background, not confirmed non-manganese."
unlabeled_r341_c404,79.7018502548472,21.69408949780502,365710.0,2399530.0,1396.0,1703.0,1784.0,3551.0,3194.0,2286.0,0.3312090039253235,0.05292809382081032,1.2779369354248047,1.397200345993042,,unlabeled_background,,0,"Valid Sentinel-2 Phase 4 raster pixel; unlabeled/background, not confirmed non-manganese."
unlabeled_r331_c418,79.70454026273786,21.6959171774172,365990.0,2399730.0,1245.0,1435.0,1501.0,3021.0,3280.0,2327.0,0.3361344635486603,-0.04110458493232727,1.2056224346160889,1.4095401763916016,,unlabeled_background,,0,"Valid Sentinel-2 Phase 4 raster pixel; unlabeled/background, not confirmed non-manganese."
unlabeled_r401_c367,79.69479591372671,21.68319429029719,364970.0,2398330.0,1554.0,1864.0,2048.0,3415.0,3973.0,3299.0,0.2502288222312927,-0.07552788406610489,1.3178893327713013,1.2043043375015259,,unlabeled_background,,0,"Valid Sentinel-2 Phase 4 raster pixel; unlabeled/background, not confirmed non-manganese."
unlabeled_r222_c414,79.70359071556864,21.715602128683386,365910.0,2401910.0,1280.0,1457.0,1539.0,3102.0,3121.0,2312.0,0.3367808759212494,-0.0030531897209584713,1.2023437023162842,1.349913477897644,,unlabeled_background,,0,"Valid Sentinel-2 Phase 4 raster pixel; unlabeled/background, not confirmed non-manganese."
unlabeled_r324_c525,79.72521234369684,21.69734205478907,368130.0,2399870.0,1445.0,1626.0,1872.0,2812.0,3618.0,2898.0,0.20068317651748657,-0.12534992396831512,1.295501708984375,1.2484471797943115,,unlabeled_background,,0,"Valid Sentinel-2 Phase 4 raster pixel; unlabeled/background, not confirmed non-manganese."
unlabeled_r390_c251,79.67235705990798,21.68500351418876,362650.0,2398550.0,1253.0,1494.0,1503.0,3113.0,3004.0,2196.0,0.3487868309020996,0.01781919226050377,1.1995211839675903,1.3679417371749878,,unlabeled_background,,0,"Valid Sentinel-2 Phase 4 raster pixel; unlabeled/background, not confirmed non-manganese."
unlabeled_r359_c530,79.72623447059048,21.69102662203614,368230.0,2399170.0,1266.0,1518.0,1453.0,3359.0,3114.0,2245.0,0.39609310030937195,0.03784953057765961,1.1477093696594238,1.3870824575424194,,unlabeled_background,,0,"Valid Sentinel-2 Phase 4 raster pixel; unlabeled/background, not confirmed non-manganese."
unlabeled_r290_c466,79.71375289474685,21.703396148483474,366950.0,2400550.0,1794.0,2162.0,2616.0,3993.0,4791.0,3780.0,0.2083522528409958,-0.09084699302911758,1.4581940174102783,1.2674603462219238,,unlabeled_background,,0,"Valid Sentinel-2 Phase 4 raster pixel; unlabeled/background, not confirmed non-manganese."
unlabeled_r595_c124,79.6481554619241,21.647772368354904,360110.0,2394450.0,1244.0,1407.0,1489.0,2896.0,3097.0,2258.0,0.32086658477783203,-0.03353912755846977,1.196945309638977,1.371567726135254,,unlabeled_background,,0,"Valid Sentinel-2 Phase 4 raster pixel; unlabeled/background, not confirmed non-manganese."
unlabeled_r563_c209,79.6645270242993,21.65368602040091,361810.0,2395090.0,1323.0,1541.0,1692.0,3183.0,3404.0,2511.0,0.3058461546897888,-0.0335509330034256,1.2789115905761719,1.355635166168213,,unlabeled_background,,0,"Valid Sentinel-2 Phase 4 raster pixel; unlabeled/background, not confirmed non-manganese."
unlabeled_r235_c414,79.70361175825737,21.713253664034532,365910.0,2401650.0,1261.0,1456.0,1473.0,3220.0,3010.0,2118.0,0.3722565472126007,0.033707864582538605,1.1681205034255981,1.4211519956588745,,unlabeled_background,,0,"Valid Sentinel-2 Phase 4 raster pixel; unlabeled/background, not confirmed non-manganese."
unlabeled_r330_c319,79.68540199022256,21.695947210638636,364010.0,2399750.0,1521.0,1748.0,2037.0,3264.0,4203.0,3317.0,0.23146575689315796,-0.12575331330299377,1.3392504453659058,1.2671087980270386,,unlabeled_background,,0,"Valid Sentinel-2 Phase 4 raster pixel; unlabeled/background, not confirmed non-manganese."
unlabeled_r25_c309,79.68296731871692,21.751029958118785,363810.0,2405850.0,1371.0,1552.0,1715.0,2998.0,3671.0,2687.0,0.2722257673740387,-0.10091467946767807,1.2509117126464844,1.3662077188491821,,unlabeled_background,,0,"Valid Sentinel-2 Phase 4 raster pixel; unlabeled/background, not confirmed non-manganese."
unlabeled_r154_c115,79.64567187362421,21.72742374937271,359930.0,2403270.0,1218.0,1397.0,1342.0,3104.0,2705.0,1933.0,0.39631128311157227,0.06868652254343033,1.1018062829971313,1.3993792533874512,,unlabeled_background,,0,"Valid Sentinel-2 Phase 4 raster pixel; unlabeled/background, not confirmed non-manganese."
unlabeled_r90_c43,79.63164216732163,21.738870637689896,358490.0,2404550.0,1615.0,2004.0,2238.0,3958.0,4162.0,3086.0,0.27759844064712524,-0.025123152881860733,1.3857585191726685,1.3486714363098145,,unlabeled_background,,0,"Valid Sentinel-2 Phase 4 raster pixel; unlabeled/background, not confirmed non-manganese."
unlabeled_r275_c183,79.65902150311656,21.705672351553147,361290.0,2400850.0,1906.0,2265.0,2746.0,3879.0,4750.0,3975.0,0.17101886868476868,-0.10093869268894196,1.4407135248184204,1.194968581199646,,unlabeled_background,,0,"Valid Sentinel-2 Phase 4 raster pixel; unlabeled/background, not confirmed non-manganese."
unlabeled_r58_c629,79.74489907772882,21.745549342649408,370210.0,2405190.0,1457.0,1651.0,1785.0,3567.0,3567.0,2999.0,0.3329596519470215,0.0,1.2251200675964355,1.1893965005874634,,unlabeled_background,,0,"Valid Sentinel-2 Phase 4 raster pixel; unlabeled/background, not confirmed non-manganese."
unlabeled_r450_c485,79.7176816730331,21.674520179419712,367330.0,2397350.0,1357.0,1548.0,1667.0,3158.0,3511.0,2643.0,0.30901554226875305,-0.05293147265911102,1.228445053100586,1.3284146785736084,,unlabeled_background,,0,"Valid Sentinel-2 Phase 4 raster pixel; unlabeled/background, not confirmed non-manganese."
unlabeled_r392_c455,79.71179037967487,21.6849531159368,366730.0,2398510.0,1419.0,1640.0,1837.0,3046.0,3969.0,3092.0,0.2475936859846115,-0.13157519698143005,1.2945736646652222,1.283635139465332,,unlabeled_background,,0,"Valid Sentinel-2 Phase 4 raster pixel; unlabeled/background, not confirmed non-manganese."
unlabeled_r228_c449,79.71036681052394,21.714571023579058,366610.0,2401790.0,1267.0,1443.0,1481.0,3079.0,2977.0,2110.0,0.35043859481811523,0.016842801123857498,1.16890287399292,1.4109004735946655,,unlabeled_background,,0,"Valid Sentinel-2 Phase 4 raster pixel; unlabeled/background, not confirmed non-manganese."
unlabeled_r239_c288,79.67925976108384,21.712338706650087,363390.0,2401570.0,1456.0,1646.0,1859.0,3256.0,3839.0,2921.0,0.2731182873249054,-0.08217054605484009,1.2767857313156128,1.3142759799957275,,unlabeled_background,,0,"Valid Sentinel-2 Phase 4 raster pixel; unlabeled/background, not confirmed non-manganese."
unlabeled_r56_c101,79.64279890682583,21.74510492000466,359650.0,2405230.0,1260.0,1471.0,1480.0,3042.0,3021.0,2177.0,0.3454223871231079,0.0034636319614946842,1.1746032238006592,1.387689471244812,,unlabeled_background,,0,"Valid Sentinel-2 Phase 4 raster pixel; unlabeled/background, not confirmed non-manganese."
unlabeled_r320_c354,79.69215114083879,21.697807218633553,364710.0,2399950.0,1812.0,2142.0,2621.0,3680.0,4703.0,3736.0,0.1680685579776764,-0.12203268706798553,1.4464679956436157,1.2588329315185547,,unlabeled_background,,0,"Valid Sentinel-2 Phase 4 raster pixel; unlabeled/background, not confirmed non-manganese."
unlabeled_r125_c143,79.65103645172839,21.73270669104601,360490.0,2403850.0,1250.0,1473.0,1487.0,3248.0,2951.0,2132.0,0.37191128730773926,0.04791095480322838,1.1895999908447266,1.3841463327407837,,unlabeled_background,,0,"Valid Sentinel-2 Phase 4 raster pixel; unlabeled/background, not confirmed non-manganese."
unlabeled_r13_c168,79.65568183627197,21.752978464403736,360990.0,2406090.0,2116.0,2561.0,3258.0,4573.0,5271.0,4239.0,0.16792236268520355,-0.0709061324596405,1.539697527885437,1.2434536218643188,,unlabeled_background,,0,"Valid Sentinel-2 Phase 4 raster pixel; unlabeled/background, not confirmed non-manganese."
unlabeled_r522_c541,79.72861899792112,21.661596382374363,368450.0,2395910.0,1240.0,1379.0,1375.0,2843.0,2973.0,2193.0,0.34803223609924316,-0.022352132946252823,1.1088709831237793,1.3556771278381348,,unlabeled_background,,0,"Valid Sentinel-2 Phase 4 raster pixel; unlabeled/background, not confirmed non-manganese."
unlabeled_r472_c171,79.6570317145974,21.670065854031,361050.0,2396910.0,1277.0,1521.0,1550.0,3031.0,3039.0,2288.0,0.3232918679714203,-0.0013179571833461523,1.2137823104858398,1.328234314918518,,unlabeled_background,,0,"Valid Sentinel-2 Phase 4 raster pixel; unlabeled/background, not confirmed non-manganese."
unlabeled_r436_c547,79.72964244493843,21.67714149861504,368570.0,2397630.0,1297.0,1500.0,1612.0,2820.0,3010.0,2402.0,0.2725631892681122,-0.032590050250291824,1.242868185043335,1.2531224489212036,,unlabeled_background,,0,"Valid Sentinel-2 Phase 4 raster pixel; unlabeled/background, not confirmed non-manganese."
unlabeled_r241_c257,79.67327015814081,21.711929535325893,362770.0,2401530.0,1470.0,1767.0,1766.0,4171.0,3861.0,2816.0,0.4050867557525635,0.038595616817474365,1.2013605833053589,1.37109375,,unlabeled_background,,0,"Valid Sentinel-2 Phase 4 raster pixel; unlabeled/background, not confirmed non-manganese."
unlabeled_r514_c364,79.69439989973029,21.662776123371142,364910.0,2396070.0,1356.0,1575.0,1754.0,2959.0,3813.0,2944.0,0.2556757926940918,-0.12610749900341034,1.2935103178024292,1.29517662525177,,unlabeled_background,,0,"Valid Sentinel-2 Phase 4 raster pixel; unlabeled/background, not confirmed non-manganese."
unlabeled_r438_c66,79.63668155170585,21.676042412720257,358950.0,2397590.0,1231.0,1438.0,1483.0,2649.0,2895.0,2108.0,0.2821877896785736,-0.04437229409813881,1.204711675643921,1.3733396530151367,,unlabeled_background,,0,"Valid Sentinel-2 Phase 4 raster pixel; unlabeled/background, not confirmed non-manganese."
unlabeled_r260_c571,79.73400322418767,21.708972009118572,369050.0,2401150.0,1169.0,1345.0,1346.0,2617.0,2900.0,2129.0,0.32071661949157715,-0.05129599571228027,1.1514114141464233,1.3621418476104736,,unlabeled_background,,0,"Valid Sentinel-2 Phase 4 raster pixel; unlabeled/background, not confirmed non-manganese."
unlabeled_r538_c213,79.66525844830073,21.658208474852895,361890.0,2395590.0,1791.0,2039.0,2428.0,3699.0,4844.0,3746.0,0.20744246244430542,-0.1340278536081314,1.355667233467102,1.2931126356124878,,unlabeled_background,,0,"Valid Sentinel-2 Phase 4 raster pixel; unlabeled/background, not confirmed non-manganese."
unlabeled_r261_c557,79.73129833197046,21.708770659504633,368770.0,2401130.0,1225.0,1435.0,1385.0,3081.0,2928.0,2095.0,0.37975817918777466,0.02546180784702301,1.1306122541427612,1.3976134061813354,,unlabeled_background,,0,"Valid Sentinel-2 Phase 4 raster pixel; unlabeled/background, not confirmed non-manganese."
unlabeled_r370_c74,79.63811226397179,21.688339106323365,359110.0,2398950.0,1311.0,1487.0,1569.0,2943.0,3183.0,2293.0,0.30452126264572144,-0.03917727619409561,1.1967962980270386,1.3881378173828125,,unlabeled_background,,0,"Valid Sentinel-2 Phase 4 raster pixel; unlabeled/background, not confirmed non-manganese."
unlabeled_r361_c618,79.7432476537691,21.69079508890348,369990.0,2399130.0,1935.0,2304.0,2796.0,3737.0,4437.0,3684.0,0.14403796195983887,-0.08563738316297531,1.4449611902236938,1.204397439956665,,unlabeled_background,,0,"Valid Sentinel-2 Phase 4 raster pixel; unlabeled/background, not confirmed non-manganese."
unlabeled_r542_c9,79.62584330191991,21.657164306682855,357810.0,2395510.0,1308.0,1462.0,1612.0,2842.0,3222.0,2449.0,0.2761562764644623,-0.06266491115093231,1.2324159145355225,1.3156390190124512,,unlabeled_background,,0,"Valid Sentinel-2 Phase 4 raster pixel; unlabeled/background, not confirmed non-manganese."
unlabeled_r555_c241,79.67069749974884,21.655180833627956,362450.0,2395250.0,1647.0,1889.0,2228.0,3256.0,4071.0,3276.0,0.18745441734790802,-0.11123242974281311,1.3527625799179077,1.2426739931106567,,unlabeled_background,,0,"Valid Sentinel-2 Phase 4 raster pixel; unlabeled/background, not confirmed non-manganese."
unlabeled_r144_c254,79.67252938619248,21.729447818938137,362710.0,2403470.0,1544.0,1768.0,2024.0,3181.0,4227.0,3343.0,0.22228626906871796,-0.14119870960712433,1.3108807802200317,1.2644331455230713,,unlabeled_background,,0,"Valid Sentinel-2 Phase 4 raster pixel; unlabeled/background, not confirmed non-manganese."
unlabeled_r561_c368,79.69524927328042,21.654291569224732,364990.0,2395130.0,1287.0,1464.0,1537.0,3145.0,3339.0,2474.0,0.34344297647476196,-0.029919803142547607,1.194250226020813,1.349636197090149,,unlabeled_background,,0,"Valid Sentinel-2 Phase 4 raster pixel; unlabeled/background, not confirmed non-manganese."
unlabeled_r64_c87,79.64010545810287,21.74363753294244,359370.0,2405070.0,1241.0,1532.0,1460.0,3827.0,2933.0,1961.0,0.44770190119743347,0.13224852085113525,1.1764706373214722,1.495665431022644,,unlabeled_background,,0,"Valid Sentinel-2 Phase 4 raster pixel; unlabeled/background, not confirmed non-manganese."
unlabeled_r538_c444,79.70989892374794,21.65856132593722,366510.0,2395590.0,1273.0,1482.0,1590.0,2850.0,3579.0,2660.0,0.28378379344940186,-0.11339244246482849,1.2490180730819702,1.3454886674880981,,unlabeled_background,,0,"Valid Sentinel-2 Phase 4 raster pixel; unlabeled/background, not confirmed non-manganese."
unlabeled_r27_c579,79.7351815817117,21.751075973382804,369210.0,2405810.0,1319.0,1679.0,1384.0,5660.0,3202.0,2184.0,0.6070414781570435,0.27736401557922363,1.049279808998108,1.466117262840271,,unlabeled_background,,0,"Valid Sentinel-2 Phase 4 raster pixel; unlabeled/background, not confirmed non-manganese."
unlabeled_r244_c614,79.74229087100471,21.711925763593403,369910.0,2401470.0,1616.0,1893.0,2252.0,3570.0,4755.0,3660.0,0.22638268768787384,-0.14234234392642975,1.3935643434524536,1.299180269241333,,unlabeled_background,,0,"Valid Sentinel-2 Phase 4 raster pixel; unlabeled/background, not confirmed non-manganese."
unlabeled_r391_c228,79.66791321392026,21.684787224264497,362190.0,2398530.0,1347.0,1522.0,1631.0,3078.0,3302.0,2511.0,0.3072839379310608,-0.03510971739888191,1.2108389139175415,1.3150138854980469,,unlabeled_background,,0,"Valid Sentinel-2 Phase 4 raster pixel; unlabeled/background, not confirmed non-manganese."
unlabeled_r517_c595,79.73904700712949,21.6625792454217,369530.0,2396010.0,1411.0,1579.0,1782.0,3090.0,3717.0,2830.0,0.26847290992736816,-0.09211105853319168,1.2629340887069702,1.3134275674819946,,unlabeled_background,,0,"Valid Sentinel-2 Phase 4 raster pixel; unlabeled/background, not confirmed non-manganese."
unlabeled_r64_c602,79.73968756260894,21.744425750283643,369670.0,2405070.0,1412.0,1677.0,1637.0,4225.0,3555.0,2595.0,0.44148755073547363,0.08611825108528137,1.159348487854004,1.3699421882629395,,unlabeled_background,,0,"Valid Sentinel-2 Phase 4 raster pixel; unlabeled/background, not confirmed non-manganese."
unlabeled_r73_c164,79.65500927885506,21.74213336712964,360910.0,2404890.0,1438.0,1682.0,1947.0,3319.0,4051.0,2954.0,0.26053932309150696,-0.09932157397270203,1.353963851928711,1.3713608980178833,,unlabeled_background,,0,"Valid Sentinel-2 Phase 4 raster pixel; unlabeled/background, not confirmed non-manganese."
unlabeled_r317_c474,79.71534266148245,21.698530530255272,367110.0,2400010.0,1458.0,1667.0,1788.0,3121.0,3677.0,2883.0,0.2715420722961426,-0.08178876340389252,1.2263374328613281,1.2754075527191162,,unlabeled_background,,0,"Valid Sentinel-2 Phase 4 raster pixel; unlabeled/background, not confirmed non-manganese."
unlabeled_r447_c380,79.69738327054102,21.67490407443082,365230.0,2397410.0,1371.0,1602.0,1616.0,4017.0,3426.0,2521.0,0.4262382388114929,0.07940346747636795,1.178701639175415,1.3589844703674316,,unlabeled_background,,0,"Valid Sentinel-2 Phase 4 raster pixel; unlabeled/background, not confirmed non-manganese."
unlabeled_r105_c436,79.70765500867351,21.736771538875562,366350.0,2404250.0,1689.0,1922.0,2293.0,3751.0,4747.0,3597.0,0.24123097956180573,-0.11720404773950577,1.3576080799102783,1.3197108507156372,,unlabeled_background,,0,"Valid Sentinel-2 Phase 4 raster pixel; unlabeled/background, not confirmed non-manganese."
unlabeled_r86_c189,79.65986501742792,21.739824159393972,361410.0,2404630.0,1992.0,2359.0,2895.0,4020.0,5440.0,4531.0,0.16268980503082275,-0.15010571479797363,1.4533132314682007,1.2006179094314575,,unlabeled_background,,0,"Valid Sentinel-2 Phase 4 raster pixel; unlabeled/background, not confirmed non-manganese."
unlabeled_r7_c514,79.72258020183787,21.75459245408572,367910.0,2406210.0,1428.0,1662.0,1693.0,3656.0,3584.0,2577.0,0.366984486579895,0.009944750927388668,1.1855741739273071,1.3907644748687744,,unlabeled_background,,0,"Valid Sentinel-2 Phase 4 raster pixel; unlabeled/background, not confirmed non-manganese."
unlabeled_r466_c25,79.62880540421537,21.670919015783706,358130.0,2397030.0,1837.0,2153.0,2533.0,3864.0,4572.0,3628.0,0.20806628465652466,-0.08392602950334549,1.3788785934448242,1.2601984739303589,,unlabeled_background,,0,"Valid Sentinel-2 Phase 4 raster pixel; unlabeled/background, not confirmed non-manganese."
unlabeled_r534_c507,79.72206739080332,21.659378090941793,367770.0,2395670.0,1229.0,1422.0,1455.0,2864.0,3334.0,2410.0,0.32623291015625,-0.07583091408014297,1.183889389038086,1.3834024667739868,,unlabeled_background,,0,"Valid Sentinel-2 Phase 4 raster pixel; unlabeled/background, not confirmed non-manganese."
unlabeled_r35_c658,79.75047085749603,21.74974680762459,370790.0,2405650.0,1596.0,1844.0,2134.0,3391.0,3834.0,2986.0,0.22751131653785706,-0.06131487712264061,1.3370927572250366,1.2839919328689575,,unlabeled_background,,0,"Valid Sentinel-2 Phase 4 raster pixel; unlabeled/background, not confirmed non-manganese."
unlabeled_r26_c581,79.73556675245597,21.751259581676756,369250.0,2405830.0,1334.0,1677.0,1450.0,5355.0,3319.0,2278.0,0.5738427639007568,0.23472446203231812,1.08695650100708,1.456979751586914,,unlabeled_background,,0,"Valid Sentinel-2 Phase 4 raster pixel; unlabeled/background, not confirmed non-manganese."
unlabeled_r405_c602,79.7402240305621,21.682822833576694,369670.0,2398250.0,1375.0,1616.0,1669.0,2212.0,2210.0,1791.0,0.13991239666938782,0.00045228403178043664,1.2138181924819946,1.233947515487671,,unlabeled_background,,0,"Valid Sentinel-2 Phase 4 raster pixel; unlabeled/background, not confirmed non-manganese."
unlabeled_r89_c521,79.72406472198298,21.739789446917545,368050.0,2404570.0,1245.0,1301.0,1318.0,1664.0,1640.0,1470.0,0.11602950841188431,0.007263922598212957,1.0586345195770264,1.115646243095398,,unlabeled_background,,0,"Valid Sentinel-2 Phase 4 raster pixel; unlabeled/background, not confirmed non-manganese."
unlabeled_r462_c570,79.73412883339417,21.67247846567316,369030.0,2397110.0,1448.0,1688.0,1977.0,3334.0,4024.0,2995.0,0.2555074393749237,-0.09377548098564148,1.3653315305709839,1.3435726165771484,,unlabeled_background,,0,"Valid Sentinel-2 Phase 4 raster pixel; unlabeled/background, not confirmed non-manganese."
unlabeled_r575_c539,79.72831639649452,21.65201875298981,368410.0,2394850.0,1251.0,1471.0,1459.0,2932.0,3111.0,2277.0,0.335458904504776,-0.029621049761772156,1.1662670373916626,1.3662713766098022,,unlabeled_background,,0,"Valid Sentinel-2 Phase 4 raster pixel; unlabeled/background, not confirmed non-manganese."
unlabeled_r345_c487,79.71790040282309,21.69349171154908,367370.0,2399450.0,1951.0,2274.0,2808.0,3736.0,4879.0,3933.0,0.14180928468704224,-0.13267557322978973,1.4392619132995605,1.2405288219451904,,unlabeled_background,,0,"Valid Sentinel-2 Phase 4 raster pixel; unlabeled/background, not confirmed non-manganese."
unlabeled_r505_c357,79.69303246500431,21.664391342177534,364770.0,2396250.0,1288.0,1553.0,1632.0,3149.0,3598.0,2683.0,0.31729763746261597,-0.06654809415340424,1.2670807838439941,1.3410362005233765,,unlabeled_background,,0,"Valid Sentinel-2 Phase 4 raster pixel; unlabeled/background, not confirmed non-manganese."
unlabeled_r465_c486,79.71789890792496,21.67181187717265,367350.0,2397050.0,1393.0,1623.0,1847.0,3134.0,3993.0,3007.0,0.25838184356689453,-0.12052757292985916,1.3259153366088867,1.3279016017913818,,unlabeled_background,,0,"Valid Sentinel-2 Phase 4 raster pixel; unlabeled/background, not confirmed non-manganese."
unlabeled_r424_c308,79.68343002470336,21.67894921542661,363790.0,2397870.0,1389.0,1644.0,1860.0,3037.0,3912.0,2988.0,0.24035122990608215,-0.12591740489006042,1.3390928506851196,1.309237003326416,,unlabeled_background,,0,"Valid Sentinel-2 Phase 4 raster pixel; unlabeled/background, not confirmed non-manganese."
unlabeled_r373_c528,79.72587012453938,21.688494506874868,368190.0,2398890.0,1111.0,1281.0,1191.0,3516.0,2672.0,1880.0,0.4939451813697815,0.13639302551746368,1.072007179260254,1.421276569366455,,unlabeled_background,,0,"Valid Sentinel-2 Phase 4 raster pixel; unlabeled/background, not confirmed non-manganese."
unlabeled_r473_c252,79.67268764510106,21.670011137477676,362670.0,2396890.0,1469.0,1700.0,1866.0,2904.0,3889.0,3113.0,0.21761006116867065,-0.14500220119953156,1.2702518701553345,1.2492772340774536,,unlabeled_background,,0,"Valid Sentinel-2 Phase 4 raster pixel; unlabeled/background, not confirmed non-manganese."
unlabeled_r316_c492,79.71882054626134,21.69873810700895,367470.0,2400030.0,1687.0,1943.0,2294.0,3224.0,4048.0,3259.0,0.16853933036327362,-0.11331132799386978,1.3598103523254395,1.2420988082885742,,unlabeled_background,,0,"Valid Sentinel-2 Phase 4 raster pixel; unlabeled/background, not confirmed non-manganese."
unlabeled_r202_c36,79.63048037201129,21.71862715812077,358350.0,2402310.0,1240.0,1425.0,1433.0,3033.0,2928.0,2118.0,0.35826241970062256,0.017614495009183884,1.1556451320648193,1.3824362754821777,,unlabeled_background,,0,"Valid Sentinel-2 Phase 4 raster pixel; unlabeled/background, not confirmed non-manganese."
unlabeled_r435_c313,79.68441443991077,21.67696972525602,363890.0,2397650.0,1233.0,1407.0,1440.0,2722.0,3037.0,2252.0,0.3080250024795532,-0.05469699576497078,1.1678831577301025,1.3485790491104126,,unlabeled_background,,0,"Valid Sentinel-2 Phase 4 raster pixel; unlabeled/background, not confirmed non-manganese."
unlabeled_r126_c594,79.73823842316517,21.73321347532359,369510.0,2403830.0,1225.0,1537.0,1335.0,4288.0,2820.0,2064.0,0.5251644849777222,0.20652785897254944,1.0897959470748901,1.366279125213623,,unlabeled_background,,0,"Valid Sentinel-2 Phase 4 raster pixel; unlabeled/background, not confirmed non-manganese."
unlabeled_r437_c536,79.72751798451384,21.67694455399843,368350.0,2397610.0,1881.0,2211.0,2643.0,3253.0,4021.0,3591.0,0.10345996916294098,-0.10558152198791504,1.4051036834716797,1.119743824005127,,unlabeled_background,,0,"Valid Sentinel-2 Phase 4 raster pixel; unlabeled/background, not confirmed non-manganese."
unlabeled_r478_c397,79.70071907320498,21.66932962702214,365570.0,2396790.0,1181.0,1346.0,1326.0,2822.0,2980.0,2147.0,0.3606557250022888,-0.027231989428400993,1.1227773427963257,1.3879832029342651,,unlabeled_background,,0,"Valid Sentinel-2 Phase 4 raster pixel; unlabeled/background, not confirmed non-manganese."
unlabeled_r76_c226,79.6670025112484,21.74168840026196,362150.0,2404830.0,1386.0,1590.0,1767.0,2659.0,2967.0,2340.0,0.2015363723039627,-0.05474582314491272,1.27489173412323,1.2679487466812134,,unlabeled_background,,0,"Valid Sentinel-2 Phase 4 raster pixel; unlabeled/background, not confirmed non-manganese."
unlabeled_r25_c262,79.67387884636445,21.750957371819833,362870.0,2405850.0,1320.0,1578.0,1535.0,2205.0,2345.0,1846.0,0.17914438247680664,-0.03076923079788685,1.1628787517547607,1.2703142166137695,,unlabeled_background,,0,"Valid Sentinel-2 Phase 4 raster pixel; unlabeled/background, not confirmed non-manganese."
unlabeled_r76_c306,79.68247123858127,21.741812246003573,363750.0,2404830.0,1343.0,1543.0,1732.0,2887.0,3822.0,2874.0,0.25005412101745605,-0.1393650323152542,1.2896500825881958,1.329853892326355,,unlabeled_background,,0,"Valid Sentinel-2 Phase 4 raster pixel; unlabeled/background, not confirmed non-manganese."
unlabeled_r80_c538,79.72733752865643,21.74144062014484,368390.0,2404750.0,1245.0,1492.0,1379.0,3498.0,2887.0,2201.0,0.4344884157180786,0.09569302946329117,1.1076304912567139,1.3116765022277832,,unlabeled_background,,0,"Valid Sentinel-2 Phase 4 raster pixel; unlabeled/background, not confirmed non-manganese."
unlabeled_r319_c168,79.65619564022887,21.697700357453115,360990.0,2399970.0,1254.0,1447.0,1538.0,2829.0,3355.0,2530.0,0.29562628269195557,-0.08505821228027344,1.2264752388000488,1.3260869979858398,,unlabeled_background,,0,"Valid Sentinel-2 Phase 4 raster pixel; unlabeled/background, not confirmed non-manganese."
unlabeled_r336_c447,79.71015401911141,21.695057619525052,366570.0,2399630.0,1898.0,2224.0,2737.0,3883.0,5030.0,3975.0,0.17311178147792816,-0.12868843972682953,1.4420442581176758,1.2654087543487549,,unlabeled_background,,0,"Valid Sentinel-2 Phase 4 raster pixel; unlabeled/background, not confirmed non-manganese."
unlabeled_r431_c519,79.72422274514993,21.67800324410716,368010.0,2397730.0,1185.0,1351.0,1067.0,978.0,1188.0,1181.0,-0.04352078214287758,-0.0969529077410698,0.9004219174385071,1.0059272050857544,,unlabeled_background,,0,"Valid Sentinel-2 Phase 4 raster pixel; unlabeled/background, not confirmed non-manganese."
unlabeled_r433_c550,79.73021752868834,21.67768789834842,368630.0,2397690.0,1670.0,1875.0,2295.0,3390.0,4568.0,3539.0,0.19261214137077332,-0.14802713692188263,1.3742514848709106,1.2907601594924927,,unlabeled_background,,0,"Valid Sentinel-2 Phase 4 raster pixel; unlabeled/background, not confirmed non-manganese."
unlabeled_r22_c15,79.62611150058069,21.751109642101383,357930.0,2405910.0,1306.0,1493.0,1614.0,2874.0,3193.0,2350.0,0.2807486653327942,-0.05257952958345413,1.2358345985412598,1.3587234020233154,,unlabeled_background,,0,"Valid Sentinel-2 Phase 4 raster pixel; unlabeled/background, not confirmed non-manganese."
unlabeled_r231_c8,79.62511707648233,21.71334360819789,357790.0,2401730.0,1387.0,1636.0,1699.0,3506.0,3468.0,2544.0,0.34716618061065674,0.005448809824883938,1.2249459028244019,1.3632075786590576,,unlabeled_background,,0,"Valid Sentinel-2 Phase 4 raster pixel; unlabeled/background, not confirmed non-manganese."
unlabeled_r294_c68,79.63682333330766,21.702058723969785,358990.0,2400470.0,1392.0,1591.0,1781.0,3128.0,3381.0,2467.0,0.2743939757347107,-0.038869258016347885,1.279453992843628,1.3704904317855835,,unlabeled_background,,0,"Valid Sentinel-2 Phase 4 raster pixel; unlabeled/background, not confirmed non-manganese."
unlabeled_r542_c537,79.72787765273176,21.65797738001497,368370.0,2395510.0,1275.0,1480.0,1514.0,2723.0,3273.0,2385.0,0.2853434085845947,-0.09172781556844711,1.1874510049819946,1.3723270893096924,,unlabeled_background,,0,"Valid Sentinel-2 Phase 4 raster pixel; unlabeled/background, not confirmed non-manganese."
unlabeled_r58_c337,79.68843588004606,21.745111537083798,364370.0,2405190.0,1316.0,1482.0,1599.0,2700.0,3648.0,2729.0,0.25610607862472534,-0.14933837950229645,1.2150455713272095,1.3367533683776855,,unlabeled_background,,0,"Valid Sentinel-2 Phase 4 raster pixel; unlabeled/background, not confirmed non-manganese."
unlabeled_r135_c391,79.69900283311337,21.731283880925133,365450.0,2403650.0,1357.0,1564.0,1662.0,3258.0,3524.0,2567.0,0.3243902325630188,-0.039221469312906265,1.2247605323791504,1.3728086948394775,,unlabeled_background,,0,"Valid Sentinel-2 Phase 4 raster pixel; unlabeled/background, not confirmed non-manganese."
unlabeled_r578_c43,79.63247483126999,21.65071525201276,358490.0,2394790.0,1217.0,1350.0,1351.0,2619.0,2842.0,2118.0,0.3193954527378082,-0.04083501175045967,1.1101068258285522,1.341831922531128,,unlabeled_background,,0,"Valid Sentinel-2 Phase 4 raster pixel; unlabeled/background, not confirmed non-manganese."
unlabeled_r512_c132,79.64956179339278,21.662778764672662,360270.0,2396110.0,1263.0,1471.0,1500.0,2681.0,3151.0,2349.0,0.282468318939209,-0.08058984577655792,1.1876484155654907,1.3414218425750732,,unlabeled_background,,0,"Valid Sentinel-2 Phase 4 raster pixel; unlabeled/background, not confirmed non-manganese."
unlabeled_r590_c262,79.67481334065293,21.64889050560857,362870.0,2394550.0,1603.0,1788.0,2120.0,3199.0,4617.0,3654.0,0.20285767316818237,-0.18142272531986237,1.3225202560424805,1.2635468244552612,,unlabeled_background,,0,"Valid Sentinel-2 Phase 4 raster pixel; unlabeled/background, not confirmed non-manganese."
unlabeled_r558_c269,79.67611326093115,21.654682108025614,363010.0,2395190.0,1914.0,2247.0,2914.0,4126.0,5570.0,4489.0,0.1721590906381607,-0.14892739057540894,1.5224660634994507,1.2408108711242676,,unlabeled_background,,0,"Valid Sentinel-2 Phase 4 raster pixel; unlabeled/background, not confirmed non-manganese."
unlabeled_r374_c410,79.70306341634397,21.688137070659476,365830.0,2398870.0,1261.0,1466.0,1502.0,2998.0,3056.0,2215.0,0.3324444591999054,-0.009580442681908607,1.1911181211471558,1.3796839714050293,,unlabeled_background,,0,"Valid Sentinel-2 Phase 4 raster pixel; unlabeled/background, not confirmed non-manganese."
unlabeled_r35_c49,79.63270824724842,21.748815712499336,358610.0,2405650.0,1496.0,1756.0,1999.0,3767.0,3815.0,2700.0,0.30662503838539124,-0.006330783478915691,1.336229920387268,1.4129629135131836,,unlabeled_background,,0,"Valid Sentinel-2 Phase 4 raster pixel; unlabeled/background, not confirmed non-manganese."
unlabeled_r542_c441,79.70932559923838,21.657834209291764,366450.0,2395510.0,1326.0,1521.0,1696.0,2959.0,3765.0,2806.0,0.2713211476802826,-0.11986912786960602,1.2790347337722778,1.34176766872406,,unlabeled_background,,0,"Valid Sentinel-2 Phase 4 raster pixel; unlabeled/background, not confirmed non-manganese."
unlabeled_r207_c266,79.67495377968908,21.71808552343454,362950.0,2402210.0,1823.0,2160.0,2696.0,3911.0,5373.0,4209.0,0.18389587104320526,-0.15747523307800293,1.4788810014724731,1.27655029296875,,unlabeled_background,,0,"Valid Sentinel-2 Phase 4 raster pixel; unlabeled/background, not confirmed non-manganese."
unlabeled_r255_c152,79.65299528853696,21.709236712173347,360670.0,2401250.0,1738.0,2025.0,2395.0,3553.0,4721.0,3679.0,0.19468729197978973,-0.141165092587471,1.3780207633972168,1.283229112625122,,unlabeled_background,,0,"Valid Sentinel-2 Phase 4 raster pixel; unlabeled/background, not confirmed non-manganese."
unlabeled_r414_c565,79.7330866958129,21.68114248554603,368930.0,2398070.0,1966.0,2250.0,2552.0,3164.0,4242.0,4020.0,0.10706788301467896,-0.14555765688419342,1.2980670928955078,1.055223822593689,,unlabeled_background,,0,"Valid Sentinel-2 Phase 4 raster pixel; unlabeled/background, not confirmed non-manganese."
unlabeled_r70_c347,79.69038917907291,21.74295905442457,364570.0,2404950.0,1186.0,1366.0,1407.0,2869.0,3112.0,2258.0,0.34190833568573,-0.04062865674495697,1.1863406896591187,1.3782107830047607,,unlabeled_background,,0,"Valid Sentinel-2 Phase 4 raster pixel; unlabeled/background, not confirmed non-manganese."
unlabeled_r132_c415,79.70363830537012,21.731862225097075,365930.0,2403710.0,1504.0,1734.0,1996.0,3458.0,4198.0,3114.0,0.2680601477622986,-0.09665621817111969,1.3271276950836182,1.3481053113937378,,unlabeled_background,,0,"Valid Sentinel-2 Phase 4 raster pixel; unlabeled/background, not confirmed non-manganese."
unlabeled_r348_c245,79.67112776737704,21.69258149992677,362530.0,2399390.0,1976.0,2328.0,2907.0,3944.0,5343.0,4196.0,0.1513647586107254,-0.15064068138599396,1.4711538553237915,1.2733556032180786,,unlabeled_background,,0,"Valid Sentinel-2 Phase 4 raster pixel; unlabeled/background, not confirmed non-manganese."
unlabeled_r0_c435,79.70729191471372,21.75573835334645,366330.0,2406350.0,1647.0,1987.0,2220.0,3675.0,3792.0,2886.0,0.24681933224201202,-0.015668943524360657,1.3479052782058716,1.3139293193817139,,unlabeled_background,,0,"Valid Sentinel-2 Phase 4 raster pixel; unlabeled/background, not confirmed non-manganese."
unlabeled_r152_c365,79.69400356024667,21.728173257977673,364930.0,2403310.0,1619.0,1853.0,2211.0,3551.0,4668.0,3635.0,0.23255814611911774,-0.13590461015701294,1.3656578063964844,1.2841815948486328,,unlabeled_background,,0,"Valid Sentinel-2 Phase 4 raster pixel; unlabeled/background, not confirmed non-manganese."
unlabeled_r165_c168,79.6559372637468,21.725520105861214,360990.0,2403050.0,1324.0,1516.0,1593.0,3085.0,3278.0,2425.0,0.3189397156238556,-0.030331604182720184,1.203172206878662,1.351752519607544,,unlabeled_background,,0,"Valid Sentinel-2 Phase 4 raster pixel; unlabeled/background, not confirmed non-manganese."
unlabeled_r546_c16,79.62720283448307,21.65645290894766,357950.0,2395430.0,1491.0,1753.0,1998.0,3360.0,4379.0,3274.0,0.2541993260383606,-0.1316707581281662,1.3400402069091797,1.3375076055526733,,unlabeled_background,,0,"Valid Sentinel-2 Phase 4 raster pixel; unlabeled/background, not confirmed non-manganese."
unlabeled_r286_c446,79.70988024139955,21.704088710892986,366550.0,2400630.0,1218.0,1396.0,1406.0,2968.0,2759.0,2068.0,0.3571102023124695,0.036493800580501556,1.1543513536453247,1.3341392278671265,,unlabeled_background,,0,"Valid Sentinel-2 Phase 4 raster pixel; unlabeled/background, not confirmed non-manganese."
unlabeled_r191_c47,79.63258815882071,21.720631827677472,358570.0,2402530.0,1565.0,1794.0,2174.0,3399.0,4294.0,3107.0,0.21980980038642883,-0.11633952707052231,1.3891373872756958,1.3820405006408691,,unlabeled_background,,0,"Valid Sentinel-2 Phase 4 raster pixel; unlabeled/background, not confirmed non-manganese."
unlabeled_r576_c217,79.66609453445598,21.6513499985222,361970.0,2394830.0,1273.0,1430.0,1489.0,2814.0,3284.0,2478.0,0.30792471766471863,-0.07707445323467255,1.169677972793579,1.3252623081207275,,unlabeled_background,,0,"Valid Sentinel-2 Phase 4 raster pixel; unlabeled/background, not confirmed non-manganese."
unlabeled_r333_c485,79.71749461058576,21.695656552697983,367330.0,2399690.0,1829.0,2180.0,2741.0,3800.0,5108.0,3991.0,0.16190184652805328,-0.14683429896831512,1.4986331462860107,1.2798796892166138,,unlabeled_background,,0,"Valid Sentinel-2 Phase 4 raster pixel; unlabeled/background, not confirmed non-manganese."
unlabeled_r137_c627,79.74463632332106,21.73127478326966,370170.0,2403610.0,1404.0,1632.0,1674.0,2461.0,2286.0,1882.0,0.1903264820575714,0.03686538711190224,1.192307710647583,1.2146652936935425,,unlabeled_background,,0,"Valid Sentinel-2 Phase 4 raster pixel; unlabeled/background, not confirmed non-manganese."
unlabeled_r155_c589,79.73731741975998,21.72796716409012,369410.0,2403250.0,1764.0,2060.0,2501.0,3856.0,5248.0,4136.0,0.21315085887908936,-0.152899831533432,1.4178004264831543,1.268858790397644,,unlabeled_background,,0,"Valid Sentinel-2 Phase 4 raster pixel; unlabeled/background, not confirmed non-manganese."
unlabeled_r287_c453,79.71123503041619,21.70391858531933,366690.0,2400610.0,1415.0,1660.0,1723.0,3717.0,3415.0,2547.0,0.36654412746429443,0.042344365268945694,1.217667818069458,1.3407931327819824,,unlabeled_background,,0,"Valid Sentinel-2 Phase 4 raster pixel; unlabeled/background, not confirmed non-manganese."
unlabeled_r83_c656,79.75015913261713,21.74107250797752,370750.0,2404690.0,1690.0,1983.0,2312.0,3883.0,4393.0,3342.0,0.2535915970802307,-0.06162397190928459,1.3680473566055298,1.31448233127594,,unlabeled_background,,0,"Valid Sentinel-2 Phase 4 raster pixel; unlabeled/background, not confirmed non-manganese."
unlabeled_r445_c545,79.72927014302647,21.67551265464136,368530.0,2397450.0,1911.0,2158.0,2376.0,3337.0,4119.0,3758.0,0.16821284592151642,-0.10488197207450867,1.2433280944824219,1.0960617065429688,,unlabeled_background,,0,"Valid Sentinel-2 Phase 4 raster pixel; unlabeled/background, not confirmed non-manganese."
unlabeled_r364_c638,79.74711826931204,21.690282375530685,370390.0,2399070.0,1663.0,1882.0,2161.0,3353.0,4265.0,3399.0,0.21617700159549713,-0.11971645802259445,1.2994588613510132,1.2547807693481445,,unlabeled_background,,0,"Valid Sentinel-2 Phase 4 raster pixel; unlabeled/background, not confirmed non-manganese."
unlabeled_r500_c202,79.66306947342954,21.665056047636757,361670.0,2396350.0,1346.0,1531.0,1671.0,2961.0,3574.0,2753.0,0.2784973978996277,-0.09380260109901428,1.241456151008606,1.298220157623291,,unlabeled_background,,0,"Valid Sentinel-2 Phase 4 raster pixel; unlabeled/background, not confirmed non-manganese."
unlabeled_r75_c648,79.7485997044282,21.74250605084871,370590.0,2404850.0,1327.0,1621.0,1542.0,3578.0,3421.0,2593.0,0.39765626192092896,0.02243177592754364,1.1620196104049683,1.3193212747573853,,unlabeled_background,,0,"Valid Sentinel-2 Phase 4 raster pixel; unlabeled/background, not confirmed non-manganese."
unlabeled_r598_c502,79.72120300432579,21.647808814182348,367670.0,2394390.0,1282.0,1462.0,1535.0,2771.0,3531.0,2626.0,0.2870413362979889,-0.12059663236141205,1.19734787940979,1.3446305990219116,,unlabeled_background,,0,"Valid Sentinel-2 Phase 4 raster pixel; unlabeled/background, not confirmed non-manganese."
unlabeled_r513_c163,79.65555427787325,21.66264674100619,360890.0,2396090.0,1236.0,1462.0,1489.0,2898.0,2982.0,2187.0,0.3211762011051178,-0.014285714365541935,1.2046926021575928,1.3635116815567017,,unlabeled_background,,0,"Valid Sentinel-2 Phase 4 raster pixel; unlabeled/background, not confirmed non-manganese."
unlabeled_r97_c322,79.6855995062918,21.738043207128918,364070.0,2404410.0,1599.0,1813.0,2161.0,3572.0,4665.0,3717.0,0.24611896276474,-0.13269394636154175,1.35146963596344,1.2550443410873413,,unlabeled_background,,0,"Valid Sentinel-2 Phase 4 raster pixel; unlabeled/background, not confirmed non-manganese."
unlabeled_r301_c91,79.64128117511233,21.700830697190852,359450.0,2400330.0,1712.0,1984.0,2351.0,3578.0,4814.0,3771.0,0.2069488912820816,-0.14728312194347382,1.3732476234436035,1.276584506034851,,unlabeled_background,,0,"Valid Sentinel-2 Phase 4 raster pixel; unlabeled/background, not confirmed non-manganese."
unlabeled_r89_c147,79.65174916512278,21.739216276979356,360570.0,2404570.0,1372.0,1608.0,1789.0,3481.0,3517.0,2553.0,0.3210626244544983,-0.005144326947629452,1.3039358854293823,1.3775949478149414,,unlabeled_background,,0,"Valid Sentinel-2 Phase 4 raster pixel; unlabeled/background, not confirmed non-manganese."
unlabeled_r554_c528,79.72615742176752,21.655796197982383,368190.0,2395270.0,1190.0,1395.0,1367.0,2730.0,2903.0,2101.0,0.33268246054649353,-0.03071187622845173,1.1487394571304321,1.3817230463027954,,unlabeled_background,,0,"Valid Sentinel-2 Phase 4 raster pixel; unlabeled/background, not confirmed non-manganese."
unlabeled_r29_c604,79.74001914430613,21.750751548936158,369710.0,2405770.0,1781.0,2089.0,2355.0,3854.0,3838.0,3144.0,0.24142374098300934,0.0020800831262022257,1.3222908973693848,1.2207379341125488,,unlabeled_background,,0,"Valid Sentinel-2 Phase 4 raster pixel; unlabeled/background, not confirmed non-manganese."
unlabeled_r564_c495,79.71979617253167,21.653940619572985,367530.0,2395070.0,1312.0,1504.0,1624.0,2989.0,3586.0,2640.0,0.29590287804603577,-0.09079848229885101,1.237804889678955,1.3583333492279053,,unlabeled_background,,0,"Valid Sentinel-2 Phase 4 raster pixel; unlabeled/background, not confirmed non-manganese."
unlabeled_r77_c305,79.68227952637534,21.74163005785738,363730.0,2404810.0,1396.0,1588.0,1820.0,3010.0,4240.0,3207.0,0.24637681245803833,-0.16965517401695251,1.3037248849868774,1.3221079111099243,,unlabeled_background,,0,"Valid Sentinel-2 Phase 4 raster pixel; unlabeled/background, not confirmed non-manganese."
unlabeled_r96_c614,79.74205830679378,21.738662498625636,369910.0,2404430.0,1843.0,2175.0,2716.0,3820.0,5069.0,3961.0,0.1689106523990631,-0.14051073789596558,1.4736841917037964,1.2797273397445679,,unlabeled_background,,0,"Valid Sentinel-2 Phase 4 raster pixel; unlabeled/background, not confirmed non-manganese."
unlabeled_r176_c472,79.71472983544156,21.723999465945063,367070.0,2402830.0,1337.0,1506.0,1620.0,2932.0,3738.0,2737.0,0.2882249653339386,-0.12083958089351654,1.2116678953170776,1.3657288551330566,,unlabeled_background,,0,"Valid Sentinel-2 Phase 4 raster pixel; unlabeled/background, not confirmed non-manganese."
unlabeled_r495_c309,79.68373974369445,21.666124556487866,363810.0,2396450.0,1211.0,1408.0,1408.0,2891.0,2841.0,2056.0,0.344963937997818,0.008722959086298943,1.1626754999160767,1.3818093538284302,,unlabeled_background,,0,"Valid Sentinel-2 Phase 4 raster pixel; unlabeled/background, not confirmed non-manganese."
unlabeled_r457_c308,79.68348416480248,21.672987748660912,363790.0,2397210.0,1200.0,1372.0,1407.0,2722.0,2985.0,2159.0,0.318479061126709,-0.046083755791187286,1.1725000143051147,1.382584571838379,,unlabeled_background,,0,"Valid Sentinel-2 Phase 4 raster pixel; unlabeled/background, not confirmed non-manganese."
unlabeled_r64_c322,79.68554527441857,21.74400463222986,364070.0,2405070.0,1375.0,1552.0,1737.0,2787.0,3955.0,3044.0,0.23209549486637115,-0.17324236035346985,1.263272762298584,1.2992773056030273,,unlabeled_background,,0,"Valid Sentinel-2 Phase 4 raster pixel; unlabeled/background, not confirmed non-manganese."
unlabeled_r477_c541,79.72854773796628,21.669725810673697,368450.0,2396810.0,1562.0,1832.0,2151.0,3189.0,4231.0,3524.0,0.19438202679157257,-0.1404312700033188,1.3770806789398193,1.2006243467330933,,unlabeled_background,,0,"Valid Sentinel-2 Phase 4 raster pixel; unlabeled/background, not confirmed non-manganese."
unlabeled_r87_c555,79.73063580668602,21.740201292740597,368730.0,2404610.0,1420.0,1696.0,1847.0,3083.0,3446.0,2640.0,0.2507099509239197,-0.05559810250997543,1.3007042407989502,1.3053029775619507,,unlabeled_background,,0,"Valid Sentinel-2 Phase 4 raster pixel; unlabeled/background, not confirmed non-manganese."
unlabeled_r445_c342,79.69003569801373,21.675207561097604,364470.0,2397450.0,1238.0,1427.0,1486.0,2726.0,3401.0,2511.0,0.2943969666957855,-0.11016810685396194,1.2003231048583984,1.354440450668335,,unlabeled_background,,0,"Valid Sentinel-2 Phase 4 raster pixel; unlabeled/background, not confirmed non-manganese."
unlabeled_r152_c647,79.74852679240263,21.728594244104183,370570.0,2403310.0,1462.0,1783.0,1490.0,1195.0,1389.0,1296.0,-0.10986964404582977,-0.07507739961147308,1.0191518068313599,1.0717592239379883,,unlabeled_background,,0,"Valid Sentinel-2 Phase 4 raster pixel; unlabeled/background, not confirmed non-manganese."
unlabeled_r235_c416,79.70399840475895,21.71325668851256,365950.0,2401650.0,1328.0,1570.0,1669.0,3481.0,3228.0,2307.0,0.3518446683883667,0.037710536271333694,1.2567771673202515,1.3992197513580322,,unlabeled_background,,0,"Valid Sentinel-2 Phase 4 raster pixel; unlabeled/background, not confirmed non-manganese."
unlabeled_r362_c439,79.70864950011592,21.690348632276766,366410.0,2399110.0,1279.0,1487.0,1597.0,3045.0,3533.0,2609.0,0.3119345009326935,-0.07418668270111084,1.2486317157745361,1.354158639907837,,unlabeled_background,,0,"Valid Sentinel-2 Phase 4 raster pixel; unlabeled/background, not confirmed non-manganese."
unlabeled_r488_c137,79.65048771468214,21.66712218167078,360370.0,2396590.0,1229.0,1432.0,1394.0,2987.0,2960.0,2109.0,0.36361560225486755,0.004540104418992996,1.1342555284500122,1.4035087823867798,,unlabeled_background,,0,"Valid Sentinel-2 Phase 4 raster pixel; unlabeled/background, not confirmed non-manganese."
unlabeled_r580_c457,79.71247850130851,21.65099339849063,366770.0,2394750.0,1704.0,2125.0,2716.0,3462.0,4543.0,4106.0,0.12075105309486389,-0.13504059612751007,1.593896746635437,1.1064295768737793,,unlabeled_background,,0,"Valid Sentinel-2 Phase 4 raster pixel; unlabeled/background, not confirmed non-manganese."
unlabeled_r445_c311,79.68404429223996,21.675160154478277,363850.0,2397450.0,1374.0,1549.0,1768.0,2699.0,3657.0,2791.0,0.20841728150844574,-0.15072372555732727,1.2867540121078491,1.3102830648422241,,unlabeled_background,,0,"Valid Sentinel-2 Phase 4 raster pixel; unlabeled/background, not confirmed non-manganese."
unlabeled_r463_c41,79.63189246669381,21.671486475547844,358450.0,2397090.0,1243.0,1374.0,1376.0,2955.0,2804.0,2075.0,0.3645809292793274,0.02621982991695404,1.106999158859253,1.351325273513794,,unlabeled_background,,0,"Valid Sentinel-2 Phase 4 raster pixel; unlabeled/background, not confirmed non-manganese."
unlabeled_r364_c617,79.74305906005921,21.690251660699943,369970.0,2399070.0,1686.0,2030.0,2369.0,3266.0,4074.0,3222.0,0.15918366611003876,-0.110081747174263,1.4051008224487305,1.2644320726394653,,unlabeled_background,,0,"Valid Sentinel-2 Phase 4 raster pixel; unlabeled/background, not confirmed non-manganese."
unlabeled_r73_c279,79.6772455691329,21.74231255541937,363210.0,2404890.0,2193.0,2653.0,3326.0,4460.0,5370.0,4276.0,0.14564603567123413,-0.09257375448942184,1.5166438817977905,1.255846619606018,,unlabeled_background,,0,"Valid Sentinel-2 Phase 4 raster pixel; unlabeled/background, not confirmed non-manganese."
unlabeled_r172_c210,79.66406906935292,21.724321265275535,361830.0,2402910.0,1924.0,2331.0,2812.0,4018.0,5043.0,4207.0,0.17657393217086792,-0.11312217265367508,1.4615384340286255,1.198716402053833,,unlabeled_background,,0,"Valid Sentinel-2 Phase 4 raster pixel; unlabeled/background, not confirmed non-manganese."
unlabeled_r290_c463,79.71317296228867,21.70339164750445,366890.0,2400550.0,1726.0,2021.0,2494.0,3606.0,4424.0,3512.0,0.1822950839996338,-0.10186799615621567,1.4449594020843506,1.2596811056137085,,unlabeled_background,,0,"Valid Sentinel-2 Phase 4 raster pixel; unlabeled/background, not confirmed non-manganese."
unlabeled_r49_c0,79.62325748006536,21.746208134075193,357630.0,2405370.0,1304.0,1565.0,1579.0,3705.0,3039.0,2138.0,0.4023467004299164,0.09875445067882538,1.2108895778656006,1.4214218854904175,,unlabeled_background,,0,"Valid Sentinel-2 Phase 4 raster pixel; unlabeled/background, not confirmed non-manganese."
unlabeled_r549_c427,79.7066313757174,21.656548589025252,366170.0,2395370.0,1886.0,2218.0,2701.0,3613.0,5194.0,4233.0,0.1444409191608429,-0.17951630055904388,1.4321315288543701,1.2270257472991943,,unlabeled_background,,0,"Valid Sentinel-2 Phase 4 raster pixel; unlabeled/background, not confirmed non-manganese."
unlabeled_r50_c12,79.62557953146182,21.746046775241613,357870.0,2405350.0,1234.0,1378.0,1428.0,2996.0,2899.0,2115.0,0.3544303774833679,0.016454622149467468,1.1572123765945435,1.3706855773925781,,unlabeled_background,,0,"Valid Sentinel-2 Phase 4 raster pixel; unlabeled/background, not confirmed non-manganese."
unlabeled_r238_c541,79.72816870774757,21.71290197049163,368450.0,2401590.0,1322.0,1555.0,1658.0,3080.0,3363.0,2487.0,0.3001266419887543,-0.04392363876104355,1.2541604042053223,1.3522316217422485,,unlabeled_background,,0,"Valid Sentinel-2 Phase 4 raster pixel; unlabeled/background, not confirmed non-manganese."
unlabeled_r50_c557,79.73096381722729,21.746888397786872,368770.0,2405350.0,1464.0,1656.0,1780.0,2894.0,3367.0,2786.0,0.23833975195884705,-0.07554703950881958,1.2158470153808594,1.2085427045822144,,unlabeled_background,,0,"Valid Sentinel-2 Phase 4 raster pixel; unlabeled/background, not confirmed non-manganese."
unlabeled_r430_c560,79.7321455671194,21.678244640192137,368830.0,2397750.0,1535.0,1790.0,2045.0,2850.0,3726.0,3189.0,0.16445352137088776,-0.1332116723060608,1.3322476148605347,1.1683913469314575,,unlabeled_background,,0,"Valid Sentinel-2 Phase 4 raster pixel; unlabeled/background, not confirmed non-manganese."
unlabeled_r380_c3,79.6244062381223,21.686419393607785,357690.0,2398750.0,1271.0,1528.0,1548.0,3202.0,2916.0,2089.0,0.34821051359176636,0.04674730449914932,1.2179386615753174,1.3958832025527954,,unlabeled_background,,0,"Valid Sentinel-2 Phase 4 raster pixel; unlabeled/background, not confirmed non-manganese."
unlabeled_r509_c337,79.68917385364148,21.663638261517374,364370.0,2396170.0,1473.0,1705.0,1963.0,3382.0,4077.0,3090.0,0.26548177003860474,-0.09317602962255478,1.3326544761657715,1.3194174766540527,,unlabeled_background,,0,"Valid Sentinel-2 Phase 4 raster pixel; unlabeled/background, not confirmed non-manganese."
unlabeled_r130_c648,79.74868573935278,21.73257009200575,370590.0,2403750.0,1595.0,1883.0,2249.0,4173.0,4279.0,3085.0,0.2995951473712921,-0.012541410513222218,1.4100313186645508,1.3870340585708618,,unlabeled_background,,0,"Valid Sentinel-2 Phase 4 raster pixel; unlabeled/background, not confirmed non-manganese."
unlabeled_r207_c27,79.628749013151,21.717709538075212,358170.0,2402210.0,1548.0,1826.0,2170.0,3547.0,3820.0,2829.0,0.24086059629917145,-0.037057146430015564,1.401808738708496,1.3503004312515259,,unlabeled_background,,0,"Valid Sentinel-2 Phase 4 raster pixel; unlabeled/background, not confirmed non-manganese."
unlabeled_r167_c42,79.63158049896514,21.72495934104785,358470.0,2403010.0,1558.0,1846.0,2302.0,3715.0,4176.0,3010.0,0.23483464121818542,-0.05842098593711853,1.4775352478027344,1.3873754739761353,,unlabeled_background,,0,"Valid Sentinel-2 Phase 4 raster pixel; unlabeled/background, not confirmed non-manganese."
unlabeled_r302_c365,79.69424813727254,21.70107569189332,364930.0,2400310.0,1373.0,1537.0,1668.0,2133.0,3052.0,2523.0,0.12233622372150421,-0.17724204063415527,1.2148579359054565,1.2096710205078125,,unlabeled_background,,0,"Valid Sentinel-2 Phase 4 raster pixel; unlabeled/background, not confirmed non-manganese."
unlabeled_r152_c438,79.70811760295463,21.728283957525328,366390.0,2403310.0,1322.0,1515.0,1661.0,3184.0,3448.0,2496.0,0.3143446743488312,-0.039806995540857315,1.256429672241211,1.3814102411270142,,unlabeled_background,,0,"Valid Sentinel-2 Phase 4 raster pixel; unlabeled/background, not confirmed non-manganese."
unlabeled_r590_c70,79.63771250626355,21.648590357031832,359030.0,2394550.0,1239.0,1384.0,1364.0,2890.0,2890.0,2101.0,0.35872119665145874,0.0,1.1008877754211426,1.375535488128662,,unlabeled_background,,0,"Valid Sentinel-2 Phase 4 raster pixel; unlabeled/background, not confirmed non-manganese."
unlabeled_r548_c111,79.64556422421252,21.656242372029197,359850.0,2395390.0,1242.0,1408.0,1425.0,2848.0,3030.0,2197.0,0.33302128314971924,-0.030962912365794182,1.1473430395126343,1.3791533708572388,,unlabeled_background,,0,"Valid Sentinel-2 Phase 4 raster pixel; unlabeled/background, not confirmed non-manganese."
unlabeled_r500_c591,79.73824726053063,21.665644501597665,369450.0,2396350.0,1239.0,1373.0,1434.0,2492.0,3167.0,2363.0,0.2694854736328125,-0.11927902698516846,1.157384991645813,1.3402454853057861,,unlabeled_background,,0,"Valid Sentinel-2 Phase 4 raster pixel; unlabeled/background, not confirmed non-manganese."
unlabeled_r578_c280,79.67827183805062,21.65108602827022,363230.0,2394790.0,1414.0,1571.0,1767.0,2578.0,3570.0,2958.0,0.1866513192653656,-0.16135329008102417,1.2496464252471924,1.2068965435028076,,unlabeled_background,,0,"Valid Sentinel-2 Phase 4 raster pixel; unlabeled/background, not confirmed non-manganese."
unlabeled_r32_c514,79.72262015230484,21.750076162757267,367910.0,2405710.0,1489.0,1771.0,1897.0,3959.0,3657.0,2641.0,0.35211747884750366,0.03965336084365845,1.274009346961975,1.3847028017044067,,unlabeled_background,,0,"Valid Sentinel-2 Phase 4 raster pixel; unlabeled/background, not confirmed non-manganese."
unlabeled_r315_c352,79.69175637687201,21.698707421707304,364670.0,2400050.0,1262.0,1458.0,1469.0,3057.0,2946.0,2154.0,0.35086169838905334,0.018490754067897797,1.1640253067016602,1.3676880598068237,,unlabeled_background,,0,"Valid Sentinel-2 Phase 4 raster pixel; unlabeled/background, not confirmed non-manganese."
unlabeled_r170_c414,79.70350651632265,21.72499598043271,365910.0,2402950.0,1512.0,1744.0,2126.0,3142.0,4509.0,3398.0,0.19286257028579712,-0.17866945266723633,1.406084656715393,1.3269569873809814,,unlabeled_background,,0,"Valid Sentinel-2 Phase 4 raster pixel; unlabeled/background, not confirmed non-manganese."
unlabeled_r211_c215,79.66510076941839,21.717283780013936,361930.0,2402130.0,1820.0,2034.0,2331.0,3190.0,3991.0,3567.0,0.15558776259422302,-0.11154435575008392,1.2807692289352417,1.1188673973083496,,unlabeled_background,,0,"Valid Sentinel-2 Phase 4 raster pixel; unlabeled/background, not confirmed non-manganese."
unlabeled_r84_c257,79.67300990279841,21.740291375303652,362770.0,2404670.0,1598.0,1848.0,2230.0,3167.0,4171.0,3204.0,0.173614963889122,-0.13682201504707336,1.3954943418502808,1.3018102645874023,,unlabeled_background,,0,"Valid Sentinel-2 Phase 4 raster pixel; unlabeled/background, not confirmed non-manganese."
unlabeled_r162_c633,79.74583560432536,21.726767229118217,370290.0,2403110.0,1645.0,1910.0,2193.0,3246.0,4068.0,3188.0,0.19360177218914032,-0.11238720268011093,1.3331307172775269,1.276035189628601,,unlabeled_background,,0,"Valid Sentinel-2 Phase 4 raster pixel; unlabeled/background, not confirmed non-manganese."
unlabeled_r55_c355,79.69191153919795,21.745681030687674,364730.0,2405250.0,1374.0,1581.0,1771.0,2930.0,3542.0,2676.0,0.246543288230896,-0.09456118941307068,1.2889374494552612,1.3236173391342163,,unlabeled_background,,0,"Valid Sentinel-2 Phase 4 raster pixel; unlabeled/background, not confirmed non-manganese."
unlabeled_r323_c518,79.7238576266772,21.697512298576353,367990.0,2399890.0,1349.0,1491.0,1701.0,2721.0,3442.0,2654.0,0.23066486418247223,-0.11698848009109497,1.2609339952468872,1.296910285949707,,unlabeled_background,,0,"Valid Sentinel-2 Phase 4 raster pixel; unlabeled/background, not confirmed non-manganese."
unlabeled_r587_c95,79.64253823975113,21.649171852053637,359530.0,2394610.0,1239.0,1352.0,1414.0,2584.0,2945.0,2159.0,0.2926463186740875,-0.06529209762811661,1.1412429809570312,1.3640574216842651,,unlabeled_background,,0,"Valid Sentinel-2 Phase 4 raster pixel; unlabeled/background, not confirmed non-manganese."
unlabeled_r41_c454,79.71103225698496,21.74836033677545,366710.0,2405530.0,1411.0,1616.0,1679.0,3582.0,3295.0,2562.0,0.3617182970046997,0.04173331335186958,1.1899361610412598,1.2861045598983765,,unlabeled_background,,0,"Valid Sentinel-2 Phase 4 raster pixel; unlabeled/background, not confirmed non-manganese."
unlabeled_r480_c503,79.72120838098748,21.669127427134775,367690.0,2396750.0,1449.0,1670.0,1922.0,2616.0,3677.0,3112.0,0.15293081104755402,-0.16860003769397736,1.3264319896697998,1.1815552711486816,,unlabeled_background,,0,"Valid Sentinel-2 Phase 4 raster pixel; unlabeled/background, not confirmed non-manganese."
unlabeled_r84_c88,79.64033281762536,21.740026203863895,359390.0,2404670.0,1216.0,1465.0,1421.0,3370.0,2809.0,1944.0,0.4068044126033783,0.09079138934612274,1.1685855388641357,1.4449588060379028,,unlabeled_background,,0,"Valid Sentinel-2 Phase 4 raster pixel; unlabeled/background, not confirmed non-manganese."
unlabeled_r501_c162,79.65534093088509,21.664812960307632,360870.0,2396330.0,1328.0,1503.0,1596.0,2488.0,3505.0,2715.0,0.2184133231639862,-0.16969798505306244,1.2018072605133057,1.2909760475158691,,unlabeled_background,,0,"Valid Sentinel-2 Phase 4 raster pixel; unlabeled/background, not confirmed non-manganese."
unlabeled_r432_c628,79.74529168271663,21.67798324055019,370190.0,2397710.0,1274.0,1503.0,1538.0,2868.0,3551.0,2585.0,0.30186110734939575,-0.10640286654233932,1.2072213888168335,1.3736944198608398,,unlabeled_background,,0,"Valid Sentinel-2 Phase 4 raster pixel; unlabeled/background, not confirmed non-manganese."
unlabeled_r418_c442,79.70931949476588,21.680236625155146,366470.0,2397990.0,1280.0,1501.0,1584.0,3112.0,3377.0,2482.0,0.3253833055496216,-0.040838342159986496,1.2374999523162842,1.3605962991714478,,unlabeled_background,,0,"Valid Sentinel-2 Phase 4 raster pixel; unlabeled/background, not confirmed non-manganese."
unlabeled_r62_c104,79.64338916863211,21.74402579949289,359710.0,2405110.0,1290.0,1500.0,1552.0,3249.0,3018.0,2111.0,0.35346803069114685,0.03685974329710007,1.2031008005142212,1.4296542406082153,,unlabeled_background,,0,"Valid Sentinel-2 Phase 4 raster pixel; unlabeled/background, not confirmed non-manganese."
unlabeled_r394_c33,79.63022858911738,21.683938332565223,358290.0,2398470.0,1255.0,1452.0,1500.0,2940.0,2934.0,2141.0,0.3243243098258972,0.0010214505018666387,1.1952191591262817,1.3703876733779907,,unlabeled_background,,0,"Valid Sentinel-2 Phase 4 raster pixel; unlabeled/background, not confirmed non-manganese."
unlabeled_r78_c395,79.6996835782312,21.741587026314125,365530.0,2404790.0,1389.0,1563.0,1759.0,3057.0,3943.0,2981.0,0.26951828598976135,-0.1265714317560196,1.26637864112854,1.3227105140686035,,unlabeled_background,,0,"Valid Sentinel-2 Phase 4 raster pixel; unlabeled/background, not confirmed non-manganese."
unlabeled_r30_c77,79.63811396262342,21.749763585947367,359170.0,2405750.0,1419.0,1684.0,1904.0,3301.0,3669.0,2854.0,0.2683957815170288,-0.05279770493507385,1.341789960861206,1.2855640649795532,,unlabeled_background,,0,"Valid Sentinel-2 Phase 4 raster pixel; unlabeled/background, not confirmed non-manganese."
unlabeled_r512_c209,79.66444222389877,21.66289914493611,361810.0,2396110.0,1422.0,1590.0,1746.0,2811.0,3882.0,2995.0,0.23370638489723206,-0.1600179225206375,1.2278480529785156,1.2961602210998535,,unlabeled_background,,0,"Valid Sentinel-2 Phase 4 raster pixel; unlabeled/background, not confirmed non-manganese."
unlabeled_r305_c228,79.6677703280303,21.700323038547026,362190.0,2400250.0,1195.0,1393.0,1395.0,2865.0,3033.0,2214.0,0.34507042169570923,-0.02848423272371292,1.1673640012741089,1.369918704032898,,unlabeled_background,,0,"Valid Sentinel-2 Phase 4 raster pixel; unlabeled/background, not confirmed non-manganese."
unlabeled_r368_c448,79.71039878724271,21.689278255984263,366590.0,2398990.0,1823.0,2153.0,2595.0,3799.0,5318.0,4319.0,0.18830153346061707,-0.16661182045936584,1.4234777688980103,1.2313035726547241,,unlabeled_background,,0,"Valid Sentinel-2 Phase 4 raster pixel; unlabeled/background, not confirmed non-manganese."
unlabeled_r255_c387,79.69842453513316,21.7095997289443,365370.0,2401250.0,1611.0,1988.0,2331.0,3609.0,4045.0,3222.0,0.21515151858329773,-0.05696367844939232,1.4469274282455444,1.2554314136505127,,unlabeled_background,,0,"Valid Sentinel-2 Phase 4 raster pixel; unlabeled/background, not confirmed non-manganese."
unlabeled_r201_c306,79.68267702125088,21.71923108898785,363750.0,2402330.0,1888.0,2248.0,2730.0,3985.0,4949.0,3997.0,0.18689501285552979,-0.107902392745018,1.445974588394165,1.2381786108016968,,unlabeled_background,,0,"Valid Sentinel-2 Phase 4 raster pixel; unlabeled/background, not confirmed non-manganese."
unlabeled_r128_c365,79.6939643924618,21.732508860088476,364930.0,2403790.0,1378.0,1599.0,1792.0,3097.0,3703.0,2886.0,0.26692575216293335,-0.08911764621734619,1.3004354238510132,1.2830908298492432,,unlabeled_background,,0,"Valid Sentinel-2 Phase 4 raster pixel; unlabeled/background, not confirmed non-manganese."
unlabeled_r157_c653,79.74969468652506,21.727699735974856,370690.0,2403210.0,1345.0,1656.0,1631.0,3863.0,3369.0,2578.0,0.4062613844871521,0.06830751895904541,1.2126394510269165,1.3068269491195679,,unlabeled_background,,0,"Valid Sentinel-2 Phase 4 raster pixel; unlabeled/background, not confirmed non-manganese."
unlabeled_r190_c76,79.63819296269874,21.720858657980976,359150.0,2402550.0,1245.0,1480.0,1504.0,3305.0,2935.0,2086.0,0.3745061457157135,0.05929487198591232,1.2080321311950684,1.4069989919662476,,unlabeled_background,,0,"Valid Sentinel-2 Phase 4 raster pixel; unlabeled/background, not confirmed non-manganese."
unlabeled_r439_c522,79.72481529205305,21.676562473931263,368070.0,2397570.0,1466.0,1740.0,1855.0,3358.0,4009.0,2953.0,0.2883176803588867,-0.0883670449256897,1.2653478384017944,1.3576024770736694,,unlabeled_background,,0,"Valid Sentinel-2 Phase 4 raster pixel; unlabeled/background, not confirmed non-manganese."
unlabeled_r51_c537,79.72709800674781,21.746678045836124,368370.0,2405330.0,1697.0,1970.0,2278.0,3588.0,4322.0,3285.0,0.2233208268880844,-0.09279393404722214,1.3423688411712646,1.315677285194397,,unlabeled_background,,0,"Valid Sentinel-2 Phase 4 raster pixel; unlabeled/background, not confirmed non-manganese."
unlabeled_r172_c402,79.70118969559732,21.7246165023767,365670.0,2402910.0,1454.0,1674.0,2082.0,3071.0,4466.0,3394.0,0.19192703068256378,-0.1850869059562683,1.4319119453430176,1.3158514499664307,,unlabeled_background,,0,"Valid Sentinel-2 Phase 4 raster pixel; unlabeled/background, not confirmed non-manganese."
unlabeled_r136_c60,79.63500763132164,21.73058807542075,358830.0,2403630.0,1341.0,1604.0,1588.0,3582.0,3130.0,2309.0,0.3856866657733917,0.06734207272529602,1.1841908693313599,1.3555651903152466,,unlabeled_background,,0,"Valid Sentinel-2 Phase 4 raster pixel; unlabeled/background, not confirmed non-manganese."
unlabeled_r236_c473,79.71501946263092,21.713161855143085,367090.0,2401630.0,1250.0,1418.0,1426.0,2827.0,2986.0,2190.0,0.3294145166873932,-0.027352485805749893,1.1407999992370605,1.3634703159332275,,unlabeled_background,,0,"Valid Sentinel-2 Phase 4 raster pixel; unlabeled/background, not confirmed non-manganese."
unlabeled_r63_c40,79.63101589924106,21.743743262257887,358430.0,2405090.0,1370.0,1644.0,1703.0,3392.0,3295.0,2387.0,0.33150148391723633,0.01450575701892376,1.2430657148361206,1.3803937435150146,,unlabeled_background,,0,"Valid Sentinel-2 Phase 4 raster pixel; unlabeled/background, not confirmed non-manganese."
unlabeled_r82_c503,79.7205730428172,21.74102714675606,367690.0,2404710.0,1353.0,1560.0,1623.0,3314.0,3120.0,2372.0,0.3425157070159912,0.03015231527388096,1.199556589126587,1.3153456449508667,,unlabeled_background,,0,"Valid Sentinel-2 Phase 4 raster pixel; unlabeled/background, not confirmed non-manganese."
unlabeled_r444_c36,79.63089374673393,21.674910793335886,358350.0,2397470.0,1314.0,1516.0,1617.0,3051.0,3186.0,2408.0,0.3071979582309723,-0.021645022556185722,1.2305935621261597,1.3230897188186646,,unlabeled_background,,0,"Valid Sentinel-2 Phase 4 raster pixel; unlabeled/background, not confirmed non-manganese."
unlabeled_r54_c298,79.6808880729006,21.74577420103625,363590.0,2405270.0,1550.0,1788.0,2116.0,3305.0,4549.0,3735.0,0.2193322330713272,-0.15839062631130219,1.3651612997055054,1.2179384231567383,,unlabeled_background,,0,"Valid Sentinel-2 Phase 4 raster pixel; unlabeled/background, not confirmed non-manganese."
unlabeled_r433_c655,79.7505117872829,21.677841966190414,370730.0,2397690.0,1634.0,1905.0,2334.0,3520.0,4534.0,3422.0,0.202596515417099,-0.12590017914772034,1.4283965826034546,1.3249561786651611,,unlabeled_background,,0,"Valid Sentinel-2 Phase 4 raster pixel; unlabeled/background, not confirmed non-manganese."
unlabeled_r242_c79,79.63886133152462,21.711469815855793,359210.0,2401510.0,1493.0,1723.0,1925.0,2909.0,3410.0,2662.0,0.20355813205242157,-0.07928469777107239,1.2893502712249756,1.280991792678833,,unlabeled_background,,0,"Valid Sentinel-2 Phase 4 raster pixel; unlabeled/background, not confirmed non-manganese."
unlabeled_r303_c404,79.70178871375195,21.70095424975299,365710.0,2400290.0,1368.0,1583.0,1725.0,3013.0,3519.0,2609.0,0.27184465527534485,-0.07746478915214539,1.2609648704528809,1.3487926721572876,,unlabeled_background,,0,"Valid Sentinel-2 Phase 4 raster pixel; unlabeled/background, not confirmed non-manganese."
unlabeled_r548_c526,79.72576140729704,21.656877156467896,368150.0,2395390.0,1230.0,1426.0,1372.0,3262.0,2821.0,2065.0,0.40785497426986694,0.07249712198972702,1.1154471635818481,1.3661017417907715,,unlabeled_background,,0,"Valid Sentinel-2 Phase 4 raster pixel; unlabeled/background, not confirmed non-manganese."
unlabeled_r474_c212,79.6649587965011,21.669768483900143,361870.0,2396870.0,1292.0,1462.0,1529.0,2866.0,3214.0,2427.0,0.30420932173728943,-0.057236842811107635,1.1834365129470825,1.3242686986923218,,unlabeled_background,,0,"Valid Sentinel-2 Phase 4 raster pixel; unlabeled/background, not confirmed non-manganese."
unlabeled_r130_c406,79.70189492859397,21.73220989423009,365750.0,2403750.0,1587.0,1820.0,2173.0,3522.0,4711.0,3731.0,0.23687444627285004,-0.14441880583763123,1.3692501783370972,1.2626641988754272,,unlabeled_background,,0,"Valid Sentinel-2 Phase 4 raster pixel; unlabeled/background, not confirmed non-manganese."
unlabeled_r12_c523,79.72432860227198,21.753702623535183,368090.0,2406110.0,1525.0,1784.0,2030.0,3791.0,3873.0,2821.0,0.3025253415107727,-0.010699373669922352,1.33114755153656,1.3729174137115479,,unlabeled_background,,0,"Valid Sentinel-2 Phase 4 raster pixel; unlabeled/background, not confirmed non-manganese."
unlabeled_r78_c139,79.65018377162887,21.74119078501761,360410.0,2404790.0,1300.0,1574.0,1705.0,3631.0,3354.0,2339.0,0.360944539308548,0.03965640813112259,1.3115384578704834,1.433946132659912,,unlabeled_background,,0,"Valid Sentinel-2 Phase 4 raster pixel; unlabeled/background, not confirmed non-manganese."
unlabeled_r22_c116,79.6456417323914,21.75127064756767,359950.0,2405910.0,1270.0,1555.0,1608.0,3585.0,3141.0,2219.0,0.380704790353775,0.06601248681545258,1.2661417722702026,1.4155024290084839,,unlabeled_background,,0,"Valid Sentinel-2 Phase 4 raster pixel; unlabeled/background, not confirmed non-manganese."
unlabeled_r110_c127,79.64791758439789,21.73539115941674,360170.0,2404150.0,1380.0,1607.0,1761.0,3482.0,3390.0,2393.0,0.32824718952178955,0.01338766049593687,1.2760869264602661,1.416631817817688,,unlabeled_background,,0,"Valid Sentinel-2 Phase 4 raster pixel; unlabeled/background, not confirmed non-manganese."
unlabeled_r22_c166,79.65531023067872,21.75134950077208,360950.0,2405910.0,1664.0,1956.0,2323.0,3569.0,4663.0,3582.0,0.21147318184375763,-0.13289602100849152,1.3960336446762085,1.3017866611480713,,unlabeled_background,,0,"Valid Sentinel-2 Phase 4 raster pixel; unlabeled/background, not confirmed non-manganese."
unlabeled_r45_c609,79.74101122143,21.747868459981227,369810.0,2405450.0,1572.0,1827.0,2063.0,3691.0,3701.0,2809.0,0.28293362259864807,-0.0013528139097616076,1.3123409748077393,1.317550778388977,,unlabeled_background,,0,"Valid Sentinel-2 Phase 4 raster pixel; unlabeled/background, not confirmed non-manganese."
unlabeled_r272_c553,79.73054248433047,21.706777553174152,368690.0,2400910.0,1213.0,1412.0,1367.0,2690.0,2775.0,2059.0,0.3261030316352844,-0.015553522855043411,1.1269580125808716,1.3477416038513184,,unlabeled_background,,0,"Valid Sentinel-2 Phase 4 raster pixel; unlabeled/background, not confirmed non-manganese."
unlabeled_r332_c347,79.69081762722088,21.695628732409276,364570.0,2399710.0,1511.0,1766.0,2037.0,3376.0,4265.0,3231.0,0.24736744165420532,-0.11634603142738342,1.348113775253296,1.3200247287750244,,unlabeled_background,,0,"Valid Sentinel-2 Phase 4 raster pixel; unlabeled/background, not confirmed non-manganese."
unlabeled_r568_c446,79.71033359062919,21.653144742123487,366550.0,2394990.0,1473.0,1710.0,1969.0,3176.0,4018.0,3042.0,0.23459669947624207,-0.11704198271036148,1.3367277383804321,1.3208415508270264,,unlabeled_background,,0,"Valid Sentinel-2 Phase 4 raster pixel; unlabeled/background, not confirmed non-manganese."
unlabeled_r129_c83,79.63944257751909,21.73188919306368,359290.0,2403770.0,1268.0,1436.0,1438.0,3396.0,2926.0,1983.0,0.40504756569862366,0.07434356212615967,1.1340694427490234,1.4755420684814453,,unlabeled_background,,0,"Valid Sentinel-2 Phase 4 raster pixel; unlabeled/background, not confirmed non-manganese."
unlabeled_r476_c120,79.64718211767982,21.6692632138132,360030.0,2396830.0,1355.0,1544.0,1702.0,2792.0,3708.0,2796.0,0.24254561960697174,-0.14092308282852173,1.2560886144638062,1.3261802196502686,,unlabeled_background,,0,"Valid Sentinel-2 Phase 4 raster pixel; unlabeled/background, not confirmed non-manganese."
unlabeled_r301_c463,79.71319062529234,21.701404474698545,366890.0,2400330.0,1665.0,1978.0,2301.0,2876.0,4193.0,3646.0,0.11106818914413452,-0.1863064020872116,1.3819819688796997,1.1500273942947388,,unlabeled_background,,0,"Valid Sentinel-2 Phase 4 raster pixel; unlabeled/background, not confirmed non-manganese."
unlabeled_r469_c172,79.65721995813048,21.67060936386178,361070.0,2396970.0,1220.0,1433.0,1428.0,2811.0,2803.0,2035.0,0.3262561857700348,0.0014250088715925813,1.1704918146133423,1.3773956298828125,,unlabeled_background,,0,"Valid Sentinel-2 Phase 4 raster pixel; unlabeled/background, not confirmed non-manganese."
unlabeled_r577_c164,79.65585463007972,21.651086777108848,360910.0,2394810.0,1164.0,1346.0,1298.0,2855.0,2703.0,1945.0,0.3749096989631653,0.02734796702861786,1.1151202917099,1.3897172212600708,,unlabeled_background,,0,"Valid Sentinel-2 Phase 4 raster pixel; unlabeled/background, not confirmed non-manganese."
unlabeled_r594_c315,79.68506137460857,21.648249295640156,363930.0,2394470.0,1285.0,1504.0,1579.0,2882.0,3566.0,2671.0,0.29208698868751526,-0.10607940703630447,1.228793740272522,1.3350805044174194,,unlabeled_background,,0,"Valid Sentinel-2 Phase 4 raster pixel; unlabeled/background, not confirmed non-manganese."
unlabeled_r430_c24,79.62855062573165,21.677420691740636,358110.0,2397750.0,1224.0,1374.0,1377.0,2793.0,2848.0,2064.0,0.3395683467388153,-0.009750043973326683,1.125,1.3798449039459229,,unlabeled_background,,0,"Valid Sentinel-2 Phase 4 raster pixel; unlabeled/background, not confirmed non-manganese."
unlabeled_r42_c157,79.65360357973667,21.747722414736423,360770.0,2405510.0,1578.0,1880.0,2270.0,3747.0,4337.0,3355.0,0.24547116458415985,-0.07298367470502853,1.4385297298431396,1.2926974296569824,,unlabeled_background,,0,"Valid Sentinel-2 Phase 4 raster pixel; unlabeled/background, not confirmed non-manganese."
unlabeled_r423_c419,79.70488213940615,21.679298722206173,366010.0,2397890.0,1232.0,1442.0,1431.0,3064.0,3067.0,2238.0,0.36329254508018494,-0.0004893165896646678,1.1615259647369385,1.370419979095459,,unlabeled_background,,0,"Valid Sentinel-2 Phase 4 raster pixel; unlabeled/background, not confirmed non-manganese."
unlabeled_r194_c605,79.7404723147333,21.720945233742107,369730.0,2402470.0,1702.0,2023.0,2450.0,3890.0,4899.0,3752.0,0.22712934017181396,-0.11480259150266647,1.4394829273223877,1.3057036399841309,,unlabeled_background,,0,"Valid Sentinel-2 Phase 4 raster pixel; unlabeled/background, not confirmed non-manganese."
unlabeled_r40_c212,79.66423536257882,21.748169892291227,361870.0,2405550.0,1263.0,1486.0,1377.0,1077.0,1174.0,1190.0,-0.12224938720464706,-0.04309196025133133,1.0902613401412964,0.9865546226501465,,unlabeled_background,,0,"Valid Sentinel-2 Phase 4 raster pixel; unlabeled/background, not confirmed non-manganese."
unlabeled_r82_c338,79.68866859760841,21.740777483019542,364390.0,2404710.0,1279.0,1452.0,1597.0,2555.0,3549.0,2639.0,0.23073217272758484,-0.16284403204917908,1.2486317157745361,1.3448275327682495,,unlabeled_background,,0,"Valid Sentinel-2 Phase 4 raster pixel; unlabeled/background, not confirmed non-manganese."
unlabeled_r293_c441,79.70892496216034,21.702816623104333,366450.0,2400490.0,1165.0,1327.0,1335.0,2625.0,2737.0,1997.0,0.32575756311416626,-0.02088772878050804,1.1459227800369263,1.3705558776855469,,unlabeled_background,,0,"Valid Sentinel-2 Phase 4 raster pixel; unlabeled/background, not confirmed non-manganese."
unlabeled_r486_c546,79.72952831728274,21.668107325018518,368550.0,2396630.0,1629.0,1937.0,2335.0,3598.0,4754.0,3675.0,0.21287712454795837,-0.13840995728969574,1.4333946704864502,1.2936054468154907,,unlabeled_background,,0,"Valid Sentinel-2 Phase 4 raster pixel; unlabeled/background, not confirmed non-manganese."
unlabeled_r558_c215,79.66567816456893,21.654598588741322,361930.0,2395190.0,1819.0,2121.0,2580.0,3793.0,4906.0,3890.0,0.19033421576023102,-0.12794573605060577,1.418361783027649,1.2611825466156006,,unlabeled_background,,0,"Valid Sentinel-2 Phase 4 raster pixel; unlabeled/background, not confirmed non-manganese."
unlabeled_r2_c353,79.69143805816955,21.755252395505217,364690.0,2406310.0,1601.0,1861.0,2083.0,3540.0,4015.0,3117.0,0.2591143548488617,-0.0628722682595253,1.3010618686676025,1.2880975008010864,,unlabeled_background,,0,"Valid Sentinel-2 Phase 4 raster pixel; unlabeled/background, not confirmed non-manganese."
unlabeled_r3_c311,79.68331782495291,21.755007309897444,363850.0,2406290.0,1437.0,1697.0,1956.0,3721.0,4239.0,3185.0,0.3109036386013031,-0.06507537513971329,1.3611690998077393,1.3309261798858643,,unlabeled_background,,0,"Valid Sentinel-2 Phase 4 raster pixel; unlabeled/background, not confirmed non-manganese."
unlabeled_r44_c629,79.74487710190171,21.748078489334308,370210.0,2405470.0,1443.0,1708.0,1823.0,3216.0,2992.0,2248.0,0.276443749666214,0.036082472652196884,1.2633402347564697,1.3309608697891235,,unlabeled_background,,0,"Valid Sentinel-2 Phase 4 raster pixel; unlabeled/background, not confirmed non-manganese."
unlabeled_r63_c468,79.71377483818485,21.744407074841938,366990.0,2405090.0,1545.0,1816.0,2010.0,3511.0,4058.0,3129.0,0.27187103033065796,-0.07226846367120743,1.3009709119796753,1.2968999147415161,,unlabeled_background,,0,"Valid Sentinel-2 Phase 4 raster pixel; unlabeled/background, not confirmed non-manganese."
unlabeled_r428_c23,79.62835393744535,21.67778038686568,358090.0,2397790.0,1208.0,1361.0,1372.0,2820.0,2789.0,2025.0,0.34541985392570496,0.005526831839233637,1.1357616186141968,1.3772839307785034,,unlabeled_background,,0,"Valid Sentinel-2 Phase 4 raster pixel; unlabeled/background, not confirmed non-manganese."
unlabeled_r0_c586,79.73649253638085,21.755963934727195,369350.0,2406350.0,1413.0,1811.0,1764.0,4120.0,3465.0,2445.0,0.4004078805446625,0.08635465055704117,1.2484076023101807,1.4171779155731201,,unlabeled_background,,0,"Valid Sentinel-2 Phase 4 raster pixel; unlabeled/background, not confirmed non-manganese."
unlabeled_r476_c407,79.70264848580965,21.669706049128784,365770.0,2396830.0,1215.0,1409.0,1352.0,3389.0,2699.0,1918.0,0.42965617775917053,0.11333771049976349,1.1127572059631348,1.407194972038269,,unlabeled_background,,0,"Valid Sentinel-2 Phase 4 raster pixel; unlabeled/background, not confirmed non-manganese."
unlabeled_r213_c446,79.70976266781366,21.717276281589815,366550.0,2402090.0,1259.0,1406.0,1505.0,3002.0,3037.0,2208.0,0.3321499824523926,-0.005795661360025406,1.1953932046890259,1.3754528760910034,,unlabeled_background,,0,"Valid Sentinel-2 Phase 4 raster pixel; unlabeled/background, not confirmed non-manganese."
unlabeled_r88_c115,79.64556015662885,21.739346415911417,359930.0,2404590.0,1357.0,1689.0,1792.0,3613.0,3450.0,2448.0,0.33691027760505676,0.023078011348843575,1.320560097694397,1.409313678741455,,unlabeled_background,,0,"Valid Sentinel-2 Phase 4 raster pixel; unlabeled/background, not confirmed non-manganese."
unlabeled_r363_c575,79.73493908557657,21.69037058702782,369130.0,2399090.0,1718.0,2015.0,2536.0,3686.0,5115.0,3891.0,0.1848280280828476,-0.16236791014671326,1.476135015487671,1.3145720958709717,,unlabeled_background,,0,"Valid Sentinel-2 Phase 4 raster pixel; unlabeled/background, not confirmed non-manganese."
unlabeled_r539_c225,79.66757907042046,21.658046450399425,362130.0,2395570.0,1597.0,1804.0,2151.0,3255.0,4528.0,3527.0,0.20421753823757172,-0.16356161236763,1.346900463104248,1.2838106155395508,,unlabeled_background,,0,"Valid Sentinel-2 Phase 4 raster pixel; unlabeled/background, not confirmed non-manganese."
unlabeled_r231_c296,79.68079314647647,21.713796221962493,363550.0,2401730.0,1717.0,2082.0,2512.0,3610.0,4923.0,3995.0,0.17935314774513245,-0.15387320518493652,1.4630168676376343,1.2322903871536255,,unlabeled_background,,0,"Valid Sentinel-2 Phase 4 raster pixel; unlabeled/background, not confirmed non-manganese."
unlabeled_r126_c569,79.73340461492296,21.733176570884,369010.0,2403830.0,1739.0,2100.0,2564.0,3523.0,4816.0,3938.0,0.15754887461662292,-0.15505456924438477,1.4744105339050293,1.2229558229446411,,unlabeled_background,,0,"Valid Sentinel-2 Phase 4 raster pixel; unlabeled/background, not confirmed non-manganese."
unlabeled_r577_c71,79.63788370158267,21.650940361887077,359050.0,2394810.0,1233.0,1383.0,1368.0,2813.0,2653.0,1944.0,0.3456110954284668,0.029271861538290977,1.1094890832901,1.364711880683899,,unlabeled_background,,0,"Valid Sentinel-2 Phase 4 raster pixel; unlabeled/background, not confirmed non-manganese."
unlabeled_r185_c169,79.6561641736328,21.721908725477846,361010.0,2402650.0,1419.0,1620.0,1924.0,3093.0,3960.0,2866.0,0.2330077737569809,-0.12292641401290894,1.3558844327926636,1.3817167282104492,,unlabeled_background,,0,"Valid Sentinel-2 Phase 4 raster pixel; unlabeled/background, not confirmed non-manganese."
unlabeled_r569_c5,79.62511654278205,21.652280449009968,357730.0,2394970.0,1431.0,1600.0,1825.0,2754.0,3757.0,3114.0,0.20288272202014923,-0.15404699742794037,1.275331974029541,1.2064868211746216,,unlabeled_background,,0,"Valid Sentinel-2 Phase 4 raster pixel; unlabeled/background, not confirmed non-manganese."
unlabeled_r341_c548,79.72968527025289,21.694305071081683,368590.0,2399530.0,1322.0,1537.0,1683.0,3012.0,3486.0,2513.0,0.28306710720062256,-0.07294552028179169,1.273071050643921,1.3871866464614868,,unlabeled_background,,0,"Valid Sentinel-2 Phase 4 raster pixel; unlabeled/background, not confirmed non-manganese."
unlabeled_r504_c125,79.64819556439396,21.66421294033682,360130.0,2396270.0,1298.0,1532.0,1563.0,2858.0,3423.0,2599.0,0.29292014241218567,-0.08995383232831955,1.204160213470459,1.317044973373413,,unlabeled_background,,0,"Valid Sentinel-2 Phase 4 raster pixel; unlabeled/background, not confirmed non-manganese."
unlabeled_r203_c168,79.6560010574964,21.718655501563223,360990.0,2402290.0,1286.0,1454.0,1505.0,2811.0,3341.0,2475.0,0.30259498953819275,-0.08615084737539291,1.1702954769134521,1.3498989343643188,,unlabeled_background,,0,"Valid Sentinel-2 Phase 4 raster pixel; unlabeled/background, not confirmed non-manganese."
unlabeled_r555_c312,79.68441781239011,21.65529009854873,363870.0,2395250.0,1222.0,1400.0,1422.0,2889.0,2961.0,2169.0,0.3402922749519348,-0.01230769231915474,1.1636661291122437,1.365145206451416,,unlabeled_background,,0,"Valid Sentinel-2 Phase 4 raster pixel; unlabeled/background, not confirmed non-manganese."
unlabeled_r252_c101,79.64313122086675,21.70969822672963,359650.0,2401310.0,1591.0,1843.0,2194.0,3686.0,4901.0,3744.0,0.2537415027618408,-0.14149294793605804,1.3790068626403809,1.3090277910232544,,unlabeled_background,,0,"Valid Sentinel-2 Phase 4 raster pixel; unlabeled/background, not confirmed non-manganese."
unlabeled_r511_c217,79.66598658728925,21.66309222504761,361970.0,2396130.0,1484.0,1715.0,1947.0,3141.0,4003.0,3002.0,0.23466980457305908,-0.1206606924533844,1.3119945526123047,1.333444356918335,,unlabeled_background,,0,"Valid Sentinel-2 Phase 4 raster pixel; unlabeled/background, not confirmed non-manganese."
unlabeled_r476_c359,79.69337178242374,21.6696332761135,364810.0,2396830.0,1382.0,1601.0,1841.0,3270.0,3729.0,2737.0,0.27959302067756653,-0.06558080017566681,1.332127332687378,1.362440586090088,,unlabeled_background,,0,"Valid Sentinel-2 Phase 4 raster pixel; unlabeled/background, not confirmed non-manganese."
unlabeled_r555_c201,79.66296778440685,21.655118777014383,361650.0,2395250.0,1245.0,1430.0,1443.0,2951.0,3204.0,2339.0,0.34319525957107544,-0.041104793548583984,1.1590361595153809,1.3698161840438843,,unlabeled_background,,0,"Valid Sentinel-2 Phase 4 raster pixel; unlabeled/background, not confirmed non-manganese."
unlabeled_r145_c135,79.64952344347589,21.729081146624086,360330.0,2403450.0,1288.0,1468.0,1541.0,3251.0,3090.0,2287.0,0.3568447530269623,0.025390317663550377,1.1964285373687744,1.3511149883270264,,unlabeled_background,,0,"Valid Sentinel-2 Phase 4 raster pixel; unlabeled/background, not confirmed non-manganese."
unlabeled_r287_c482,79.71684106660403,21.70396207637568,367270.0,2400610.0,1287.0,1480.0,1511.0,2725.0,2927.0,2272.0,0.286591112613678,-0.035739559680223465,1.1740481853485107,1.2882922887802124,,unlabeled_background,,0,"Valid Sentinel-2 Phase 4 raster pixel; unlabeled/background, not confirmed non-manganese."
unlabeled_r237_c110,79.6448456695138,21.712422165886487,359830.0,2401610.0,1219.0,1393.0,1451.0,2619.0,3098.0,2228.0,0.2869778871536255,-0.08378519862890244,1.1903198957443237,1.3904846906661987,,unlabeled_background,,0,"Valid Sentinel-2 Phase 4 raster pixel; unlabeled/background, not confirmed non-manganese."
unlabeled_r299_c223,79.66679383156215,21.70139916123604,362090.0,2400370.0,1245.0,1445.0,1527.0,2678.0,3448.0,2551.0,0.27372175455093384,-0.12569376826286316,1.226505994796753,1.3516267538070679,,unlabeled_background,,0,"Valid Sentinel-2 Phase 4 raster pixel; unlabeled/background, not confirmed non-manganese."
unlabeled_r402_c578,79.73558045729023,21.683329503743014,369190.0,2398310.0,1551.0,1809.0,1970.0,3442.0,3675.0,2857.0,0.271988183259964,-0.03273851424455643,1.2701482772827148,1.2863143682479858,,unlabeled_background,,0,"Valid Sentinel-2 Phase 4 raster pixel; unlabeled/background, not confirmed non-manganese."
unlabeled_r259_c6,79.62477851212813,21.70828232905711,357750.0,2401170.0,1263.0,1441.0,1445.0,3056.0,2882.0,2107.0,0.35792046785354614,0.029302796348929405,1.1441013813018799,1.3678215742111206,,unlabeled_background,,0,"Valid Sentinel-2 Phase 4 raster pixel; unlabeled/background, not confirmed non-manganese."
unlabeled_r524_c428,79.70678437069644,21.661066408272962,366190.0,2395870.0,1568.0,1814.0,2152.0,3457.0,4235.0,3331.0,0.23266179859638214,-0.10114404559135437,1.3724489212036133,1.2713899612426758,,unlabeled_background,,0,"Valid Sentinel-2 Phase 4 raster pixel; unlabeled/background, not confirmed non-manganese."
unlabeled_r458_c401,79.7014597757397,21.67294871526027,365650.0,2397190.0,1340.0,1502.0,1704.0,2830.0,3778.0,2855.0,0.24834583699703217,-0.14346246421337128,1.2716418504714966,1.3232924938201904,,unlabeled_background,,0,"Valid Sentinel-2 Phase 4 raster pixel; unlabeled/background, not confirmed non-manganese."
unlabeled_r407_c409,79.70292349240343,21.682174052558864,365810.0,2398210.0,1390.0,1570.0,1754.0,3065.0,3689.0,2756.0,0.27204814553260803,-0.09238969534635544,1.2618705034255981,1.3385341167449951,,unlabeled_background,,0,"Valid Sentinel-2 Phase 4 raster pixel; unlabeled/background, not confirmed non-manganese."
unlabeled_r319_c438,79.70838693414743,21.698115159281627,366390.0,2399970.0,1353.0,1443.0,1484.0,2230.0,2421.0,1925.0,0.2008616030216217,-0.04106643795967102,1.096821904182434,1.257662296295166,,unlabeled_background,,0,"Valid Sentinel-2 Phase 4 raster pixel; unlabeled/background, not confirmed non-manganese."
unlabeled_r517_c393,79.70000916406198,21.662278148447445,365490.0,2396010.0,1471.0,1683.0,1905.0,3177.0,3908.0,2918.0,0.25029516220092773,-0.10317572206258774,1.2950373888015747,1.339273452758789,,unlabeled_background,,0,"Valid Sentinel-2 Phase 4 raster pixel; unlabeled/background, not confirmed non-manganese."
unlabeled_r183_c283,79.67820072886805,21.722447356466557,363290.0,2402690.0,1389.0,1613.0,1769.0,3307.0,3716.0,2879.0,0.3029944896697998,-0.0582372210919857,1.27357816696167,1.2907259464263916,,unlabeled_background,,0,"Valid Sentinel-2 Phase 4 raster pixel; unlabeled/background, not confirmed non-manganese."
unlabeled_r494_c561,79.73243992490715,21.666684255777415,368850.0,2396470.0,1656.0,1814.0,2062.0,2773.0,3617.0,3059.0,0.14705273509025574,-0.13208137452602386,1.2451690435409546,1.1824125051498413,,unlabeled_background,,0,"Valid Sentinel-2 Phase 4 raster pixel; unlabeled/background, not confirmed non-manganese."
unlabeled_r99_c292,79.67980216523853,21.73763575368235,363470.0,2404370.0,1494.0,1724.0,1978.0,3335.0,3964.0,3190.0,0.2554112672805786,-0.08617618680000305,1.3239625692367554,1.2426332235336304,,unlabeled_background,,0,"Valid Sentinel-2 Phase 4 raster pixel; unlabeled/background, not confirmed non-manganese."
unlabeled_r382_c598,79.73941474283205,21.686972009555173,369590.0,2398710.0,1426.0,1686.0,1731.0,2696.0,2960.0,2156.0,0.21798057854175568,-0.04667609557509422,1.213884949684143,1.3729127645492554,,unlabeled_background,,0,"Valid Sentinel-2 Phase 4 raster pixel; unlabeled/background, not confirmed non-manganese."
unlabeled_r257_c528,79.72568571517257,21.70945025951943,368190.0,2401210.0,1319.0,1522.0,1538.0,3137.0,2973.0,2222.0,0.3420320749282837,0.026841243728995323,1.1660348176956177,1.3379838466644287,,unlabeled_background,,0,"Valid Sentinel-2 Phase 4 raster pixel; unlabeled/background, not confirmed non-manganese."
unlabeled_r141_c552,79.73014143542156,21.730441605839708,368670.0,2403530.0,1531.0,1785.0,1929.0,3544.0,4072.0,3099.0,0.29508495330810547,-0.06932773441076279,1.2599607706069946,1.3139722347259521,,unlabeled_background,,0,"Valid Sentinel-2 Phase 4 raster pixel; unlabeled/background, not confirmed non-manganese."
unlabeled_r229_c299,79.68136982036603,21.714162137360454,363610.0,2401770.0,1501.0,1718.0,1917.0,3335.0,3807.0,3021.0,0.2699923813343048,-0.06608793139457703,1.2771486043930054,1.260178804397583,,unlabeled_background,,0,"Valid Sentinel-2 Phase 4 raster pixel; unlabeled/background, not confirmed non-manganese."
unlabeled_r502_c652,79.75003940752654,21.6653723812184,370670.0,2396310.0,1194.0,1349.0,1381.0,2611.0,2946.0,2202.0,0.30811622738838196,-0.0602843277156353,1.156616449356079,1.3378746509552002,,unlabeled_background,,0,"Valid Sentinel-2 Phase 4 raster pixel; unlabeled/background, not confirmed non-manganese."
unlabeled_r98_c190,79.6600784737082,21.73765795551533,361430.0,2404390.0,2000.0,2324.0,2838.0,4298.0,4955.0,3903.0,0.2045964151620865,-0.0710039958357811,1.4190000295639038,1.2695362567901611,,unlabeled_background,,0,"Valid Sentinel-2 Phase 4 raster pixel; unlabeled/background, not confirmed non-manganese."
unlabeled_r132_c153,79.65298168741118,21.73145790177802,360690.0,2403710.0,1337.0,1553.0,1635.0,3326.0,3444.0,2510.0,0.34085869789123535,-0.017429837957024574,1.2228870391845703,1.3721115589141846,,unlabeled_background,,0,"Valid Sentinel-2 Phase 4 raster pixel; unlabeled/background, not confirmed non-manganese."
unlabeled_r374_c203,79.66305282073125,21.687819379015846,361690.0,2398870.0,1676.0,1933.0,2318.0,3189.0,4705.0,3888.0,0.15816234052181244,-0.19204458594322205,1.3830548524856567,1.2101337909698486,,unlabeled_background,,0,"Valid Sentinel-2 Phase 4 raster pixel; unlabeled/background, not confirmed non-manganese."
unlabeled_r428_c12,79.62622796903715,21.677762797802675,357870.0,2397790.0,1139.0,1303.0,1234.0,2809.0,2405.0,1761.0,0.3895622193813324,0.07748369872570038,1.0834064483642578,1.3657013177871704,,unlabeled_background,,0,"Valid Sentinel-2 Phase 4 raster pixel; unlabeled/background, not confirmed non-manganese."
unlabeled_r126_c326,79.68642054127803,21.73281051247729,364150.0,2403830.0,1328.0,1556.0,1750.0,3263.0,3924.0,2916.0,0.3018152713775635,-0.09197161346673965,1.317771077156067,1.3456790447235107,,unlabeled_background,,0,"Valid Sentinel-2 Phase 4 raster pixel; unlabeled/background, not confirmed non-manganese."
unlabeled_r15_c316,79.68430446547457,21.752847215319647,363950.0,2406050.0,1692.0,2039.0,2503.0,3871.0,4718.0,3665.0,0.214621901512146,-0.09861450642347336,1.4793144464492798,1.287312388420105,,unlabeled_background,,0,"Valid Sentinel-2 Phase 4 raster pixel; unlabeled/background, not confirmed non-manganese."
unlabeled_r576_c280,79.6782685480411,21.65144732960327,363230.0,2394830.0,1254.0,1389.0,1475.0,2552.0,3222.0,2517.0,0.26744475960731506,-0.11603740602731705,1.1762360334396362,1.2800953388214111,,unlabeled_background,,0,"Valid Sentinel-2 Phase 4 raster pixel; unlabeled/background, not confirmed non-manganese."
unlabeled_r166_c27,79.628678789929,21.72511600150062,358170.0,2403030.0,1281.0,1543.0,1565.0,3475.0,2870.0,2054.0,0.3789682686328888,0.09535066783428192,1.221701741218567,1.3972736597061157,,unlabeled_background,,0,"Valid Sentinel-2 Phase 4 raster pixel; unlabeled/background, not confirmed non-manganese."
unlabeled_r211_c109,79.64460835182707,21.717117401472574,359810.0,2402130.0,1293.0,1533.0,1576.0,3242.0,3088.0,2217.0,0.3457866311073303,0.02432859316468239,1.2188708782196045,1.3928732872009277,,unlabeled_background,,0,"Valid Sentinel-2 Phase 4 raster pixel; unlabeled/background, not confirmed non-manganese."
unlabeled_r278_c570,79.73383835104352,21.705718770652794,369030.0,2400790.0,1291.0,1494.0,1573.0,3061.0,3291.0,2374.0,0.32110488414764404,-0.036209069192409515,1.218435287475586,1.386267900466919,,unlabeled_background,,0,"Valid Sentinel-2 Phase 4 raster pixel; unlabeled/background, not confirmed non-manganese."
unlabeled_r441_c309,79.68365118919276,21.67587969069164,363810.0,2397530.0,1257.0,1449.0,1522.0,2607.0,3311.0,2523.0,0.2627754807472229,-0.11895910650491714,1.2108193635940552,1.3123265504837036,,unlabeled_background,,0,"Valid Sentinel-2 Phase 4 raster pixel; unlabeled/background, not confirmed non-manganese."
unlabeled_r244_c537,79.72740494210252,21.711812116325287,368370.0,2401470.0,1218.0,1383.0,1421.0,2750.0,2946.0,2131.0,0.3186286389827728,-0.03441011160612106,1.1666666269302368,1.3824495077133179,,unlabeled_background,,0,"Valid Sentinel-2 Phase 4 raster pixel; unlabeled/background, not confirmed non-manganese."
unlabeled_r298_c231,79.6683386068226,21.701592239717062,362250.0,2400390.0,1478.0,1747.0,2075.0,3366.0,4229.0,3240.0,0.23727256059646606,-0.11362738907337189,1.4039242267608643,1.3052469491958618,,unlabeled_background,,0,"Valid Sentinel-2 Phase 4 raster pixel; unlabeled/background, not confirmed non-manganese."
unlabeled_r293_c149,79.65247925493676,21.702367389651954,360610.0,2400490.0,1282.0,1486.0,1549.0,2743.0,3286.0,2406.0,0.2781919836997986,-0.09006468951702118,1.2082682847976685,1.3657523393630981,,unlabeled_background,,0,"Valid Sentinel-2 Phase 4 raster pixel; unlabeled/background, not confirmed non-manganese."
unlabeled_r284_c221,79.66638226057985,21.70410578169496,362050.0,2400670.0,1214.0,1435.0,1470.0,2745.0,3300.0,2522.0,0.30249109864234924,-0.0918114110827446,1.2108731269836426,1.3084852695465088,,unlabeled_background,,0,"Valid Sentinel-2 Phase 4 raster pixel; unlabeled/background, not confirmed non-manganese."
unlabeled_r418_c499,79.72033645950012,21.680321966676363,367610.0,2397990.0,1269.0,1556.0,1532.0,3063.0,3209.0,2631.0,0.3331882357597351,-0.02327806130051613,1.2072497606277466,1.2196882963180542,,unlabeled_background,,0,"Valid Sentinel-2 Phase 4 raster pixel; unlabeled/background, not confirmed non-manganese."
unlabeled_r23_c227,79.66710752514969,21.751264289477987,362170.0,2405890.0,1243.0,1471.0,1372.0,1141.0,1409.0,1314.0,-0.09192200750112534,-0.10509803891181946,1.1037812232971191,1.072298288345337,,unlabeled_background,,0,"Valid Sentinel-2 Phase 4 raster pixel; unlabeled/background, not confirmed non-manganese."
unlabeled_r573_c291,79.68038924925062,21.652006184903072,363450.0,2394890.0,1310.0,1521.0,1670.0,2735.0,3874.0,2957.0,0.24177071452140808,-0.1723407506942749,1.2748091220855713,1.31011164188385,,unlabeled_background,,0,"Valid Sentinel-2 Phase 4 raster pixel; unlabeled/background, not confirmed non-manganese."
unlabeled_r149_c7,79.6247829223224,21.728154908044424,357770.0,2403370.0,1642.0,1971.0,2447.0,3797.0,4003.0,2813.0,0.2162075638771057,-0.026410255581140518,1.4902558326721191,1.4230358600616455,,unlabeled_background,,0,"Valid Sentinel-2 Phase 4 raster pixel; unlabeled/background, not confirmed non-manganese."
unlabeled_r127_c494,79.71890485321202,21.732884359588798,367510.0,2403810.0,1738.0,2099.0,2629.0,3978.0,5245.0,4198.0,0.2041773945093155,-0.13737395405769348,1.5126582384109497,1.2494044303894043,,unlabeled_background,,0,"Valid Sentinel-2 Phase 4 raster pixel; unlabeled/background, not confirmed non-manganese."
unlabeled_r158_c401,79.70097363709755,21.727144095875808,365650.0,2403190.0,1258.0,1444.0,1508.0,3022.0,3717.0,2777.0,0.33421632647514343,-0.10313102602958679,1.198728084564209,1.3384947776794434,,unlabeled_background,,0,"Valid Sentinel-2 Phase 4 raster pixel; unlabeled/background, not confirmed non-manganese."
unlabeled_r183_c402,79.70120754226497,21.722629344081685,365670.0,2402690.0,1390.0,1606.0,1851.0,3041.0,4151.0,3043.0,0.24325428903102875,-0.15433815121650696,1.331654667854309,1.3641144037246704,,unlabeled_background,,0,"Valid Sentinel-2 Phase 4 raster pixel; unlabeled/background, not confirmed non-manganese."
unlabeled_r396_c439,79.7087042439054,21.684206461519164,366410.0,2398430.0,1467.0,1746.0,2050.0,3252.0,3992.0,3068.0,0.22670690715312958,-0.10215350985527039,1.3974096775054932,1.301173448562622,,unlabeled_background,,0,"Valid Sentinel-2 Phase 4 raster pixel; unlabeled/background, not confirmed non-manganese."
unlabeled_r245_c271,79.67598323901096,21.711228585235915,363050.0,2401450.0,1305.0,1472.0,1624.0,2869.0,3611.0,2820.0,0.2770977020263672,-0.11450617015361786,1.244444489479065,1.2804964780807495,,unlabeled_background,,0,"Valid Sentinel-2 Phase 4 raster pixel; unlabeled/background, not confirmed non-manganese."
unlabeled_r2_c608,79.74075011428639,21.755635065295365,369790.0,2406310.0,1459.0,1747.0,1898.0,3743.0,3580.0,2568.0,0.3270696699619293,0.022258637472987175,1.3008910417556763,1.3940809965133667,,unlabeled_background,,0,"Valid Sentinel-2 Phase 4 raster pixel; unlabeled/background, not confirmed non-manganese."
unlabeled_r495_c373,79.69610834340298,21.666222174733765,365090.0,2396450.0,1409.0,1645.0,1886.0,3102.0,3816.0,2919.0,0.2437850832939148,-0.10320901870727539,1.3385379314422607,1.3072969913482666,,unlabeled_background,,0,"Valid Sentinel-2 Phase 4 raster pixel; unlabeled/background, not confirmed non-manganese."
unlabeled_r227_c475,79.7153916754962,21.714790720804572,367130.0,2401810.0,1268.0,1453.0,1462.0,3006.0,2948.0,2229.0,0.3455684781074524,0.009741350077092648,1.1529968976974487,1.3225661516189575,,unlabeled_background,,0,"Valid Sentinel-2 Phase 4 raster pixel; unlabeled/background, not confirmed non-manganese."
unlabeled_r481_c263,79.67482674716119,21.668582925397946,362890.0,2396730.0,1221.0,1363.0,1412.0,2760.0,2807.0,2027.0,0.32310643792152405,-0.008442608639597893,1.1564291715621948,1.3848050832748413,,unlabeled_background,,0,"Valid Sentinel-2 Phase 4 raster pixel; unlabeled/background, not confirmed non-manganese."
unlabeled_r380_c643,79.7481097262279,21.68739919683255,370490.0,2398750.0,1183.0,1296.0,1270.0,2852.0,2722.0,1930.0,0.38379427790641785,0.023322569206357002,1.0735418796539307,1.410362720489502,,unlabeled_background,,0,"Valid Sentinel-2 Phase 4 raster pixel; unlabeled/background, not confirmed non-manganese."
unlabeled_r184_c527,79.72537621273052,21.722636415961006,368170.0,2402670.0,1486.0,1786.0,1993.0,3600.0,3792.0,2812.0,0.2873234450817108,-0.025974025949835777,1.341184377670288,1.3485064506530762,,unlabeled_background,,0,"Valid Sentinel-2 Phase 4 raster pixel; unlabeled/background, not confirmed non-manganese."
unlabeled_r284_c10,79.62559463732046,21.70377260489464,357830.0,2400670.0,1631.0,1884.0,2195.0,3558.0,4158.0,3253.0,0.23691986501216888,-0.0777604952454567,1.3458001613616943,1.2782046794891357,,unlabeled_background,,0,"Valid Sentinel-2 Phase 4 raster pixel; unlabeled/background, not confirmed non-manganese."
unlabeled_r234_c56,79.63440143497714,21.712878403900547,358750.0,2401670.0,1224.0,1390.0,1442.0,2451.0,3017.0,2270.0,0.2591831386089325,-0.10351134091615677,1.1781045198440552,1.3290748596191406,,unlabeled_background,,0,"Valid Sentinel-2 Phase 4 raster pixel; unlabeled/background, not confirmed non-manganese."
unlabeled_r598_c112,79.64584173933648,21.647211535486807,359870.0,2394390.0,1287.0,1576.0,1514.0,3293.0,3342.0,2459.0,0.37008529901504517,-0.00738507928326726,1.1763792037963867,1.3590890169143677,,unlabeled_background,,0,"Valid Sentinel-2 Phase 4 raster pixel; unlabeled/background, not confirmed non-manganese."
unlabeled_r229_c342,79.68968271340438,21.714228083184103,364470.0,2401770.0,1331.0,1567.0,1671.0,3113.0,3821.0,2846.0,0.3014214038848877,-0.10210556536912918,1.2554470300674438,1.3425860404968262,,unlabeled_background,,0,"Valid Sentinel-2 Phase 4 raster pixel; unlabeled/background, not confirmed non-manganese."
unlabeled_r187_c487,79.71764753423759,21.72203477221947,367370.0,2402610.0,1622.0,1884.0,2203.0,3715.0,4367.0,3282.0,0.2554917335510254,-0.08067309856414795,1.3581997156143188,1.330591082572937,,unlabeled_background,,0,"Valid Sentinel-2 Phase 4 raster pixel; unlabeled/background, not confirmed non-manganese."
unlabeled_r141_c59,79.63482281979577,21.72968325300585,358810.0,2403530.0,1527.0,1819.0,2112.0,3733.0,3948.0,2888.0,0.27733105421066284,-0.027991147711873055,1.3831040859222412,1.367035984992981,,unlabeled_background,,0,"Valid Sentinel-2 Phase 4 raster pixel; unlabeled/background, not confirmed non-manganese."
unlabeled_r579_c142,79.65160678529358,21.650691019312614,360470.0,2394770.0,1246.0,1395.0,1432.0,2985.0,3088.0,2247.0,0.3515961170196533,-0.01696031540632248,1.149277687072754,1.3742767572402954,,unlabeled_background,,0,"Valid Sentinel-2 Phase 4 raster pixel; unlabeled/background, not confirmed non-manganese."
unlabeled_r411_c549,79.72998942691565,21.681660801776115,368610.0,2398130.0,1900.0,2144.0,2330.0,3114.0,3679.0,3396.0,0.1440117508172989,-0.08317385613918304,1.2263157367706299,1.0833333730697632,,unlabeled_background,,0,"Valid Sentinel-2 Phase 4 raster pixel; unlabeled/background, not confirmed non-manganese."
unlabeled_r128_c586,79.73669476109966,21.73284037511781,369350.0,2403790.0,1411.0,1749.0,1833.0,3544.0,3705.0,2833.0,0.31820717453956604,-0.022209959104657173,1.2990787029266357,1.3078008890151978,,unlabeled_background,,0,"Valid Sentinel-2 Phase 4 raster pixel; unlabeled/background, not confirmed non-manganese."
unlabeled_r138_c124,79.6473848718621,21.730328316596967,360110.0,2403590.0,1227.0,1425.0,1414.0,3190.0,2832.0,2043.0,0.38575151562690735,0.059448689222335815,1.1524041891098022,1.3861967325210571,,unlabeled_background,,0,"Valid Sentinel-2 Phase 4 raster pixel; unlabeled/background, not confirmed non-manganese."
unlabeled_r503_c657,79.75100727761689,21.66519899914686,370770.0,2396290.0,1400.0,1555.0,1674.0,2104.0,3304.0,2774.0,0.11381683498620987,-0.22189348936080933,1.1957142353057861,1.1910598278045654,,unlabeled_background,,0,"Valid Sentinel-2 Phase 4 raster pixel; unlabeled/background, not confirmed non-manganese."
unlabeled_r67_c239,79.66950119954939,21.743334455836845,362410.0,2405010.0,1528.0,1746.0,2003.0,3410.0,4053.0,3167.0,0.2599298059940338,-0.0861583799123764,1.3108638525009155,1.2797600030899048,,unlabeled_background,,0,"Valid Sentinel-2 Phase 4 raster pixel; unlabeled/background, not confirmed non-manganese."
unlabeled_r316_c603,79.74027750453834,21.69890252841026,369690.0,2400030.0,1523.0,1769.0,2073.0,2859.0,3795.0,3099.0,0.1593673974275589,-0.14066727459430695,1.3611294031143188,1.2245886325836182,,unlabeled_background,,0,"Valid Sentinel-2 Phase 4 raster pixel; unlabeled/background, not confirmed non-manganese."
unlabeled_r552_c435,79.70818218355502,21.656018665286297,366330.0,2395310.0,1350.0,1615.0,1675.0,2942.0,3011.0,2355.0,0.2744206190109253,-0.011590794660151005,1.2407407760620117,1.278556227684021,,unlabeled_background,,0,"Valid Sentinel-2 Phase 4 raster pixel; unlabeled/background, not confirmed non-manganese."
unlabeled_r257_c319,79.68528223571549,21.70913466553389,364010.0,2401210.0,1286.0,1457.0,1578.0,3040.0,3684.0,2673.0,0.31658726930618286,-0.09577632695436478,1.2270606756210327,1.3782267570495605,,unlabeled_background,,0,"Valid Sentinel-2 Phase 4 raster pixel; unlabeled/background, not confirmed non-manganese."
unlabeled_r391_c443,79.70946933892772,21.685115739137768,366490.0,2398530.0,1229.0,1434.0,1466.0,2906.0,3458.0,2503.0,0.3293687105178833,-0.08673790097236633,1.1928397417068481,1.3815422058105469,,unlabeled_background,,0,"Valid Sentinel-2 Phase 4 raster pixel; unlabeled/background, not confirmed non-manganese."
unlabeled_r165_c561,79.7319195969635,21.726119272408916,368850.0,2403050.0,1336.0,1564.0,1697.0,3213.0,3891.0,2834.0,0.30875763297080994,-0.09543918818235397,1.270209550857544,1.3729710578918457,,unlabeled_background,,0,"Valid Sentinel-2 Phase 4 raster pixel; unlabeled/background, not confirmed non-manganese."
unlabeled_r468_c578,79.73568445437573,21.67140632640906,369190.0,2396990.0,1437.0,1676.0,1961.0,3345.0,4097.0,3047.0,0.26083678007125854,-0.10104810446500778,1.3646485805511475,1.3446012735366821,,unlabeled_background,,0,"Valid Sentinel-2 Phase 4 raster pixel; unlabeled/background, not confirmed non-manganese."
unlabeled_r535_c181,79.65906955005828,21.658700596498214,361250.0,2395650.0,1284.0,1451.0,1524.0,2671.0,3233.0,2472.0,0.2734207510948181,-0.09518970549106598,1.1869158744812012,1.3078478574752808,,unlabeled_background,,0,"Valid Sentinel-2 Phase 4 raster pixel; unlabeled/background, not confirmed non-manganese."
unlabeled_r162_c233,79.66849914369942,21.726163553933038,362290.0,2403110.0,1638.0,1914.0,2256.0,3312.0,3865.0,3130.0,0.18965516984462738,-0.07705169171094894,1.3772894144058228,1.234824299812317,,unlabeled_background,,0,"Valid Sentinel-2 Phase 4 raster pixel; unlabeled/background, not confirmed non-manganese."
unlabeled_r348_c10,79.62570436847797,21.692211278389138,357830.0,2399390.0,1318.0,1540.0,1581.0,3343.0,3032.0,2194.0,0.3578391671180725,0.04878431558609009,1.1995447874069214,1.3819507360458374,,unlabeled_background,,0,"Valid Sentinel-2 Phase 4 raster pixel; unlabeled/background, not confirmed non-manganese."
unlabeled_r377_c376,79.69649645356593,21.687543597899126,365150.0,2398810.0,1191.0,1344.0,1303.0,2669.0,2814.0,2001.0,0.34390735626220703,-0.026445375755429268,1.0940386056900024,1.4062968492507935,,unlabeled_background,,0,"Valid Sentinel-2 Phase 4 raster pixel; unlabeled/background, not confirmed non-manganese."
unlabeled_r60_c100,79.64261233545427,21.744380750328673,359630.0,2405150.0,1269.0,1475.0,1491.0,3181.0,2970.0,2090.0,0.3617294430732727,0.034303367137908936,1.1749409437179565,1.4210525751113892,,unlabeled_background,,0,"Valid Sentinel-2 Phase 4 raster pixel; unlabeled/background, not confirmed non-manganese."
unlabeled_r110_c109,79.64443731498432,21.73536270165506,359810.0,2404150.0,1414.0,1600.0,1775.0,3243.0,3512.0,2516.0,0.2925468385219574,-0.039822354912757874,1.2553040981292725,1.3958665132522583,,unlabeled_background,,0,"Valid Sentinel-2 Phase 4 raster pixel; unlabeled/background, not confirmed non-manganese."
unlabeled_r461_c206,79.66377758261702,21.67210759157319,361750.0,2397130.0,1273.0,1448.0,1497.0,2961.0,2964.0,2164.0,0.32839837670326233,-0.0005063291173428297,1.1759623289108276,1.3696857690811157,,unlabeled_background,,0,"Valid Sentinel-2 Phase 4 raster pixel; unlabeled/background, not confirmed non-manganese."
unlabeled_r182_c301,79.68167908882698,21.722655738355847,363650.0,2402710.0,1608.0,1882.0,2180.0,3436.0,4742.0,3780.0,0.22364673018455505,-0.15969674289226532,1.355721354484558,1.2544974088668823,,unlabeled_background,,0,"Valid Sentinel-2 Phase 4 raster pixel; unlabeled/background, not confirmed non-manganese."
unlabeled_r586_c340,79.68987921518925,21.649732681503075,364430.0,2394630.0,1398.0,1588.0,1808.0,2823.0,4055.0,3173.0,0.21917513012886047,-0.17912183701992035,1.293276071548462,1.2779704332351685,,unlabeled_background,,0,"Valid Sentinel-2 Phase 4 raster pixel; unlabeled/background, not confirmed non-manganese."
unlabeled_r281_c383,79.69769352585925,21.704896731765793,365290.0,2400730.0,1348.0,1605.0,1641.0,3542.0,3329.0,2365.0,0.3667759895324707,0.03099985420703888,1.2173590660095215,1.4076110124588013,,unlabeled_background,,0,"Valid Sentinel-2 Phase 4 raster pixel; unlabeled/background, not confirmed non-manganese."
unlabeled_r78_c585,79.73642243513598,21.74187154756391,369330.0,2404790.0,1424.0,1700.0,1816.0,3395.0,3613.0,2694.0,0.3030128479003906,-0.031107306480407715,1.2752809524536133,1.3411284685134888,,unlabeled_background,,0,"Valid Sentinel-2 Phase 4 raster pixel; unlabeled/background, not confirmed non-manganese."
unlabeled_r530_c4,79.6248565459566,21.65932406601728,357710.0,2395750.0,1353.0,1575.0,1672.0,3175.0,3038.0,2205.0,0.31008872389793396,0.022050539031624794,1.2357723712921143,1.3777778148651123,,unlabeled_background,,0,"Valid Sentinel-2 Phase 4 raster pixel; unlabeled/background, not confirmed non-manganese."
unlabeled_r397_c88,79.64086400639538,21.683483831459085,359390.0,2398410.0,1194.0,1408.0,1394.0,2933.0,2826.0,2009.0,0.3556736707687378,0.018579615280032158,1.1675041913986206,1.4066699743270874,,unlabeled_background,,0,"Valid Sentinel-2 Phase 4 raster pixel; unlabeled/background, not confirmed non-manganese."
unlabeled_r129_c250,79.6717311192378,21.732151344729072,362630.0,2403770.0,1777.0,2097.0,2523.0,4027.0,4674.0,3591.0,0.22961832582950592,-0.07435926795005798,1.4198086261749268,1.3015873432159424,,unlabeled_background,,0,"Valid Sentinel-2 Phase 4 raster pixel; unlabeled/background, not confirmed non-manganese."
unlabeled_r586_c281,79.67847823386074,21.649642360382924,363250.0,2394630.0,1434.0,1629.0,1908.0,3101.0,4315.0,3239.0,0.2381712943315506,-0.16370010375976562,1.330543875694275,1.3322012424468994,,unlabeled_background,,0,"Valid Sentinel-2 Phase 4 raster pixel; unlabeled/background, not confirmed non-manganese."
unlabeled_r379_c197,79.66190144649624,21.68690678333082,361570.0,2398770.0,1333.0,1437.0,1564.0,2799.0,3282.0,2453.0,0.2830621004104614,-0.07942772656679153,1.1732933521270752,1.3379535675048828,,unlabeled_background,,0,"Valid Sentinel-2 Phase 4 raster pixel; unlabeled/background, not confirmed non-manganese."
unlabeled_r406_c232,79.6687112383015,21.682083692179972,362270.0,2398230.0,1229.0,1431.0,1445.0,3011.0,3156.0,2267.0,0.3514362573623657,-0.02351224236190319,1.1757526397705078,1.3921482563018799,,unlabeled_background,,0,"Valid Sentinel-2 Phase 4 raster pixel; unlabeled/background, not confirmed non-manganese."
unlabeled_r171_c456,79.71162837520244,21.7248786912984,366750.0,2402930.0,1278.0,1546.0,1657.0,2913.0,3849.0,2837.0,0.27483588457107544,-0.13842058181762695,1.296557068824768,1.3567148447036743,,unlabeled_background,,0,"Valid Sentinel-2 Phase 4 raster pixel; unlabeled/background, not confirmed non-manganese."
unlabeled_r225_c89,79.64076564148519,21.71455667452192,359410.0,2401850.0,1337.0,1606.0,1673.0,3517.0,3248.0,2405.0,0.35529863834381104,0.03976348787546158,1.2513089179992676,1.3505197763442993,,unlabeled_background,,0,"Valid Sentinel-2 Phase 4 raster pixel; unlabeled/background, not confirmed non-manganese."
unlabeled_r435_c659,79.75128801791595,21.677486475820835,370810.0,2397650.0,1417.0,1640.0,1873.0,3086.0,3929.0,3026.0,0.24460576474666595,-0.12017106264829636,1.3218066692352295,1.2984137535095215,,unlabeled_background,,0,"Valid Sentinel-2 Phase 4 raster pixel; unlabeled/background, not confirmed non-manganese."
unlabeled_r331_c594,79.73856134894555,21.69617949083061,369510.0,2399730.0,1491.0,1687.0,1915.0,3324.0,3523.0,2862.0,0.2689444422721863,-0.029063822701573372,1.2843729257583618,1.2309573888778687,,unlabeled_background,,0,"Valid Sentinel-2 Phase 4 raster pixel; unlabeled/background, not confirmed non-manganese."
unlabeled_r11_c520,79.72374686891827,21.753878801433032,368030.0,2406130.0,1400.0,1663.0,1737.0,3767.0,3410.0,2484.0,0.3688226640224457,0.049742233008146286,1.2407143115997314,1.3727858066558838,,unlabeled_background,,0,"Valid Sentinel-2 Phase 4 raster pixel; unlabeled/background, not confirmed non-manganese."
unlabeled_r272_c305,79.68260047413226,21.70640342718533,363730.0,2400910.0,1381.0,1629.0,1685.0,3496.0,3510.0,2641.0,0.3495464324951172,-0.001998287159949541,1.2201303243637085,1.3290420770645142,,unlabeled_background,,0,"Valid Sentinel-2 Phase 4 raster pixel; unlabeled/background, not confirmed non-manganese."
unlabeled_r569_c92,79.64192811783543,21.652418776958005,359470.0,2394970.0,1255.0,1380.0,1418.0,2579.0,2973.0,2185.0,0.29046785831451416,-0.07096541672945023,1.129880428314209,1.3606407642364502,,unlabeled_background,,0,"Valid Sentinel-2 Phase 4 raster pixel; unlabeled/background, not confirmed non-manganese."
unlabeled_r66_c169,79.65596430549687,21.7434057492147,361010.0,2405030.0,1355.0,1584.0,1752.0,3176.0,3784.0,2805.0,0.2889610528945923,-0.0873563215136528,1.292988896369934,1.3490196466445923,,unlabeled_background,,0,"Valid Sentinel-2 Phase 4 raster pixel; unlabeled/background, not confirmed non-manganese."
unlabeled_r469_c232,79.66881575228138,21.670702778545337,362270.0,2396970.0,1264.0,1385.0,1413.0,2586.0,2997.0,2139.0,0.2933233380317688,-0.07361633330583572,1.1178797483444214,1.401121973991394,,unlabeled_background,,0,"Valid Sentinel-2 Phase 4 raster pixel; unlabeled/background, not confirmed non-manganese."
unlabeled_r65_c141,79.65054854991635,21.743542344260163,360450.0,2405050.0,1369.0,1700.0,1863.0,3566.0,3642.0,2595.0,0.3136857748031616,-0.010543840005993843,1.3608473539352417,1.4034682512283325,,unlabeled_background,,0,"Valid Sentinel-2 Phase 4 raster pixel; unlabeled/background, not confirmed non-manganese."
unlabeled_r46_c483,79.71664804126235,21.747500662544518,367290.0,2405430.0,1561.0,1851.0,1970.0,4105.0,3676.0,2793.0,0.35144034028053284,0.05513430014252663,1.2620115280151367,1.3161475658416748,,unlabeled_background,,0,"Valid Sentinel-2 Phase 4 raster pixel; unlabeled/background, not confirmed non-manganese."
unlabeled_r402_c508,79.72205049754439,21.683225825248602,367790.0,2398310.0,1422.0,1676.0,1948.0,2618.0,2549.0,2129.0,0.1467367559671402,0.013353977352380753,1.3699015378952026,1.1972757577896118,,unlabeled_background,,0,"Valid Sentinel-2 Phase 4 raster pixel; unlabeled/background, not confirmed non-manganese."
unlabeled_r9_c472,79.71446147458595,21.754168245513014,367070.0,2406170.0,1666.0,2015.0,2400.0,4060.0,4612.0,3407.0,0.2569659352302551,-0.0636531338095665,1.440576195716858,1.353683590888977,,unlabeled_background,,0,"Valid Sentinel-2 Phase 4 raster pixel; unlabeled/background, not confirmed non-manganese."
unlabeled_r269_c653,79.7498695483786,21.707466453166578,370690.0,2400970.0,1829.0,2181.0,2688.0,4065.0,5583.0,4351.0,0.20390936732292175,-0.15733830630779266,1.4696555137634277,1.2831532955169678,,unlabeled_background,,0,"Valid Sentinel-2 Phase 4 raster pixel; unlabeled/background, not confirmed non-manganese."
unlabeled_r50_c623,79.74372629198524,21.74698576649647,370090.0,2405350.0,1519.0,1795.0,2051.0,3492.0,4147.0,3128.0,0.25996753573417664,-0.085744209587574,1.3502304553985596,1.3257672786712646,,unlabeled_background,,0,"Valid Sentinel-2 Phase 4 raster pixel; unlabeled/background, not confirmed non-manganese."
unlabeled_r159_c420,79.70464874884001,21.726992217009343,366030.0,2403170.0,1447.0,1629.0,1927.0,2930.0,4173.0,3130.0,0.20650607347488403,-0.174996480345726,1.3317208290100098,1.3332267999649048,,unlabeled_background,,0,"Valid Sentinel-2 Phase 4 raster pixel; unlabeled/background, not confirmed non-manganese."
unlabeled_r137_c553,79.73032843718761,21.73116569902639,368690.0,2403610.0,1637.0,1900.0,2136.0,3752.0,4354.0,3451.0,0.27445653080940247,-0.0742659792304039,1.3048259019851685,1.2616633176803589,,unlabeled_background,,0,"Valid Sentinel-2 Phase 4 raster pixel; unlabeled/background, not confirmed non-manganese."
unlabeled_r423_c600,79.73986573352593,21.679568118082134,369630.0,2397890.0,1774.0,2071.0,2528.0,4058.0,4780.0,3678.0,0.2323109656572342,-0.08169268816709518,1.4250282049179077,1.2996193170547485,,unlabeled_background,,0,"Valid Sentinel-2 Phase 4 raster pixel; unlabeled/background, not confirmed non-manganese."
unlabeled_r90_c269,79.6753401245844,21.73922606777924,363010.0,2404550.0,1569.0,1837.0,2138.0,3299.0,4499.0,3663.0,0.21353687345981598,-0.153885617852211,1.3626513481140137,1.228228211402893,,unlabeled_background,,0,"Valid Sentinel-2 Phase 4 raster pixel; unlabeled/background, not confirmed non-manganese."
unlabeled_r586_c287,79.67963765297155,21.649651581304976,363370.0,2394630.0,1251.0,1437.0,1529.0,2753.0,3344.0,2515.0,0.2858477234840393,-0.09693291783332825,1.2222222089767456,1.3296222686767578,,unlabeled_background,,0,"Valid Sentinel-2 Phase 4 raster pixel; unlabeled/background, not confirmed non-manganese."
unlabeled_r57_c358,79.69249490656765,21.745324315198012,364790.0,2405210.0,1315.0,1502.0,1557.0,3078.0,3288.0,2412.0,0.3281553387641907,-0.032987747341394424,1.1840304136276245,1.3631840944290161,,unlabeled_background,,0,"Valid Sentinel-2 Phase 4 raster pixel; unlabeled/background, not confirmed non-manganese."
unlabeled_r254_c364,79.69397659637494,21.709745399601985,364910.0,2401270.0,1309.0,1501.0,1608.0,3020.0,3410.0,2599.0,0.30509939789772034,-0.060653187334537506,1.2284185886383057,1.3120430707931519,,unlabeled_background,,0,"Valid Sentinel-2 Phase 4 raster pixel; unlabeled/background, not confirmed non-manganese."
unlabeled_r490_c653,79.75021399036186,21.667541701807036,370690.0,2396550.0,1411.0,1613.0,1844.0,3082.0,3992.0,3000.0,0.2513195276260376,-0.1286400854587555,1.3068745136260986,1.3306666612625122,,unlabeled_background,,0,"Valid Sentinel-2 Phase 4 raster pixel; unlabeled/background, not confirmed non-manganese."
unlabeled_r136_c228,79.66748916745827,21.730852632718772,362190.0,2403630.0,1811.0,2148.0,2624.0,3823.0,5199.0,4108.0,0.1859779804944992,-0.15251606702804565,1.4489232301712036,1.265579342842102,,unlabeled_background,,0,"Valid Sentinel-2 Phase 4 raster pixel; unlabeled/background, not confirmed non-manganese."
unlabeled_r355_c56,79.63460760043196,21.691020200207603,358750.0,2399250.0,1289.0,1537.0,1487.0,3297.0,2812.0,1999.0,0.37834447622299194,0.07939106225967407,1.1536074876785278,1.4067033529281616,,unlabeled_background,,0,"Valid Sentinel-2 Phase 4 raster pixel; unlabeled/background, not confirmed non-manganese."
unlabeled_r8_c269,79.67520427217048,21.75403923423112,363010.0,2406190.0,1737.0,2054.0,2519.0,3949.0,4876.0,3798.0,0.2210884392261505,-0.10504249483346939,1.4502015113830566,1.283833622932434,,unlabeled_background,,0,"Valid Sentinel-2 Phase 4 raster pixel; unlabeled/background, not confirmed non-manganese."
unlabeled_r90_c607,79.74069534044835,21.73973612762581,369770.0,2404550.0,1690.0,1975.0,2355.0,3523.0,4740.0,3740.0,0.19870704412460327,-0.14728306233882904,1.3934911489486694,1.267379641532898,,unlabeled_background,,0,"Valid Sentinel-2 Phase 4 raster pixel; unlabeled/background, not confirmed non-manganese."
unlabeled_r299_c11,79.62581366292396,21.701064522959076,357850.0,2400370.0,1556.0,1809.0,2051.0,3275.0,3998.0,3085.0,0.2298159897327423,-0.09940877556800842,1.3181233406066895,1.2959481477737427,,unlabeled_background,,0,"Valid Sentinel-2 Phase 4 raster pixel; unlabeled/background, not confirmed non-manganese."
unlabeled_r590_c28,79.62959678502779,21.648523595591087,358190.0,2394550.0,1170.0,1335.0,1281.0,2943.0,2672.0,1917.0,0.39346590638160706,0.04826357960700989,1.0948717594146729,1.3938446044921875,,unlabeled_background,,0,"Valid Sentinel-2 Phase 4 raster pixel; unlabeled/background, not confirmed non-manganese."
unlabeled_r377_c12,79.6261406303583,21.686975749270534,357870.0,2398810.0,1221.0,1420.0,1435.0,2832.0,3029.0,2215.0,0.32739630341529846,-0.03361201286315918,1.175266146659851,1.3674943447113037,,unlabeled_background,,0,"Valid Sentinel-2 Phase 4 raster pixel; unlabeled/background, not confirmed non-manganese."
unlabeled_r357_c63,79.63596401982069,21.69067004121553,358890.0,2399210.0,1202.0,1379.0,1359.0,2888.0,2713.0,1904.0,0.36001884937286377,0.031244421377778053,1.1306155920028687,1.42489492893219,,unlabeled_background,,0,"Valid Sentinel-2 Phase 4 raster pixel; unlabeled/background, not confirmed non-manganese."
unlabeled_r521_c117,79.64667818745862,21.661129325980184,359970.0,2395930.0,1249.0,1507.0,1462.0,3354.0,2967.0,2172.0,0.3928571343421936,0.06122449040412903,1.1705363988876343,1.3660221099853516,,unlabeled_background,,0,"Valid Sentinel-2 Phase 4 raster pixel; unlabeled/background, not confirmed non-manganese."
unlabeled_r348_c469,79.71442585289286,21.69292281689546,367010.0,2399390.0,1591.0,1832.0,2143.0,3310.0,4429.0,3483.0,0.21401064097881317,-0.14459232985973358,1.3469516038894653,1.2716048955917358,,unlabeled_background,,0,"Valid Sentinel-2 Phase 4 raster pixel; unlabeled/background, not confirmed non-manganese."
unlabeled_r587_c291,79.68041224158664,21.649477073232987,363450.0,2394610.0,1313.0,1509.0,1658.0,2852.0,3493.0,2657.0,0.26474499702453613,-0.10102442651987076,1.2627570629119873,1.3146405220031738,,unlabeled_background,,0,"Valid Sentinel-2 Phase 4 raster pixel; unlabeled/background, not confirmed non-manganese."
unlabeled_r420_c405,79.70217139607531,21.679819533147477,365730.0,2397950.0,1576.0,1866.0,2233.0,3230.0,4279.0,3475.0,0.1825004518032074,-0.1396990269422531,1.4168782234191895,1.2313668727874756,,unlabeled_background,,0,"Valid Sentinel-2 Phase 4 raster pixel; unlabeled/background, not confirmed non-manganese."
unlabeled_r255_c357,79.69262500412692,21.709554079350273,364770.0,2401250.0,1258.0,1414.0,1500.0,2902.0,3223.0,2351.0,0.3184916079044342,-0.052408162504434586,1.1923688650131226,1.3709059953689575,,unlabeled_background,,0,"Valid Sentinel-2 Phase 4 raster pixel; unlabeled/background, not confirmed non-manganese."
unlabeled_r282_c606,79.74080400439443,21.70504917071143,369750.0,2400710.0,1537.0,1816.0,2153.0,3306.0,4674.0,3517.0,0.21121084690093994,-0.17142857611179352,1.4007807970046997,1.3289735317230225,,unlabeled_background,,0,"Valid Sentinel-2 Phase 4 raster pixel; unlabeled/background, not confirmed non-manganese."
unlabeled_r7_c283,79.67790987788091,21.754241537478926,363290.0,2406210.0,1575.0,1822.0,2170.0,3443.0,4105.0,3197.0,0.22679494321346283,-0.0877053514122963,1.3777778148651123,1.2840162515640259,,unlabeled_background,,0,"Valid Sentinel-2 Phase 4 raster pixel; unlabeled/background, not confirmed non-manganese."
unlabeled_r203_c48,79.63280197641545,21.718465673803944,358590.0,2402290.0,1245.0,1489.0,1448.0,3522.0,2845.0,1953.0,0.41730383038520813,0.10632950812578201,1.1630522012710571,1.456733226776123,,unlabeled_background,,0,"Valid Sentinel-2 Phase 4 raster pixel; unlabeled/background, not confirmed non-manganese."
unlabeled_r85_c382,79.69718129124458,21.74030271060275,365270.0,2404650.0,2066.0,2465.0,3119.0,4324.0,5751.0,4567.0,0.16189707815647125,-0.14163771271705627,1.5096805095672607,1.2592511177062988,,unlabeled_background,,0,"Valid Sentinel-2 Phase 4 raster pixel; unlabeled/background, not confirmed non-manganese."
unlabeled_r580_c585,79.73721347124997,21.65118330593036,369330.0,2394750.0,1235.0,1451.0,1363.0,3003.0,2983.0,2119.0,0.37562987208366394,0.003341129282489419,1.103643774986267,1.407739520072937,,unlabeled_background,,0,"Valid Sentinel-2 Phase 4 raster pixel; unlabeled/background, not confirmed non-manganese."
unlabeled_r457_c539,79.72812951244063,21.67333592519127,368410.0,2397210.0,1707.0,2030.0,2396.0,3415.0,4151.0,3343.0,0.17535708844661713,-0.09727729111909866,1.4036320447921753,1.2416990995407104,,unlabeled_background,,0,"Valid Sentinel-2 Phase 4 raster pixel; unlabeled/background, not confirmed non-manganese."
unlabeled_r511_c490,79.71874540081348,21.663507799539417,367430.0,2396130.0,1305.0,1472.0,1577.0,2874.0,3549.0,2676.0,0.2913951873779297,-0.10509108006954193,1.2084290981292725,1.326233148574829,,unlabeled_background,,0,"Valid Sentinel-2 Phase 4 raster pixel; unlabeled/background, not confirmed non-manganese."
unlabeled_r285_c575,79.73481598127798,21.704461576642856,369130.0,2400650.0,1605.0,1846.0,2180.0,3189.0,4385.0,3387.0,0.18793071806430817,-0.157908633351326,1.3582555055618286,1.2946560382843018,,unlabeled_background,,0,"Valid Sentinel-2 Phase 4 raster pixel; unlabeled/background, not confirmed non-manganese."
unlabeled_r128_c132,79.64891472193072,21.732147410777163,360270.0,2403790.0,1416.0,1698.0,1848.0,3455.0,3742.0,2854.0,0.30303600430488586,-0.03987772762775421,1.3050847053527832,1.3111422061920166,,unlabeled_background,,0,"Valid Sentinel-2 Phase 4 raster pixel; unlabeled/background, not confirmed non-manganese."
unlabeled_r463_c480,79.71673609640891,21.67216422056587,367230.0,2397090.0,1144.0,1409.0,1364.0,3060.0,2925.0,2082.0,0.3833634853363037,0.02255639061331749,1.192307710647583,1.4048991203308105,,unlabeled_background,,0,"Valid Sentinel-2 Phase 4 raster pixel; unlabeled/background, not confirmed non-manganese."
unlabeled_r401_c158,79.65440025906624,21.682871538830003,360790.0,2398330.0,1586.0,1801.0,2229.0,3316.0,4747.0,3732.0,0.19603246450424194,-0.17747735977172852,1.4054224491119385,1.2719721794128418,,unlabeled_background,,0,"Valid Sentinel-2 Phase 4 raster pixel; unlabeled/background, not confirmed non-manganese."
unlabeled_r268_c243,79.67060849787865,21.70703032589101,362490.0,2400990.0,1165.0,1404.0,1331.0,2765.0,2988.0,2150.0,0.35009765625,-0.03876238316297531,1.1424893140792847,1.3897674083709717,,unlabeled_background,,0,"Valid Sentinel-2 Phase 4 raster pixel; unlabeled/background, not confirmed non-manganese."
unlabeled_r577_c344,79.69063749930294,21.651364640902656,364510.0,2394810.0,1570.0,1797.0,2073.0,3461.0,4421.0,3390.0,0.25081315636634827,-0.12179649621248245,1.3203821182250977,1.3041298389434814,,unlabeled_background,,0,"Valid Sentinel-2 Phase 4 raster pixel; unlabeled/background, not confirmed non-manganese."
unlabeled_r531_c13,79.62659746238268,21.659157815195293,357890.0,2395730.0,1253.0,1448.0,1447.0,3012.0,3003.0,2221.0,0.35097554326057434,0.001496259355917573,1.154828429222107,1.3520936965942383,,unlabeled_background,,0,"Valid Sentinel-2 Phase 4 raster pixel; unlabeled/background, not confirmed non-manganese."
unlabeled_r368_c658,79.75099041986455,21.689588915452163,370790.0,2398990.0,1377.0,1521.0,1782.0,3045.0,4259.0,3108.0,0.26165321469306946,-0.16621029376983643,1.2941176891326904,1.3703346252441406,,unlabeled_background,,0,"Valid Sentinel-2 Phase 4 raster pixel; unlabeled/background, not confirmed non-manganese."
unlabeled_r43_c28,79.62866130323431,21.747336953152246,358190.0,2405490.0,1335.0,1607.0,1600.0,3361.0,3040.0,2161.0,0.35496875643730164,0.050148412585258484,1.1985018253326416,1.4067561626434326,,unlabeled_background,,0,"Valid Sentinel-2 Phase 4 raster pixel; unlabeled/background, not confirmed non-manganese."
unlabeled_r389_c548,79.72976130657906,21.685633702426905,368590.0,2398570.0,1409.0,1748.0,1669.0,4198.0,3403.0,2567.0,0.4310550391674042,0.104591503739357,1.1845279932022095,1.3256720304489136,,unlabeled_background,,0,"Valid Sentinel-2 Phase 4 raster pixel; unlabeled/background, not confirmed non-manganese."
unlabeled_r136_c266,79.67483624985142,21.73091159009039,362950.0,2403630.0,1975.0,2274.0,2823.0,3990.0,5101.0,4074.0,0.17129017412662506,-0.12220878154039383,1.4293670654296875,1.2520864009857178,,unlabeled_background,,0,"Valid Sentinel-2 Phase 4 raster pixel; unlabeled/background, not confirmed non-manganese."
unlabeled_r431_c30,79.62971195068236,21.677249626291587,358230.0,2397730.0,1265.0,1468.0,1502.0,3145.0,3247.0,2324.0,0.3535614311695099,-0.01595744676887989,1.1873518228530884,1.3971600532531738,,unlabeled_background,,0,"Valid Sentinel-2 Phase 4 raster pixel; unlabeled/background, not confirmed non-manganese."
unlabeled_r17_c7,79.6245559564125,21.75200001312275,357770.0,2406010.0,1265.0,1420.0,1446.0,2867.0,2999.0,2165.0,0.32946905493736267,-0.022502556443214417,1.1430829763412476,1.3852194547653198,,unlabeled_background,,0,"Valid Sentinel-2 Phase 4 raster pixel; unlabeled/background, not confirmed non-manganese."
unlabeled_r551_c635,79.74683040594854,21.656495497898305,370330.0,2395330.0,1376.0,1547.0,1738.0,2832.0,3872.0,2912.0,0.23938730359077454,-0.1551312655210495,1.263081431388855,1.3296703100204468,,unlabeled_background,,0,"Valid Sentinel-2 Phase 4 raster pixel; unlabeled/background, not confirmed non-manganese."
unlabeled_r9_c294,79.68004031838849,21.75389722398512,363510.0,2406170.0,1771.0,2128.0,2633.0,3854.0,5112.0,4079.0,0.18822260200977325,-0.14030782878398895,1.486730694770813,1.2532483339309692,,unlabeled_background,,0,"Valid Sentinel-2 Phase 4 raster pixel; unlabeled/background, not confirmed non-manganese."
unlabeled_r157_c163,79.65495714133161,21.72695743699394,360890.0,2403210.0,1366.0,1591.0,1761.0,3135.0,3669.0,2648.0,0.280637264251709,-0.07848324626684189,1.2891654968261719,1.3855739831924438,,unlabeled_background,,0,"Valid Sentinel-2 Phase 4 raster pixel; unlabeled/background, not confirmed non-manganese."
unlabeled_r597_c512,79.72313378938567,21.64800433367132,367870.0,2394410.0,1212.0,1434.0,1454.0,3004.0,3196.0,2286.0,0.34768953919410706,-0.030967742204666138,1.1996699571609497,1.3980752229690552,,unlabeled_background,,0,"Valid Sentinel-2 Phase 4 raster pixel; unlabeled/background, not confirmed non-manganese."
unlabeled_r130_c565,79.732637542158,21.732448041946068,368930.0,2403750.0,1274.0,1401.0,1323.0,1484.0,1396.0,1265.0,0.05735660716891289,0.03055555559694767,1.0384615659713745,1.1035573482513428,,unlabeled_background,,0,"Valid Sentinel-2 Phase 4 raster pixel; unlabeled/background, not confirmed non-manganese."
unlabeled_r74_c548,79.72926162362586,21.74253938912538,368590.0,2404870.0,1650.0,1836.0,2114.0,3078.0,4186.0,3300.0,0.18567025661468506,-0.15253303945064545,1.2812120914459229,1.2684848308563232,,unlabeled_background,,0,"Valid Sentinel-2 Phase 4 raster pixel; unlabeled/background, not confirmed non-manganese."
unlabeled_r431_c484,79.7174580336956,21.67795109179079,367310.0,2397730.0,1663.0,1941.0,2336.0,3030.0,4365.0,3971.0,0.12933284044265747,-0.18052738904953003,1.4046902656555176,1.0992193222045898,,unlabeled_background,,0,"Valid Sentinel-2 Phase 4 raster pixel; unlabeled/background, not confirmed non-manganese."
unlabeled_r546_c126,79.64845950081455,21.656627286993874,360150.0,2395430.0,1227.0,1457.0,1429.0,2995.0,3203.0,2315.0,0.35397830605506897,-0.03355921432375908,1.1646292209625244,1.3835853338241577,,unlabeled_background,,0,"Valid Sentinel-2 Phase 4 raster pixel; unlabeled/background, not confirmed non-manganese."
unlabeled_r546_c123,79.64787977071924,21.656622567299728,360090.0,2395430.0,1231.0,1429.0,1442.0,2854.0,3090.0,2271.0,0.32867783308029175,-0.03970390185713768,1.17140531539917,1.3606340885162354,,unlabeled_background,,0,"Valid Sentinel-2 Phase 4 raster pixel; unlabeled/background, not confirmed non-manganese."
unlabeled_r136_c599,79.73922094244635,21.73141430673044,369610.0,2403630.0,1806.0,2158.0,2651.0,3962.0,4727.0,3669.0,0.19824588298797607,-0.08804235607385635,1.4678847789764404,1.28836190700531,,unlabeled_background,,0,"Valid Sentinel-2 Phase 4 raster pixel; unlabeled/background, not confirmed non-manganese."
unlabeled_r244_c541,79.72817823470457,21.711818052988033,368450.0,2401470.0,1275.0,1419.0,1472.0,2910.0,3149.0,2299.0,0.3281606435775757,-0.03944545239210129,1.1545097827911377,1.3697259426116943,,unlabeled_background,,0,"Valid Sentinel-2 Phase 4 raster pixel; unlabeled/background, not confirmed non-manganese."
unlabeled_r519_c183,79.65942933710079,21.661594102824562,361290.0,2395970.0,1232.0,1427.0,1425.0,3046.0,3130.0,2283.0,0.3625587224960327,-0.013601035811007023,1.1566557884216309,1.3710030317306519,,unlabeled_background,,0,"Valid Sentinel-2 Phase 4 raster pixel; unlabeled/background, not confirmed non-manganese."
unlabeled_r303_c566,79.73310461384408,21.701196525573437,368950.0,2400290.0,1270.0,1430.0,1496.0,3099.0,3052.0,2458.0,0.34885746240615845,0.007641034200787544,1.177952766418457,1.2416598796844482,,unlabeled_background,,0,"Valid Sentinel-2 Phase 4 raster pixel; unlabeled/background, not confirmed non-manganese."
unlabeled_r66_c193,79.66060494629924,21.74344336684151,361490.0,2405030.0,1871.0,2217.0,2655.0,3710.0,4690.0,3904.0,0.165750190615654,-0.11666666716337204,1.4190272092819214,1.2013319730758667,,unlabeled_background,,0,"Valid Sentinel-2 Phase 4 raster pixel; unlabeled/background, not confirmed non-manganese."
unlabeled_r301_c499,79.72014972924912,21.701458347197764,367610.0,2400330.0,1293.0,1444.0,1557.0,2879.0,3214.0,2405.0,0.298016220331192,-0.05498112738132477,1.2041763067245483,1.336382508277893,,unlabeled_background,,0,"Valid Sentinel-2 Phase 4 raster pixel; unlabeled/background, not confirmed non-manganese."
unlabeled_r378_c378,79.69688465516136,21.687365984328245,365190.0,2398790.0,1337.0,1475.0,1632.0,2834.0,3460.0,2593.0,0.2691446542739868,-0.09945980459451675,1.2206432819366455,1.3343617916107178,,unlabeled_background,,0,"Valid Sentinel-2 Phase 4 raster pixel; unlabeled/background, not confirmed non-manganese."
unlabeled_r588_c341,79.69007571302126,21.64937290250339,364450.0,2394590.0,1454.0,1629.0,1895.0,2755.0,4290.0,3374.0,0.1849462389945984,-0.21788501739501953,1.303301215171814,1.271487832069397,,unlabeled_background,,0,"Valid Sentinel-2 Phase 4 raster pixel; unlabeled/background, not confirmed non-manganese."
unlabeled_r473_c174,79.65761317290143,21.669889895802953,361110.0,2396890.0,1185.0,1336.0,1302.0,2845.0,2484.0,1807.0,0.37207621335983276,0.06774254143238068,1.0987341403961182,1.3746541738510132,,unlabeled_background,,0,"Valid Sentinel-2 Phase 4 raster pixel; unlabeled/background, not confirmed non-manganese."
unlabeled_r483_c120,79.6471939138638,21.66799867788384,360030.0,2396690.0,1389.0,1595.0,1802.0,2766.0,3948.0,3071.0,0.21103326976299286,-0.17605005204677582,1.297336220741272,1.2855746746063232,,unlabeled_background,,0,"Valid Sentinel-2 Phase 4 raster pixel; unlabeled/background, not confirmed non-manganese."
unlabeled_r26_c239,79.66943297433424,21.75074102122206,362410.0,2405830.0,1588.0,1861.0,2209.0,3714.0,4781.0,3657.0,0.2540942132472992,-0.1256033033132553,1.3910579681396484,1.3073557615280151,,unlabeled_background,,0,"Valid Sentinel-2 Phase 4 raster pixel; unlabeled/background, not confirmed non-manganese."
unlabeled_r511_c287,79.6795143671427,21.66320038004247,363370.0,2396130.0,1330.0,1510.0,1611.0,3048.0,3424.0,2544.0,0.3084352910518646,-0.05809641629457474,1.2112782001495361,1.345911979675293,,unlabeled_background,,0,"Valid Sentinel-2 Phase 4 raster pixel; unlabeled/background, not confirmed non-manganese."
unlabeled_r558_c279,79.67804569169569,21.65469750264644,363210.0,2395190.0,1490.0,1687.0,1946.0,3261.0,4036.0,3026.0,0.252544641494751,-0.10620803385972977,1.3060402870178223,1.3337739706039429,,unlabeled_background,,0,"Valid Sentinel-2 Phase 4 raster pixel; unlabeled/background, not confirmed non-manganese."
unlabeled_r88_c44,79.63183209834419,21.739233526381422,358510.0,2404590.0,1558.0,1973.0,2184.0,4123.0,4049.0,2910.0,0.30743616819381714,0.009055310860276222,1.4017971754074097,1.391408920288086,,unlabeled_background,,0,"Valid Sentinel-2 Phase 4 raster pixel; unlabeled/background, not confirmed non-manganese."
unlabeled_r592_c170,79.65703911967343,21.64838641951217,361030.0,2394510.0,1259.0,1441.0,1451.0,3015.0,3137.0,2314.0,0.3502015173435211,-0.01983094960451126,1.1525019407272339,1.355661153793335,,unlabeled_background,,0,"Valid Sentinel-2 Phase 4 raster pixel; unlabeled/background, not confirmed non-manganese."
unlabeled_r267_c217,79.66558071693404,21.707170584214023,361970.0,2401010.0,1318.0,1493.0,1640.0,2621.0,3612.0,2726.0,0.23022764921188354,-0.1589924544095993,1.2443095445632935,1.325018286705017,,unlabeled_background,,0,"Valid Sentinel-2 Phase 4 raster pixel; unlabeled/background, not confirmed non-manganese."
unlabeled_r326_c245,79.67109130109097,21.696555782326282,362530.0,2399830.0,1341.0,1528.0,1604.0,2576.0,2882.0,2349.0,0.23253588378429413,-0.05606449395418167,1.1961222887039185,1.226905107498169,,unlabeled_background,,0,"Valid Sentinel-2 Phase 4 raster pixel; unlabeled/background, not confirmed non-manganese."
unlabeled_r318_c315,79.6846091044976,21.698108880269494,363930.0,2399990.0,1462.0,1641.0,1944.0,2992.0,4480.0,3509.0,0.21231766045093536,-0.19914346933364868,1.3296853303909302,1.2767170667648315,,unlabeled_background,,0,"Valid Sentinel-2 Phase 4 raster pixel; unlabeled/background, not confirmed non-manganese."
unlabeled_r563_c456,79.71225801287898,21.654063002928087,366750.0,2395090.0,1996.0,2423.0,2944.0,4137.0,5619.0,4609.0,0.16847902536392212,-0.15190652012825012,1.4749499559402466,1.2191364765167236,,unlabeled_background,,0,"Valid Sentinel-2 Phase 4 raster pixel; unlabeled/background, not confirmed non-manganese."
unlabeled_r174_c480,79.71627333623837,21.72437276396215,367230.0,2402870.0,1226.0,1437.0,1420.0,3063.0,3069.0,2227.0,0.36649563908576965,-0.000978473573923111,1.158238172531128,1.3780871629714966,,unlabeled_background,,0,"Valid Sentinel-2 Phase 4 raster pixel; unlabeled/background, not confirmed non-manganese."
unlabeled_r493_c650,79.74963886554596,21.666995369038904,370630.0,2396490.0,1325.0,1491.0,1592.0,3172.0,3420.0,2448.0,0.33165407180786133,-0.03762136027216911,1.2015094757080078,1.3970588445663452,,unlabeled_background,,0,"Valid Sentinel-2 Phase 4 raster pixel; unlabeled/background, not confirmed non-manganese."
unlabeled_r553_c659,79.75147153838793,21.656169123784817,370810.0,2395290.0,1372.0,1560.0,1656.0,2760.0,3321.0,2659.0,0.25,-0.09225456416606903,1.206997036933899,1.2489657402038574,,unlabeled_background,,0,"Valid Sentinel-2 Phase 4 raster pixel; unlabeled/background, not confirmed non-manganese."
unlabeled_r91_c589,79.73721641583862,21.739528961770095,369410.0,2404530.0,1311.0,1500.0,1650.0,2858.0,3456.0,2564.0,0.2679680585861206,-0.09471017122268677,1.258581280708313,1.3478939533233643,,unlabeled_background,,0,"Valid Sentinel-2 Phase 4 raster pixel; unlabeled/background, not confirmed non-manganese."
unlabeled_r63_c7,79.62463508598778,21.743690363340196,357770.0,2405090.0,1580.0,1930.0,2297.0,3784.0,4091.0,2946.0,0.24453215301036835,-0.03898412734270096,1.453797459602356,1.388662576675415,,unlabeled_background,,0,"Valid Sentinel-2 Phase 4 raster pixel; unlabeled/background, not confirmed non-manganese."
unlabeled_r501_c248,79.6719609116072,21.664946757437352,362590.0,2396330.0,1242.0,1357.0,1419.0,2781.0,2797.0,2131.0,0.32428571581840515,-0.002868411596864462,1.1425120830535889,1.3125293254852295,,unlabeled_background,,0,"Valid Sentinel-2 Phase 4 raster pixel; unlabeled/background, not confirmed non-manganese."
unlabeled_r471_c609,79.74168053001743,21.670909897013182,369810.0,2396930.0,1200.0,1400.0,1371.0,2915.0,2994.0,2139.0,0.36024266481399536,-0.013369436375796795,1.1425000429153442,1.399719476699829,,unlabeled_background,,0,"Valid Sentinel-2 Phase 4 raster pixel; unlabeled/background, not confirmed non-manganese."
unlabeled_r109_c265,79.67459818149021,21.735787555309976,362930.0,2404170.0,1702.0,1957.0,2236.0,3447.0,4244.0,3470.0,0.2130916714668274,-0.10362761467695236,1.3137484788894653,1.2230547666549683,,unlabeled_background,,0,"Valid Sentinel-2 Phase 4 raster pixel; unlabeled/background, not confirmed non-manganese."
unlabeled_r333_c313,79.68424712202177,21.695396060901754,363890.0,2399690.0,1353.0,1499.0,1605.0,2768.0,3466.0,2662.0,0.26595014333724976,-0.11196663230657578,1.1862527132034302,1.3020285367965698,,unlabeled_background,,0,"Valid Sentinel-2 Phase 4 raster pixel; unlabeled/background, not confirmed non-manganese."
unlabeled_r243_c495,79.7192837869162,21.71193021593306,367530.0,2401490.0,1356.0,1551.0,1698.0,2833.0,3053.0,2492.0,0.2504965662956238,-0.037376824766397476,1.252212405204773,1.2251204252243042,,unlabeled_background,,0,"Valid Sentinel-2 Phase 4 raster pixel; unlabeled/background, not confirmed non-manganese."
unlabeled_r541_c382,79.69792227176275,21.657925843102632,365270.0,2395530.0,1355.0,1576.0,1684.0,3119.0,3695.0,2704.0,0.29877158999443054,-0.08453184366226196,1.2428044080734253,1.366494059562683,,unlabeled_background,,0,"Valid Sentinel-2 Phase 4 raster pixel; unlabeled/background, not confirmed non-manganese."
unlabeled_r48_c364,79.69364039495112,21.74695932402632,364910.0,2405390.0,1891.0,2252.0,2844.0,4303.0,5691.0,4416.0,0.20414160192012787,-0.1388833373785019,1.503966212272644,1.2887228727340698,,unlabeled_background,,0,"Valid Sentinel-2 Phase 4 raster pixel; unlabeled/background, not confirmed non-manganese."
unlabeled_r457_c252,79.67266118647153,21.672901534560904,362670.0,2397210.0,1430.0,1655.0,1865.0,3053.0,3544.0,2632.0,0.24156160652637482,-0.0744277685880661,1.304195761680603,1.34650456905365,,unlabeled_background,,0,"Valid Sentinel-2 Phase 4 raster pixel; unlabeled/background, not confirmed non-manganese."
unlabeled_r345_c71,79.63748993168895,21.69285051353817,359050.0,2399450.0,1513.0,1830.0,2118.0,3380.0,3956.0,2967.0,0.22953800857067108,-0.0785169005393982,1.3998677730560303,1.3333333730697632,,unlabeled_background,,0,"Valid Sentinel-2 Phase 4 raster pixel; unlabeled/background, not confirmed non-manganese."
unlabeled_r588_c631,79.74611515118927,21.649805410512002,370250.0,2394590.0,1462.0,1694.0,1924.0,3052.0,4104.0,3099.0,0.22668810188770294,-0.14700950682163239,1.3160054683685303,1.3242981433868408,,unlabeled_background,,0,"Valid Sentinel-2 Phase 4 raster pixel; unlabeled/background, not confirmed non-manganese."
unlabeled_r70_c469,79.71397946063456,21.74314401878435,367010.0,2404950.0,1519.0,1693.0,1868.0,3954.0,3768.0,2763.0,0.35829612612724304,0.024087024852633476,1.229756474494934,1.3637350797653198,,unlabeled_background,,0,"Valid Sentinel-2 Phase 4 raster pixel; unlabeled/background, not confirmed non-manganese."
unlabeled_r76_c351,79.6911724460023,21.741881274380265,364650.0,2404830.0,1172.0,1340.0,1348.0,2835.0,2980.0,2108.0,0.3554864823818207,-0.024935511872172356,1.1501706838607788,1.4136621952056885,,unlabeled_background,,0,"Valid Sentinel-2 Phase 4 raster pixel; unlabeled/background, not confirmed non-manganese."
unlabeled_r516_c618,79.7434903880576,21.662793602045316,369990.0,2396030.0,1325.0,1488.0,1626.0,2747.0,3495.0,2616.0,0.2563457489013672,-0.11983338743448257,1.2271697521209717,1.33600914478302,,unlabeled_background,,0,"Valid Sentinel-2 Phase 4 raster pixel; unlabeled/background, not confirmed non-manganese."
unlabeled_r577_c214,79.6655164821079,21.65116469173469,361910.0,2394810.0,1219.0,1421.0,1423.0,2947.0,3032.0,2213.0,0.34874141216278076,-0.014216423965990543,1.1673502922058105,1.3700858354568481,,unlabeled_background,,0,"Valid Sentinel-2 Phase 4 raster pixel; unlabeled/background, not confirmed non-manganese."
unlabeled_r145_c590,79.7374949902057,21.729775170186848,369430.0,2403450.0,1570.0,1799.0,2056.0,3278.0,4213.0,3162.0,0.22909636795520782,-0.12481644749641418,1.309554100036621,1.3323845863342285,,unlabeled_background,,0,"Valid Sentinel-2 Phase 4 raster pixel; unlabeled/background, not confirmed non-manganese."
unlabeled_r566_c288,79.67979802756506,21.65326613284237,363390.0,2395030.0,1434.0,1625.0,1829.0,3186.0,4083.0,3114.0,0.2705882489681244,-0.1234007403254509,1.2754533290863037,1.3111753463745117,,unlabeled_background,,0,"Valid Sentinel-2 Phase 4 raster pixel; unlabeled/background, not confirmed non-manganese."
unlabeled_r476_c184,79.6595508012198,21.669363569406954,361310.0,2396830.0,1254.0,1433.0,1432.0,3013.0,2987.0,2143.0,0.35568052530288696,0.004333333112299442,1.141945719718933,1.3938404321670532,,unlabeled_background,,0,"Valid Sentinel-2 Phase 4 raster pixel; unlabeled/background, not confirmed non-manganese."
unlabeled_r21_c582,79.73575222138022,21.752164322160876,369270.0,2405930.0,1417.0,1631.0,1652.0,3778.0,3267.0,2453.0,0.39152854681015015,0.07253371179103851,1.1658433675765991,1.331838607788086,,unlabeled_background,,0,"Valid Sentinel-2 Phase 4 raster pixel; unlabeled/background, not confirmed non-manganese."
unlabeled_r570_c481,79.71710032017393,21.652835821065768,367250.0,2394950.0,1322.0,1583.0,1636.0,3139.0,3939.0,2880.0,0.3147644102573395,-0.11302627623081207,1.2375189065933228,1.3677083253860474,,unlabeled_background,,0,"Valid Sentinel-2 Phase 4 raster pixel; unlabeled/background, not confirmed non-manganese."
unlabeled_r450_c337,79.68907750868674,21.674296674777967,364370.0,2397350.0,1350.0,1527.0,1721.0,2893.0,3564.0,2670.0,0.25400954484939575,-0.10391822457313538,1.2748148441314697,1.3348314762115479,,unlabeled_background,,0,"Valid Sentinel-2 Phase 4 raster pixel; unlabeled/background, not confirmed non-manganese."
unlabeled_r290_c565,79.73289074988223,21.7035435432464,368930.0,2400550.0,1243.0,1430.0,1507.0,2637.0,3190.0,2354.0,0.27268341183662415,-0.09490303695201874,1.212389349937439,1.355140209197998,,unlabeled_background,,0,"Valid Sentinel-2 Phase 4 raster pixel; unlabeled/background, not confirmed non-manganese."
unlabeled_r318_c311,79.68383589846427,21.698102744009105,363850.0,2399990.0,1537.0,1759.0,2092.0,3352.0,4578.0,3477.0,0.23144745826721191,-0.1546027809381485,1.3610930442810059,1.3166522979736328,,unlabeled_background,,0,"Valid Sentinel-2 Phase 4 raster pixel; unlabeled/background, not confirmed non-manganese."
unlabeled_r499_c253,79.67292388785438,21.66531578513544,362690.0,2396370.0,1242.0,1392.0,1525.0,2580.0,3100.0,2409.0,0.25700366497039795,-0.09154929220676422,1.227858304977417,1.2868410348892212,,unlabeled_background,,0,"Valid Sentinel-2 Phase 4 raster pixel; unlabeled/background, not confirmed non-manganese."
unlabeled_r373_c221,79.6665303110198,21.688028036295417,362050.0,2398890.0,1747.0,1956.0,2277.0,3319.0,4510.0,3536.0,0.1862044334411621,-0.1521267145872116,1.3033772706985474,1.2754524946212769,,unlabeled_background,,0,"Valid Sentinel-2 Phase 4 raster pixel; unlabeled/background, not confirmed non-manganese."
unlabeled_r29_c516,79.72300210813034,21.75062110285983,367950.0,2405770.0,1375.0,1627.0,1647.0,3997.0,3294.0,2308.0,0.4163713753223419,0.09642024338245392,1.1978181600570679,1.427209734916687,,unlabeled_background,,0,"Valid Sentinel-2 Phase 4 raster pixel; unlabeled/background, not confirmed non-manganese."
unlabeled_r284_c468,79.71412988848277,21.70448306065452,366990.0,2400670.0,1558.0,1783.0,2042.0,3235.0,4102.0,3132.0,0.2260754257440567,-0.1181681901216507,1.310654640197754,1.309706211090088,,unlabeled_background,,0,"Valid Sentinel-2 Phase 4 raster pixel; unlabeled/background, not confirmed non-manganese."
unlabeled_r443_c447,79.71032607605066,21.67572783051989,366570.0,2397490.0,1195.0,1372.0,1420.0,2765.0,3152.0,2314.0,0.3213858902454376,-0.06540476530790329,1.1882845163345337,1.3621435165405273,,unlabeled_background,,0,"Valid Sentinel-2 Phase 4 raster pixel; unlabeled/background, not confirmed non-manganese."
unlabeled_r52_c93,79.64124522231923,21.745814811431618,359490.0,2405310.0,1351.0,1657.0,1636.0,3446.0,3259.0,2328.0,0.3561590015888214,0.027889635413885117,1.2109549045562744,1.3999141454696655,,unlabeled_background,,0,"Valid Sentinel-2 Phase 4 raster pixel; unlabeled/background, not confirmed non-manganese."
unlabeled_r522_c582,79.73654251717487,21.661656871118055,369270.0,2395910.0,1338.0,1543.0,1630.0,2878.0,3612.0,2718.0,0.2768411636352539,-0.11309707164764404,1.2182362079620361,1.3289183378219604,,unlabeled_background,,0,"Valid Sentinel-2 Phase 4 raster pixel; unlabeled/background, not confirmed non-manganese."
unlabeled_r277_c177,79.65786499567366,21.705301667774975,361170.0,2400810.0,1761.0,2108.0,2552.0,3900.0,4712.0,3906.0,0.2089274674654007,-0.09428703784942627,1.449176549911499,1.20634925365448,,unlabeled_background,,0,"Valid Sentinel-2 Phase 4 raster pixel; unlabeled/background, not confirmed non-manganese."
unlabeled_r572_c382,79.69797251771097,21.65232563077351,365270.0,2394910.0,1480.0,1700.0,1948.0,3173.0,4220.0,3191.0,0.2392110973596573,-0.1416204571723938,1.316216230392456,1.3224694728851318,,unlabeled_background,,0,"Valid Sentinel-2 Phase 4 raster pixel; unlabeled/background, not confirmed non-manganese."
unlabeled_r27_c372,79.69515306292065,21.75076517269208,365070.0,2405810.0,1707.0,1981.0,2325.0,3897.0,4709.0,3563.0,0.2526518702507019,-0.09435277432203293,1.3620386123657227,1.321639060974121,,unlabeled_background,,0,"Valid Sentinel-2 Phase 4 raster pixel; unlabeled/background, not confirmed non-manganese."
unlabeled_r236_c650,79.7492380669981,21.71342367394884,370630.0,2401630.0,1595.0,1825.0,2172.0,3511.0,4405.0,3303.0,0.23561498522758484,-0.11293582618236542,1.3617554903030396,1.3336360454559326,,unlabeled_background,,0,"Valid Sentinel-2 Phase 4 raster pixel; unlabeled/background, not confirmed non-manganese."
unlabeled_r519_c230,79.66851214761363,21.66166719660701,362230.0,2395970.0,1601.0,1917.0,2196.0,3577.0,4374.0,3306.0,0.23921704292297363,-0.10023896396160126,1.3716427087783813,1.3230489492416382,,unlabeled_background,,0,"Valid Sentinel-2 Phase 4 raster pixel; unlabeled/background, not confirmed non-manganese."
unlabeled_r348_c614,79.7424540801965,21.693137734634647,369910.0,2399390.0,1879.0,2254.0,2717.0,3772.0,4283.0,3559.0,0.16258282959461212,-0.06343885511159897,1.4459818601608276,1.2034279108047485,,unlabeled_background,,0,"Valid Sentinel-2 Phase 4 raster pixel; unlabeled/background, not confirmed non-manganese."
unlabeled_r471_c429,79.70689226652561,21.670642491874272,366210.0,2396930.0,1227.0,1391.0,1392.0,2749.0,2949.0,2160.0,0.32769861817359924,-0.03510003536939621,1.134474277496338,1.3652777671813965,,unlabeled_background,,0,"Valid Sentinel-2 Phase 4 raster pixel; unlabeled/background, not confirmed non-manganese."
unlabeled_r166_c594,79.73830148721535,21.72598734535658,369510.0,2403030.0,1556.0,1789.0,2099.0,3438.0,4286.0,3241.0,0.24182771146297455,-0.10978767275810242,1.3489717245101929,1.3224313259124756,,unlabeled_background,,0,"Valid Sentinel-2 Phase 4 raster pixel; unlabeled/background, not confirmed non-manganese."
unlabeled_r96_c337,79.68849819343761,21.738246858309534,364370.0,2404430.0,1404.0,1622.0,1871.0,2877.0,4017.0,3089.0,0.2118786871433258,-0.1653611809015274,1.3326210975646973,1.300420880317688,,unlabeled_background,,0,"Valid Sentinel-2 Phase 4 raster pixel; unlabeled/background, not confirmed non-manganese."
unlabeled_r483_c156,79.65415122892,21.668055237623218,360750.0,2396690.0,1358.0,1587.0,1761.0,2733.0,4086.0,3100.0,0.21628838777542114,-0.19841618835926056,1.2967599630355835,1.318064570426941,,unlabeled_background,,0,"Valid Sentinel-2 Phase 4 raster pixel; unlabeled/background, not confirmed non-manganese."
unlabeled_r537_c521,79.72477769466884,21.658856931349042,368050.0,2395610.0,1362.0,1616.0,1758.0,2931.0,3852.0,2958.0,0.25015994906425476,-0.13578063249588013,1.290748953819275,1.3022311925888062,,unlabeled_background,,0,"Valid Sentinel-2 Phase 4 raster pixel; unlabeled/background, not confirmed non-manganese."
unlabeled_r528_c383,79.69809444818404,21.660275833579284,365290.0,2395790.0,1387.0,1591.0,1767.0,3172.0,3730.0,2781.0,0.2844705283641815,-0.08084613084793091,1.2739726305007935,1.341244101524353,,unlabeled_background,,0,"Valid Sentinel-2 Phase 4 raster pixel; unlabeled/background, not confirmed non-manganese."
unlabeled_r159_c351,79.69130821360157,21.726887340862888,364650.0,2403170.0,1482.0,1705.0,1949.0,3220.0,4117.0,3232.0,0.24588894844055176,-0.1222570538520813,1.3151147365570068,1.2738242149353027,,unlabeled_background,,0,"Valid Sentinel-2 Phase 4 raster pixel; unlabeled/background, not confirmed non-manganese."
unlabeled_r563_c316,79.68520388360113,21.653851011809753,363950.0,2395090.0,1279.0,1489.0,1586.0,2948.0,3293.0,2480.0,0.30039700865745544,-0.055279601365327835,1.2400312423706055,1.3278225660324097,,unlabeled_background,,0,"Valid Sentinel-2 Phase 4 raster pixel; unlabeled/background, not confirmed non-manganese."
unlabeled_r71_c552,79.73003031724278,21.743087282239255,368670.0,2404930.0,1731.0,1953.0,2267.0,3196.0,4343.0,3485.0,0.17005307972431183,-0.15214219689369202,1.309647560119629,1.2461979389190674,,unlabeled_background,,0,"Valid Sentinel-2 Phase 4 raster pixel; unlabeled/background, not confirmed non-manganese."
unlabeled_r84_c174,79.65696133113977,21.740161948695633,361110.0,2404670.0,1203.0,1385.0,1458.0,2577.0,3205.0,2404.0,0.2773234248161316,-0.10861293971538544,1.2119700908660889,1.3331947326660156,,unlabeled_background,,0,"Valid Sentinel-2 Phase 4 raster pixel; unlabeled/background, not confirmed non-manganese."
unlabeled_r396_c453,79.71141023349318,21.68422750401905,366690.0,2398430.0,1729.0,2106.0,2605.0,3709.0,4929.0,3948.0,0.17484953999519348,-0.14123639464378357,1.5066512823104858,1.248480200767517,,unlabeled_background,,0,"Valid Sentinel-2 Phase 4 raster pixel; unlabeled/background, not confirmed non-manganese."
unlabeled_r9_c337,79.68835549218947,21.75396335106457,364370.0,2406170.0,1705.0,2023.0,2435.0,3731.0,4618.0,3537.0,0.21018488705158234,-0.10624026507139206,1.4281524419784546,1.3056262731552124,,unlabeled_background,,0,"Valid Sentinel-2 Phase 4 raster pixel; unlabeled/background, not confirmed non-manganese."
unlabeled_r164_c248,79.67140253165311,21.725825545967453,362590.0,2403070.0,1410.0,1653.0,1880.0,2835.0,3683.0,3018.0,0.20254506170749664,-0.1301012635231018,1.3333333730697632,1.2203445434570312,,unlabeled_background,,0,"Valid Sentinel-2 Phase 4 raster pixel; unlabeled/background, not confirmed non-manganese."
unlabeled_r350_c24,79.62841383717515,21.69187239031291,358110.0,2399350.0,1324.0,1536.0,1568.0,3049.0,3108.0,2230.0,0.32077106833457947,-0.009582589380443096,1.1842900514602661,1.3937219381332397,,unlabeled_background,,0,"Valid Sentinel-2 Phase 4 raster pixel; unlabeled/background, not confirmed non-manganese."
unlabeled_r261_c216,79.66537740992452,21.708252918640824,361950.0,2401130.0,1384.0,1629.0,1851.0,3267.0,3958.0,2938.0,0.27667057514190674,-0.0956401377916336,1.3374277353286743,1.3471750020980835,,unlabeled_background,,0,"Valid Sentinel-2 Phase 4 raster pixel; unlabeled/background, not confirmed non-manganese."
unlabeled_r451_c568,79.73372493570852,21.67446271244798,368990.0,2397330.0,1172.0,1297.0,1310.0,2225.0,2861.0,2173.0,0.2588401734828949,-0.1250491589307785,1.11774742603302,1.316612958908081,,unlabeled_background,,0,"Valid Sentinel-2 Phase 4 raster pixel; unlabeled/background, not confirmed non-manganese."
unlabeled_r369_c555,79.73108268199216,21.68925713141739,368730.0,2398970.0,1076.0,1146.0,1121.0,1023.0,1090.0,1087.0,-0.04570895433425903,-0.03170847147703171,1.0418215990066528,1.0027599334716797,,unlabeled_background,,0,"Valid Sentinel-2 Phase 4 raster pixel; unlabeled/background, not confirmed non-manganese."
unlabeled_r169_c497,79.71955210467758,21.725301464743133,367570.0,2402970.0,1326.0,1507.0,1570.0,3257.0,3405.0,2507.0,0.3494924306869507,-0.022215550765395164,1.1840120553970337,1.3581970930099487,,unlabeled_background,,0,"Valid Sentinel-2 Phase 4 raster pixel; unlabeled/background, not confirmed non-manganese."
unlabeled_r327_c454,79.71149264995395,21.69669400831819,366710.0,2399810.0,1335.0,1554.0,1583.0,3123.0,2943.0,2351.0,0.32724180817604065,0.029673591256141663,1.1857677698135376,1.251807689666748,,unlabeled_background,,0,"Valid Sentinel-2 Phase 4 raster pixel; unlabeled/background, not confirmed non-manganese."
unlabeled_r370_c205,79.6634327266582,21.68854508974066,361730.0,2398950.0,1823.0,2153.0,2641.0,3507.0,4888.0,3996.0,0.14085881412029266,-0.16450268030166626,1.4487109184265137,1.2232232093811035,,unlabeled_background,,0,"Valid Sentinel-2 Phase 4 raster pixel; unlabeled/background, not confirmed non-manganese."
unlabeled_r513_c189,79.66057883507806,21.66268735636691,361410.0,2396090.0,1288.0,1479.0,1521.0,2665.0,3411.0,2538.0,0.2732919156551361,-0.12277814000844955,1.1809005737304688,1.343971610069275,,unlabeled_background,,0,"Valid Sentinel-2 Phase 4 raster pixel; unlabeled/background, not confirmed non-manganese."
unlabeled_r268_c434,79.7075314704,21.70732236886772,366310.0,2400990.0,1179.0,1305.0,1264.0,2902.0,2765.0,1953.0,0.3931829035282135,0.024175047874450684,1.0720950365066528,1.4157706499099731,,unlabeled_background,,0,"Valid Sentinel-2 Phase 4 raster pixel; unlabeled/background, not confirmed non-manganese."
unlabeled_r255_c28,79.62902449932629,21.70904014710846,358190.0,2401250.0,1282.0,1534.0,1580.0,3376.0,3031.0,2111.0,0.3623890280723572,0.05384735390543938,1.2324492931365967,1.4358123540878296,,unlabeled_background,,0,"Valid Sentinel-2 Phase 4 raster pixel; unlabeled/background, not confirmed non-manganese."
unlabeled_r577_c472,79.71537232002997,21.65155780372801,367070.0,2394810.0,1712.0,1954.0,2128.0,3187.0,4104.0,3268.0,0.19924741983413696,-0.12577149271965027,1.2429906129837036,1.2558139562606812,,unlabeled_background,,0,"Valid Sentinel-2 Phase 4 raster pixel; unlabeled/background, not confirmed non-manganese."
unlabeled_r518_c613,79.74252722547776,21.662424975663594,369890.0,2395990.0,1486.0,1695.0,1981.0,3191.0,4155.0,3275.0,0.23395204544067383,-0.13122788071632385,1.3331090211868286,1.2687022686004639,,unlabeled_background,,0,"Valid Sentinel-2 Phase 4 raster pixel; unlabeled/background, not confirmed non-manganese."
unlabeled_r449_c513,79.72309172186588,21.674742563142395,367890.0,2397370.0,1729.0,1983.0,2298.0,2753.0,3631.0,3438.0,0.09008117020130157,-0.1375313252210617,1.3290919065475464,1.0561373233795166,,unlabeled_background,,0,"Valid Sentinel-2 Phase 4 raster pixel; unlabeled/background, not confirmed non-manganese."
unlabeled_r498_c313,79.68451769447802,21.665588732197413,363890.0,2396390.0,1271.0,1457.0,1506.0,2856.0,3073.0,2257.0,0.3094910681247711,-0.03659976273775101,1.1848937273025513,1.3615418672561646,,unlabeled_background,,0,"Valid Sentinel-2 Phase 4 raster pixel; unlabeled/background, not confirmed non-manganese."
unlabeled_r402_c411,79.70330197371047,21.683080333520508,365850.0,2398310.0,1194.0,1384.0,1418.0,2895.0,2955.0,2130.0,0.3424530625343323,-0.010256410576403141,1.1876046657562256,1.3873239755630493,,unlabeled_background,,0,"Valid Sentinel-2 Phase 4 raster pixel; unlabeled/background, not confirmed non-manganese."
unlabeled_r467_c414,79.70398681046248,21.67134248755763,365910.0,2397010.0,1707.0,2026.0,2464.0,3700.0,4725.0,3780.0,0.2005191445350647,-0.1216617226600647,1.4434680938720703,1.25,,unlabeled_background,,0,"Valid Sentinel-2 Phase 4 raster pixel; unlabeled/background, not confirmed non-manganese."
unlabeled_r309_c640,79.74741892948697,21.700221300574846,370430.0,2400170.0,1368.0,1669.0,1664.0,2495.0,1978.0,1631.0,0.19980764389038086,0.11558238416910172,1.2163742780685425,1.2127529382705688,,unlabeled_background,,0,"Valid Sentinel-2 Phase 4 raster pixel; unlabeled/background, not confirmed non-manganese."
unlabeled_r26_c77,79.63810714860374,21.750486168083167,359170.0,2405830.0,1373.0,1618.0,1721.0,3440.0,3462.0,2440.0,0.33307498693466187,-0.0031874817796051502,1.2534595727920532,1.41885244846344,,unlabeled_background,,0,"Valid Sentinel-2 Phase 4 raster pixel; unlabeled/background, not confirmed non-manganese."
unlabeled_r578_c442,79.70957667777219,21.65133220858006,366470.0,2394790.0,1300.0,1530.0,1653.0,3065.0,3740.0,2755.0,0.2992793619632721,-0.09919176995754242,1.271538496017456,1.3575317859649658,,unlabeled_background,,0,"Valid Sentinel-2 Phase 4 raster pixel; unlabeled/background, not confirmed non-manganese."
unlabeled_r49_c42,79.63137865530567,21.746275492284045,358470.0,2405370.0,1345.0,1651.0,1662.0,3496.0,3113.0,2333.0,0.3555641770362854,0.05795127898454666,1.2356877326965332,1.3343334197998047,,unlabeled_background,,0,"Valid Sentinel-2 Phase 4 raster pixel; unlabeled/background, not confirmed non-manganese."
unlabeled_r3_c511,79.72199366606675,21.7553105801918,367850.0,2406290.0,1731.0,2068.0,2517.0,3993.0,4809.0,3576.0,0.22672811150550842,-0.09270620346069336,1.4540728330612183,1.3447986841201782,,unlabeled_background,,0,"Valid Sentinel-2 Phase 4 raster pixel; unlabeled/background, not confirmed non-manganese."
unlabeled_r154_c164,79.65514543834406,21.7275009489648,360910.0,2403270.0,1353.0,1578.0,1725.0,3312.0,3652.0,2594.0,0.31506848335266113,-0.048822514712810516,1.274944543838501,1.4078643321990967,,unlabeled_background,,0,"Valid Sentinel-2 Phase 4 raster pixel; unlabeled/background, not confirmed non-manganese."
unlabeled_r100_c297,79.68077058447619,21.737462811284892,363570.0,2404350.0,1590.0,1817.0,2061.0,3504.0,3910.0,3071.0,0.2592991888523102,-0.054761260747909546,1.2962263822555542,1.2732008695602417,,unlabeled_background,,0,"Valid Sentinel-2 Phase 4 raster pixel; unlabeled/background, not confirmed non-manganese."
unlabeled_r60_c354,79.69172635377019,21.744776254299943,364710.0,2405150.0,1210.0,1414.0,1373.0,3073.0,2909.0,2055.0,0.3823661804199219,0.027415579184889793,1.1347107887268066,1.4155718088150024,,unlabeled_background,,0,"Valid Sentinel-2 Phase 4 raster pixel; unlabeled/background, not confirmed non-manganese."
unlabeled_r176_c623,79.7439241294605,21.724223424845018,370090.0,2402830.0,1715.0,2100.0,2557.0,3888.0,4622.0,3641.0,0.20651668310165405,-0.08625146746635437,1.4909621477127075,1.269431471824646,,unlabeled_background,,0,"Valid Sentinel-2 Phase 4 raster pixel; unlabeled/background, not confirmed non-manganese."
unlabeled_r251_c493,79.71890993605588,21.71048200898544,367490.0,2401330.0,1559.0,1818.0,2113.0,3204.0,3675.0,2835.0,0.20519089698791504,-0.06846925616264343,1.355355978012085,1.296296238899231,,unlabeled_background,,0,"Valid Sentinel-2 Phase 4 raster pixel; unlabeled/background, not confirmed non-manganese."
unlabeled_r421_c130,79.64902213784329,21.679214595557568,360230.0,2397930.0,1260.0,1401.0,1458.0,2794.0,2945.0,2141.0,0.3142050802707672,-0.026311203837394714,1.1571428775787354,1.3755254745483398,,unlabeled_background,,0,"Valid Sentinel-2 Phase 4 raster pixel; unlabeled/background, not confirmed non-manganese."
unlabeled_r352_c53,79.63402262559548,21.691557364495264,358690.0,2399310.0,1239.0,1505.0,1451.0,3349.0,2769.0,1929.0,0.3954166769981384,0.09480222314596176,1.1711057424545288,1.435458779335022,,unlabeled_background,,0,"Valid Sentinel-2 Phase 4 raster pixel; unlabeled/background, not confirmed non-manganese."
unlabeled_r36_c269,79.67525067383208,21.748981082902556,363010.0,2405630.0,1462.0,1676.0,1893.0,3486.0,3806.0,2870.0,0.29615169763565063,-0.043883707374334335,1.2948015928268433,1.3261324167251587,,unlabeled_background,,0,"Valid Sentinel-2 Phase 4 raster pixel; unlabeled/background, not confirmed non-manganese."
unlabeled_r399_c5,79.62482537483267,21.68299032601731,357730.0,2398370.0,1318.0,1542.0,1617.0,3187.0,3142.0,2352.0,0.3268109858036041,0.007110128179192543,1.2268588542938232,1.3358843326568604,,unlabeled_background,,0,"Valid Sentinel-2 Phase 4 raster pixel; unlabeled/background, not confirmed non-manganese."
unlabeled_r377_c65,79.63638460322588,21.687060285632345,358930.0,2398810.0,1271.0,1407.0,1484.0,2698.0,3105.0,2266.0,0.2902917265892029,-0.07013613730669022,1.1675845384597778,1.370255947113037,,unlabeled_background,,0,"Valid Sentinel-2 Phase 4 raster pixel; unlabeled/background, not confirmed non-manganese."
unlabeled_r72_c158,79.65384744775075,21.742304583122777,360790.0,2404910.0,1310.0,1569.0,1708.0,3394.0,3309.0,2416.0,0.3304586410522461,0.01268088910728693,1.303816795349121,1.3696192502975464,,unlabeled_background,,0,"Valid Sentinel-2 Phase 4 raster pixel; unlabeled/background, not confirmed non-manganese."
unlabeled_r233_c536,79.72719413918453,21.713797812828215,368350.0,2401690.0,1211.0,1445.0,1423.0,3030.0,3022.0,2186.0,0.3608803153038025,0.0013218771200627089,1.1750619411468506,1.3824336528778076,,unlabeled_background,,0,"Valid Sentinel-2 Phase 4 raster pixel; unlabeled/background, not confirmed non-manganese."
unlabeled_r345_c406,79.70224332457033,21.69336991793661,365750.0,2399450.0,1281.0,1487.0,1536.0,2913.0,3068.0,2245.0,0.3095077574253082,-0.025915399193763733,1.1990631818771362,1.3665924072265625,,unlabeled_background,,0,"Valid Sentinel-2 Phase 4 raster pixel; unlabeled/background, not confirmed non-manganese."
unlabeled_r155_c423,79.7052223031317,21.727719356327295,366090.0,2403250.0,1470.0,1666.0,1977.0,3049.0,4261.0,3201.0,0.21329088509082794,-0.1658002734184265,1.344897985458374,1.331146478652954,,unlabeled_background,,0,"Valid Sentinel-2 Phase 4 raster pixel; unlabeled/background, not confirmed non-manganese."
unlabeled_r87_c575,79.73450303624679,21.740230901303324,369130.0,2404610.0,1607.0,1923.0,2152.0,4050.0,4090.0,3031.0,0.3060303032398224,-0.004914004821330309,1.3391412496566772,1.349389672279358,,unlabeled_background,,0,"Valid Sentinel-2 Phase 4 raster pixel; unlabeled/background, not confirmed non-manganese."
unlabeled_r134_c500,79.72007615423131,21.7316287675901,367630.0,2403670.0,1703.0,1994.0,2457.0,3808.0,4797.0,3652.0,0.21564245223999023,-0.11493317782878876,1.4427480697631836,1.3135268688201904,,unlabeled_background,,0,"Valid Sentinel-2 Phase 4 raster pixel; unlabeled/background, not confirmed non-manganese."
unlabeled_r489_c434,79.70788757305965,21.667398274628358,366310.0,2396570.0,1673.0,1993.0,2323.0,3477.0,4556.0,3625.0,0.19896551966667175,-0.134320929646492,1.3885235786437988,1.2568275928497314,,unlabeled_background,,0,"Valid Sentinel-2 Phase 4 raster pixel; unlabeled/background, not confirmed non-manganese."
unlabeled_r75_c432,79.70683308920849,21.742185024307695,366270.0,2404850.0,1432.0,1725.0,1817.0,2951.0,3009.0,2361.0,0.2378355711698532,-0.009731543250381947,1.2688547372817993,1.274459958076477,,unlabeled_background,,0,"Valid Sentinel-2 Phase 4 raster pixel; unlabeled/background, not confirmed non-manganese."
unlabeled_r102_c27,79.62856911326453,21.73667729660157,358170.0,2404310.0,1661.0,1942.0,2432.0,4019.0,4325.0,3094.0,0.24600836634635925,-0.036673057824373245,1.464178204536438,1.3978668451309204,,unlabeled_background,,0,"Valid Sentinel-2 Phase 4 raster pixel; unlabeled/background, not confirmed non-manganese."
unlabeled_r397_c142,79.65130107478733,21.683569017416065,360470.0,2398410.0,1217.0,1382.0,1370.0,2687.0,2843.0,2038.0,0.32462412118911743,-0.028209764510393143,1.1257189512252808,1.394995093345642,,unlabeled_background,,0,"Valid Sentinel-2 Phase 4 raster pixel; unlabeled/background, not confirmed non-manganese."
unlabeled_r308_c520,79.72422035938826,21.70022506777195,368030.0,2400190.0,1235.0,1402.0,1429.0,2896.0,3121.0,2284.0,0.3391907513141632,-0.037394050508737564,1.1570850610733032,1.3664623498916626,,unlabeled_background,,0,"Valid Sentinel-2 Phase 4 raster pixel; unlabeled/background, not confirmed non-manganese."
unlabeled_r59_c335,79.68805079138653,21.744927822699605,364330.0,2405170.0,1443.0,1614.0,1874.0,2866.0,4240.0,3277.0,0.20928269624710083,-0.19335772097110748,1.2986832857131958,1.2938663959503174,,unlabeled_background,,0,"Valid Sentinel-2 Phase 4 raster pixel; unlabeled/background, not confirmed non-manganese."
unlabeled_r496_c96,79.64257769643076,21.66561238959592,359550.0,2396430.0,1316.0,1539.0,1638.0,3137.0,3213.0,2358.0,0.31392669677734375,-0.011968503706157207,1.2446808815002441,1.3625954389572144,,unlabeled_background,,0,"Valid Sentinel-2 Phase 4 raster pixel; unlabeled/background, not confirmed non-manganese."
unlabeled_r415_c371,79.6955918075596,21.680671253885674,365050.0,2398050.0,1198.0,1343.0,1289.0,1999.0,1940.0,1611.0,0.21593673527240753,0.014978420920670033,1.0759599208831787,1.2042210102081299,,unlabeled_background,,0,"Valid Sentinel-2 Phase 4 raster pixel; unlabeled/background, not confirmed non-manganese."
unlabeled_r368_c499,79.72025668810412,21.68935461469841,367610.0,2398990.0,1481.0,1720.0,2005.0,2948.0,4125.0,3337.0,0.19038966298103333,-0.16640746593475342,1.353814959526062,1.236140251159668,,unlabeled_background,,0,"Valid Sentinel-2 Phase 4 raster pixel; unlabeled/background, not confirmed non-manganese."
unlabeled_r182_c131,79.64881254166103,21.722390904179914,360250.0,2402710.0,1490.0,1773.0,1983.0,3427.0,3617.0,2688.0,0.26691311597824097,-0.026973310858011246,1.3308725357055664,1.3456101417541504,,unlabeled_background,,0,"Valid Sentinel-2 Phase 4 raster pixel; unlabeled/background, not confirmed non-manganese."
unlabeled_r280_c92,79.64143887681504,21.70462586457324,359470.0,2400750.0,1445.0,1676.0,1851.0,3433.0,3334.0,2502.0,0.2993943989276886,0.014629821293056011,1.2809689044952393,1.3325339555740356,,unlabeled_background,,0,"Valid Sentinel-2 Phase 4 raster pixel; unlabeled/background, not confirmed non-manganese."
unlabeled_r280_c213,79.66482913129279,21.704815926419446,361890.0,2400750.0,1307.0,1500.0,1609.0,2654.0,3472.0,2677.0,0.24513253569602966,-0.13352921605110168,1.2310634851455688,1.2969741821289062,,unlabeled_background,,0,"Valid Sentinel-2 Phase 4 raster pixel; unlabeled/background, not confirmed non-manganese."
unlabeled_r487_c563,79.73281540265421,21.667951786545732,368890.0,2396610.0,1425.0,1629.0,1885.0,2838.0,3830.0,3017.0,0.20177853107452393,-0.14877024292945862,1.3228070735931396,1.2694729566574097,,unlabeled_background,,0,"Valid Sentinel-2 Phase 4 raster pixel; unlabeled/background, not confirmed non-manganese."
unlabeled_r207_c527,79.72541282774279,21.7184814074727,368170.0,2402210.0,1484.0,1710.0,1969.0,3012.0,4299.0,3305.0,0.20939570665359497,-0.17603610455989838,1.3268194198608398,1.3007564544677734,,unlabeled_background,,0,"Valid Sentinel-2 Phase 4 raster pixel; unlabeled/background, not confirmed non-manganese."
unlabeled_r125_c248,79.67133778538891,21.732870835976442,362590.0,2403850.0,1896.0,2171.0,2465.0,3656.0,4593.0,4042.0,0.19457605481147766,-0.11358952522277832,1.3001054525375366,1.1363186836242676,,unlabeled_background,,0,"Valid Sentinel-2 Phase 4 raster pixel; unlabeled/background, not confirmed non-manganese."
unlabeled_r83_c137,79.64980549927085,21.740284398070113,360370.0,2404690.0,1480.0,1872.0,2108.0,3926.0,3624.0,2531.0,0.30129268765449524,0.03999999910593033,1.4243242740631104,1.4318450689315796,,unlabeled_background,,0,"Valid Sentinel-2 Phase 4 raster pixel; unlabeled/background, not confirmed non-manganese."
unlabeled_r595_c509,79.72255089699834,21.648361184165854,367810.0,2394450.0,1237.0,1414.0,1464.0,2883.0,3234.0,2356.0,0.3264320194721222,-0.05738106742501259,1.1835085153579712,1.372665524482727,,unlabeled_background,,0,"Valid Sentinel-2 Phase 4 raster pixel; unlabeled/background, not confirmed non-manganese."
unlabeled_r340_c307,79.6830988333708,21.69412230321087,363770.0,2399550.0,1370.0,1552.0,1703.0,2843.0,3506.0,2662.0,0.2507699131965637,-0.10442589223384857,1.2430657148361206,1.3170548677444458,,unlabeled_background,,0,"Valid Sentinel-2 Phase 4 raster pixel; unlabeled/background, not confirmed non-manganese."
unlabeled_r268_c114,79.6456713485143,21.706828431451754,359910.0,2400990.0,1435.0,1595.0,1852.0,3097.0,4165.0,3000.0,0.25156596302986145,-0.14706692099571228,1.2905923128128052,1.3883333206176758,,unlabeled_background,,0,"Valid Sentinel-2 Phase 4 raster pixel; unlabeled/background, not confirmed non-manganese."
unlabeled_r559_c300,79.68210544239977,21.6545491073269,363630.0,2395170.0,1161.0,1377.0,1354.0,2737.0,2874.0,2067.0,0.3380591571331024,-0.024416325613856316,1.1662360429763794,1.390420913696289,,unlabeled_background,,0,"Valid Sentinel-2 Phase 4 raster pixel; unlabeled/background, not confirmed non-manganese."
unlabeled_r167_c377,79.69634810211194,21.725481782713782,365170.0,2403010.0,1297.0,1492.0,1623.0,3165.0,3554.0,2585.0,0.3220551311969757,-0.05789551883935928,1.2513492107391357,1.3748549222946167,,unlabeled_background,,0,"Valid Sentinel-2 Phase 4 raster pixel; unlabeled/background, not confirmed non-manganese."
unlabeled_r452_c62,79.63593227486339,21.673507000989282,358870.0,2397310.0,1232.0,1369.0,1363.0,2921.0,2820.0,2035.0,0.36367881298065186,0.01759275421500206,1.1063311100006104,1.385749340057373,,unlabeled_background,,0,"Valid Sentinel-2 Phase 4 raster pixel; unlabeled/background, not confirmed non-manganese."
unlabeled_r355_c1,79.62397678092924,21.690932332308382,357650.0,2399250.0,1300.0,1553.0,1603.0,3454.0,3019.0,2210.0,0.366027295589447,0.06720222532749176,1.2330769300460815,1.3660633563995361,,unlabeled_background,,0,"Valid Sentinel-2 Phase 4 raster pixel; unlabeled/background, not confirmed non-manganese."
unlabeled_r16_c275,79.67637777334058,21.75260333385342,363130.0,2406030.0,1252.0,1437.0,1469.0,3112.0,3127.0,2218.0,0.35865530371665955,-0.002404231345281005,1.1733226776123047,1.4098286628723145,,unlabeled_background,,0,"Valid Sentinel-2 Phase 4 raster pixel; unlabeled/background, not confirmed non-manganese."
unlabeled_r130_c207,79.6634189268931,21.73190379824913,361770.0,2403750.0,2106.0,2541.0,3163.0,4348.0,5245.0,4323.0,0.1577686071395874,-0.09350568056106567,1.5018993616104126,1.213277816772461,,unlabeled_background,,0,"Valid Sentinel-2 Phase 4 raster pixel; unlabeled/background, not confirmed non-manganese."
unlabeled_r528_c183,79.65944436032933,21.659968261167602,361290.0,2395790.0,1362.0,1575.0,1702.0,2981.0,3944.0,2963.0,0.27311551570892334,-0.13906137645244598,1.2496328353881836,1.3310834169387817,,unlabeled_background,,0,"Valid Sentinel-2 Phase 4 raster pixel; unlabeled/background, not confirmed non-manganese."
unlabeled_r257_c255,79.67291002663056,21.709036055582224,362730.0,2401210.0,1219.0,1384.0,1392.0,2835.0,2940.0,2185.0,0.3413768708705902,-0.0181818176060915,1.1419196128845215,1.345537781715393,,unlabeled_background,,0,"Valid Sentinel-2 Phase 4 raster pixel; unlabeled/background, not confirmed non-manganese."
unlabeled_r394_c369,79.69517109203416,21.68446188964848,365010.0,2398470.0,1172.0,1353.0,1293.0,2723.0,2718.0,1968.0,0.3560757040977478,0.0009189487318508327,1.10324227809906,1.3810975551605225,,unlabeled_background,,0,"Valid Sentinel-2 Phase 4 raster pixel; unlabeled/background, not confirmed non-manganese."
unlabeled_r411_c590,79.73791404669693,21.681721278224895,369430.0,2398130.0,1668.0,1890.0,2055.0,3266.0,3725.0,3256.0,0.22758880257606506,-0.06565584242343903,1.2320144176483154,1.1440417766571045,,unlabeled_background,,0,"Valid Sentinel-2 Phase 4 raster pixel; unlabeled/background, not confirmed non-manganese."
unlabeled_r445_c54,79.63437424529491,21.67475881298357,358710.0,2397450.0,1270.0,1435.0,1451.0,2568.0,2661.0,2103.0,0.2779298424720764,-0.01778542809188366,1.1425197124481201,1.265335202217102,,unlabeled_background,,0,"Valid Sentinel-2 Phase 4 raster pixel; unlabeled/background, not confirmed non-manganese."
unlabeled_r594_c392,79.69994052976053,21.648366419858405,365470.0,2394470.0,1546.0,1778.0,2021.0,2803.0,3358.0,2887.0,0.16210614144802094,-0.09008277952671051,1.3072445392608643,1.1631451845169067,,unlabeled_background,,0,"Valid Sentinel-2 Phase 4 raster pixel; unlabeled/background, not confirmed non-manganese."
unlabeled_r26_c172,79.65647717587508,21.750636337662304,361070.0,2405830.0,1603.0,1885.0,2292.0,3892.0,4844.0,3639.0,0.2587321996688843,-0.10897435992956161,1.429819107055664,1.3311349153518677,,unlabeled_background,,0,"Valid Sentinel-2 Phase 4 raster pixel; unlabeled/background, not confirmed non-manganese."
unlabeled_r95_c480,79.71614659518401,21.738644244667572,367230.0,2404450.0,1900.0,2297.0,2881.0,4096.0,5158.0,4150.0,0.17414361238479614,-0.11476118117570877,1.5163158178329468,1.242891550064087,,unlabeled_background,,0,"Valid Sentinel-2 Phase 4 raster pixel; unlabeled/background, not confirmed non-manganese."
unlabeled_r180_c268,79.67529576347674,21.722966136901757,362990.0,2402750.0,1562.0,1823.0,2170.0,3255.0,4449.0,3669.0,0.20000000298023224,-0.15498442947864532,1.389244556427002,1.2125920057296753,,unlabeled_background,,0,"Valid Sentinel-2 Phase 4 raster pixel; unlabeled/background, not confirmed non-manganese."
unlabeled_r4_c628,79.74462091360182,21.755303151141035,370190.0,2406270.0,1447.0,1707.0,1846.0,3256.0,3212.0,2490.0,0.27636221051216125,0.006802720949053764,1.2757428884506226,1.2899597883224487,,unlabeled_background,,0,"Valid Sentinel-2 Phase 4 raster pixel; unlabeled/background, not confirmed non-manganese."
unlabeled_r51_c145,79.65129837674962,21.74607770118418,360530.0,2405330.0,1330.0,1560.0,1704.0,3282.0,3547.0,2641.0,0.3164861500263214,-0.038805097341537476,1.281203031539917,1.3430519104003906,,unlabeled_background,,0,"Valid Sentinel-2 Phase 4 raster pixel; unlabeled/background, not confirmed non-manganese."
unlabeled_r222_c256,79.67304536120977,21.715360317078808,362750.0,2401910.0,1495.0,1741.0,1891.0,2867.0,3907.0,3099.0,0.20512820780277252,-0.15352819859981537,1.2648829221725464,1.2607293128967285,,unlabeled_background,,0,"Valid Sentinel-2 Phase 4 raster pixel; unlabeled/background, not confirmed non-manganese."
unlabeled_r134_c266,79.67483293789361,21.731272887446487,362950.0,2403670.0,1779.0,2046.0,2381.0,3656.0,4640.0,3631.0,0.2111976146697998,-0.11861138045787811,1.3383923768997192,1.277884840965271,,unlabeled_background,,0,"Valid Sentinel-2 Phase 4 raster pixel; unlabeled/background, not confirmed non-manganese."
unlabeled_r228_c212,79.6645491409691,21.714208085690746,361870.0,2401790.0,1214.0,1408.0,1410.0,2733.0,3037.0,2273.0,0.3193338215351105,-0.052686307579278946,1.1614497900009155,1.3361196517944336,,unlabeled_background,,0,"Valid Sentinel-2 Phase 4 raster pixel; unlabeled/background, not confirmed non-manganese."
unlabeled_r448_c645,79.74860238543162,21.675117573097694,370530.0,2397390.0,1309.0,1477.0,1639.0,2631.0,3700.0,2706.0,0.23231850564479828,-0.16885168850421906,1.2521008253097534,1.367331862449646,,unlabeled_background,,0,"Valid Sentinel-2 Phase 4 raster pixel; unlabeled/background, not confirmed non-manganese."
unlabeled_r310_c189,79.66023987508248,21.69935904346635,361410.0,2400150.0,1324.0,1496.0,1645.0,2850.0,3565.0,2603.0,0.2680756449699402,-0.11145751923322678,1.2424471378326416,1.3695735931396484,,unlabeled_background,,0,"Valid Sentinel-2 Phase 4 raster pixel; unlabeled/background, not confirmed non-manganese."
unlabeled_r386_c657,79.75082516214457,21.686335669166823,370770.0,2398630.0,1192.0,1337.0,1378.0,2751.0,3031.0,2086.0,0.3325260281562805,-0.048426151275634766,1.1560403108596802,1.4530200958251953,,unlabeled_background,,0,"Valid Sentinel-2 Phase 4 raster pixel; unlabeled/background, not confirmed non-manganese."
unlabeled_r435_c639,79.74742243929232,21.677457339363492,370410.0,2397650.0,1337.0,1439.0,1535.0,1938.0,3351.0,2794.0,0.1160380095243454,-0.26715824007987976,1.1480927467346191,1.1993557214736938,,unlabeled_background,,0,"Valid Sentinel-2 Phase 4 raster pixel; unlabeled/background, not confirmed non-manganese."
unlabeled_r558_c206,79.6639389867427,21.65458460515048,361750.0,2395190.0,1297.0,1514.0,1614.0,3043.0,3390.0,2499.0,0.3068498969078064,-0.05394062027335167,1.2444101572036743,1.3565425872802734,,unlabeled_background,,0,"Valid Sentinel-2 Phase 4 raster pixel; unlabeled/background, not confirmed non-manganese."
unlabeled_r141_c383,79.69746582390457,21.730187819429887,365290.0,2403530.0,1408.0,1611.0,1785.0,3089.0,3878.0,2980.0,0.2675420641899109,-0.11324816942214966,1.2677556276321411,1.301342248916626,,unlabeled_background,,0,"Valid Sentinel-2 Phase 4 raster pixel; unlabeled/background, not confirmed non-manganese."
unlabeled_r231_c503,79.72081120404222,21.714109990102898,367690.0,2401730.0,1201.0,1403.0,1374.0,3252.0,2871.0,2002.0,0.40596628189086914,0.06222439929842949,1.144046664237976,1.4340659379959106,,unlabeled_background,,0,"Valid Sentinel-2 Phase 4 raster pixel; unlabeled/background, not confirmed non-manganese."
unlabeled_r43_c641,79.74719601118336,21.748276725229854,370450.0,2405490.0,1484.0,1804.0,1839.0,2738.0,2034.0,1600.0,0.19641686975955963,0.14752724766731262,1.2392183542251587,1.2712500095367432,,unlabeled_background,,0,"Valid Sentinel-2 Phase 4 raster pixel; unlabeled/background, not confirmed non-manganese."
unlabeled_r265_c344,79.69012822894037,21.707727732057798,364510.0,2401050.0,1360.0,1603.0,1771.0,3211.0,3927.0,2976.0,0.28904053568840027,-0.10030820965766907,1.3022059202194214,1.319556474685669,,unlabeled_background,,0,"Valid Sentinel-2 Phase 4 raster pixel; unlabeled/background, not confirmed non-manganese."
unlabeled_r515_c434,79.70792941358363,21.662701309378363,366310.0,2396050.0,1506.0,1768.0,2060.0,3157.0,4447.0,3385.0,0.2102741003036499,-0.16964755952358246,1.3678618669509888,1.3137370347976685,,unlabeled_background,,0,"Valid Sentinel-2 Phase 4 raster pixel; unlabeled/background, not confirmed non-manganese."
unlabeled_r64_c406,79.70178782258937,21.744132826122428,365750.0,2405070.0,1507.0,1791.0,1868.0,3482.0,3832.0,2898.0,0.3016822338104248,-0.04785343259572983,1.2395488023757935,1.3222912549972534,,unlabeled_background,,0,"Valid Sentinel-2 Phase 4 raster pixel; unlabeled/background, not confirmed non-manganese."
unlabeled_r311_c261,79.67415926755473,21.699290282045286,362850.0,2400130.0,1396.0,1680.0,1689.0,3499.0,2927.0,2386.0,0.3488820493221283,0.08901338279247284,1.2098853588104248,1.2267392873764038,,unlabeled_background,,0,"Valid Sentinel-2 Phase 4 raster pixel; unlabeled/background, not confirmed non-manganese."
unlabeled_r23_c643,79.74755142569492,21.75189272148171,370490.0,2405890.0,1529.0,1759.0,1969.0,2776.0,3277.0,2709.0,0.1700737625360489,-0.08276887238025665,1.2877697944641113,1.2096714973449707,,unlabeled_background,,0,"Valid Sentinel-2 Phase 4 raster pixel; unlabeled/background, not confirmed non-manganese."
unlabeled_r389_c389,79.69902866879403,21.685395509722056,365410.0,2398570.0,1276.0,1494.0,1620.0,2931.0,3400.0,2580.0,0.288068562746048,-0.07407992333173752,1.269592523574829,1.3178294897079468,,unlabeled_background,,0,"Valid Sentinel-2 Phase 4 raster pixel; unlabeled/background, not confirmed non-manganese."
unlabeled_r199_c207,79.66353413693994,21.719439089007253,361770.0,2402370.0,1491.0,1730.0,1864.0,3086.0,3697.0,3139.0,0.24686868488788605,-0.09007813781499863,1.250167727470398,1.17776358127594,,unlabeled_background,,0,"Valid Sentinel-2 Phase 4 raster pixel; unlabeled/background, not confirmed non-manganese."
unlabeled_r445_c507,79.72192571177378,21.675456248843812,367770.0,2397450.0,1701.0,1820.0,2071.0,2356.0,3102.0,3142.0,0.06437768042087555,-0.13668009638786316,1.2175191640853882,0.9872692823410034,,unlabeled_background,,0,"Valid Sentinel-2 Phase 4 raster pixel; unlabeled/background, not confirmed non-manganese."
unlabeled_r572_c152,79.6535274130224,21.65197123819337,360670.0,2394910.0,1351.0,1505.0,1674.0,2537.0,3760.0,2918.0,0.20493943989276886,-0.1942194700241089,1.2390822172164917,1.2885538339614868,,unlabeled_background,,0,"Valid Sentinel-2 Phase 4 raster pixel; unlabeled/background, not confirmed non-manganese."
unlabeled_r131_c640,79.74714048600646,21.732377742033123,370430.0,2403730.0,1386.0,1608.0,1703.0,3466.0,3694.0,2672.0,0.3410717844963074,-0.031843576580286026,1.2287157773971558,1.382485032081604,,unlabeled_background,,0,"Valid Sentinel-2 Phase 4 raster pixel; unlabeled/background, not confirmed non-manganese."
unlabeled_r388_c478,79.71622956190163,21.685710191539933,367190.0,2398590.0,1614.0,1845.0,2227.0,3397.0,4641.0,3682.0,0.20803698897361755,-0.15476486086845398,1.3798017501831055,1.2604563236236572,,unlabeled_background,,0,"Valid Sentinel-2 Phase 4 raster pixel; unlabeled/background, not confirmed non-manganese."
unlabeled_r472_c558,79.73182538088646,21.67065421805448,368790.0,2396910.0,1642.0,1814.0,2042.0,2355.0,3050.0,3128.0,0.07118489593267441,-0.12858463823795319,1.243605375289917,0.9750639200210571,,unlabeled_background,,0,"Valid Sentinel-2 Phase 4 raster pixel; unlabeled/background, not confirmed non-manganese."
unlabeled_r53_c623,79.74373100541683,21.74644380672768,370090.0,2405290.0,1289.0,1614.0,1341.0,5700.0,3279.0,2269.0,0.6190881729125977,0.2696291208267212,1.0403413772583008,1.4451299905776978,,unlabeled_background,,0,"Valid Sentinel-2 Phase 4 raster pixel; unlabeled/background, not confirmed non-manganese."
unlabeled_r337_c319,79.6854134687469,21.69468265903483,364010.0,2399610.0,1363.0,1526.0,1708.0,2793.0,3773.0,2887.0,0.24105754494667053,-0.1492537260055542,1.2531181573867798,1.306892991065979,,unlabeled_background,,0,"Valid Sentinel-2 Phase 4 raster pixel; unlabeled/background, not confirmed non-manganese."
unlabeled_r250_c518,79.7237413655059,21.710699952154076,367990.0,2401350.0,1374.0,1598.0,1650.0,3194.0,2958.0,2225.0,0.31874483823776245,0.03836150839924812,1.2008733749389648,1.3294382095336914,,unlabeled_background,,0,"Valid Sentinel-2 Phase 4 raster pixel; unlabeled/background, not confirmed non-manganese."
unlabeled_r563_c476,79.71612291540231,21.65409292780229,367150.0,2395090.0,1527.0,1751.0,2041.0,3211.0,4416.0,3408.0,0.2227722704410553,-0.15799134969711304,1.3366076946258545,1.2957746982574463,,unlabeled_background,,0,"Valid Sentinel-2 Phase 4 raster pixel; unlabeled/background, not confirmed non-manganese."
unlabeled_r27_c101,79.64274968031422,21.750343652178262,359650.0,2405810.0,1358.0,1627.0,1687.0,3431.0,3158.0,2205.0,0.3407581150531769,0.041432689875364304,1.2422680854797363,1.4321995973587036,,unlabeled_background,,0,"Valid Sentinel-2 Phase 4 raster pixel; unlabeled/background, not confirmed non-manganese."
unlabeled_r214_c577,79.73509049980039,21.717290921340258,369170.0,2402070.0,1849.0,2202.0,2753.0,4091.0,5304.0,4158.0,0.1954997032880783,-0.12911123037338257,1.4889129400253296,1.2756133079528809,,unlabeled_background,,0,"Valid Sentinel-2 Phase 4 raster pixel; unlabeled/background, not confirmed non-manganese."
unlabeled_r260_c538,79.72762367911272,21.708923154092183,368390.0,2401150.0,1263.0,1407.0,1484.0,2235.0,2742.0,2145.0,0.2019360065460205,-0.10186859220266342,1.1749801635742188,1.278321623802185,,unlabeled_background,,0,"Valid Sentinel-2 Phase 4 raster pixel; unlabeled/background, not confirmed non-manganese."
unlabeled_r304_c613,79.74219174182468,21.701085054884373,369890.0,2400270.0,1660.0,1915.0,2244.0,3405.0,4224.0,3601.0,0.20552310347557068,-0.10735351592302322,1.3518072366714478,1.1730074882507324,,unlabeled_background,,0,"Valid Sentinel-2 Phase 4 raster pixel; unlabeled/background, not confirmed non-manganese."
unlabeled_r389_c216,79.66559049838165,21.685129880002258,361950.0,2398570.0,1275.0,1412.0,1510.0,2780.0,3123.0,2263.0,0.2960372865200043,-0.05810604616999626,1.1843137741088867,1.3800264596939087,,unlabeled_background,,0,"Valid Sentinel-2 Phase 4 raster pixel; unlabeled/background, not confirmed non-manganese."
unlabeled_r549_c385,79.69851498133204,21.656485172325166,365330.0,2395370.0,1322.0,1510.0,1600.0,2955.0,3384.0,2511.0,0.29747530817985535,-0.06767629086971283,1.2102874517440796,1.3476701974868774,,unlabeled_background,,0,"Valid Sentinel-2 Phase 4 raster pixel; unlabeled/background, not confirmed non-manganese."
unlabeled_r502_c320,79.68587704892073,21.66487684379424,364030.0,2396310.0,1474.0,1770.0,2009.0,3678.0,3801.0,2857.0,0.2934763431549072,-0.016446048393845558,1.3629579544067383,1.3304165601730347,,unlabeled_background,,0,"Valid Sentinel-2 Phase 4 raster pixel; unlabeled/background, not confirmed non-manganese."
unlabeled_r459_c562,79.73257792735404,21.673008626868107,368870.0,2397170.0,1244.0,1417.0,1458.0,2796.0,2878.0,2262.0,0.3145275115966797,-0.014451885595917702,1.1720256805419922,1.2723253965377808,,unlabeled_background,,0,"Valid Sentinel-2 Phase 4 raster pixel; unlabeled/background, not confirmed non-manganese."
unlabeled_r533_c288,79.67974379029997,21.659227604885206,363390.0,2395690.0,1398.0,1591.0,1761.0,3082.0,3755.0,2855.0,0.27276480197906494,-0.09843498468399048,1.2596566677093506,1.3152364492416382,,unlabeled_background,,0,"Valid Sentinel-2 Phase 4 raster pixel; unlabeled/background, not confirmed non-manganese."
unlabeled_r13_c173,79.65664869956466,21.752986317060284,361090.0,2406090.0,1550.0,1803.0,2068.0,3381.0,4091.0,3325.0,0.24096164107322693,-0.09502141177654266,1.3341935873031616,1.23037588596344,,unlabeled_background,,0,"Valid Sentinel-2 Phase 4 raster pixel; unlabeled/background, not confirmed non-manganese."
unlabeled_r81_c272,79.67590529350201,21.740856545411358,363070.0,2404730.0,1703.0,1946.0,2346.0,3587.0,4569.0,3516.0,0.20916905999183655,-0.12040215730667114,1.3775689601898193,1.2994880676269531,,unlabeled_background,,0,"Valid Sentinel-2 Phase 4 raster pixel; unlabeled/background, not confirmed non-manganese."
unlabeled_r550_c87,79.64092978951366,21.655843182039696,359370.0,2395350.0,1279.0,1463.0,1546.0,2681.0,3433.0,2529.0,0.26851195096969604,-0.12299640476703644,1.2087568044662476,1.3574535846710205,,unlabeled_background,,0,"Valid Sentinel-2 Phase 4 raster pixel; unlabeled/background, not confirmed non-manganese."
unlabeled_r5_c188,79.65953587599792,21.754455017609832,361390.0,2406250.0,1900.0,2250.0,2781.0,4116.0,5187.0,4082.0,0.19356241822242737,-0.11512415111064911,1.4636842012405396,1.2707006931304932,,unlabeled_background,,0,"Valid Sentinel-2 Phase 4 raster pixel; unlabeled/background, not confirmed non-manganese."
unlabeled_r536_c161,79.6552062879249,21.65848868892622,360850.0,2395630.0,1257.0,1449.0,1429.0,2736.0,3088.0,2262.0,0.3138055205345154,-0.06043956056237221,1.1368337869644165,1.3651635646820068,,unlabeled_background,,0,"Valid Sentinel-2 Phase 4 raster pixel; unlabeled/background, not confirmed non-manganese."
unlabeled_r395_c403,79.7017443815789,21.684332801314852,365690.0,2398450.0,1278.0,1489.0,1547.0,3068.0,3095.0,2225.0,0.3295774757862091,-0.004380983300507069,1.2104851007461548,1.3910112380981445,,unlabeled_background,,0,"Valid Sentinel-2 Phase 4 raster pixel; unlabeled/background, not confirmed non-manganese."
unlabeled_r301_c528,79.72575568978863,21.701501532164038,368190.0,2400330.0,1155.0,1309.0,1331.0,2593.0,2990.0,2158.0,0.32161059975624084,-0.07110872119665146,1.1523809432983398,1.3855421543121338,,unlabeled_background,,0,"Valid Sentinel-2 Phase 4 raster pixel; unlabeled/background, not confirmed non-manganese."
unlabeled_r346_c334,79.68832765050485,21.693079766165656,364310.0,2399430.0,1192.0,1343.0,1357.0,2682.0,2775.0,2041.0,0.32805150747299194,-0.017042331397533417,1.1384228467941284,1.359627604484558,,unlabeled_background,,0,"Valid Sentinel-2 Phase 4 raster pixel; unlabeled/background, not confirmed non-manganese."
unlabeled_r487_c158,79.65454445081514,21.6673357770499,360790.0,2396610.0,1695.0,2035.0,2401.0,3585.0,4506.0,3615.0,0.1977948546409607,-0.11383017897605896,1.4165191650390625,1.2464730739593506,,unlabeled_background,,0,"Valid Sentinel-2 Phase 4 raster pixel; unlabeled/background, not confirmed non-manganese."
unlabeled_r519_c221,79.66677288306137,21.66165323836706,362050.0,2395970.0,1800.0,2086.0,2484.0,3684.0,4699.0,3742.0,0.19455252587795258,-0.12107837200164795,1.3799999952316284,1.2557456493377686,,unlabeled_background,,0,"Valid Sentinel-2 Phase 4 raster pixel; unlabeled/background, not confirmed non-manganese."
unlabeled_r321_c171,79.65677888795864,21.697343760410764,361050.0,2399930.0,1438.0,1744.0,1933.0,3314.0,3877.0,2958.0,0.26319801807403564,-0.07829231023788452,1.3442281484603882,1.3106828927993774,,unlabeled_background,,0,"Valid Sentinel-2 Phase 4 raster pixel; unlabeled/background, not confirmed non-manganese."
unlabeled_r311_c432,79.70721421115637,21.69955133364978,366270.0,2400130.0,1320.0,1493.0,1505.0,2568.0,2947.0,2355.0,0.26098698377609253,-0.06872166693210602,1.1401515007019043,1.2513800859451294,,unlabeled_background,,0,"Valid Sentinel-2 Phase 4 raster pixel; unlabeled/background, not confirmed non-manganese."
unlabeled_r42_c392,79.6990449301273,21.748085873529075,365470.0,2405510.0,1710.0,2002.0,2452.0,3783.0,4442.0,3429.0,0.21347233653068542,-0.08012158423662186,1.4339181184768677,1.2954213619232178,,unlabeled_background,,0,"Valid Sentinel-2 Phase 4 raster pixel; unlabeled/background, not confirmed non-manganese."
unlabeled_r177_c179,79.65808407596798,21.72336957925508,361210.0,2402810.0,1481.0,1792.0,2212.0,3395.0,4218.0,3234.0,0.21098627150058746,-0.10810455679893494,1.493585467338562,1.304267168045044,,unlabeled_background,,0,"Valid Sentinel-2 Phase 4 raster pixel; unlabeled/background, not confirmed non-manganese."
unlabeled_r95_c293,79.67998891878088,21.738359891067883,363490.0,2404450.0,1660.0,1990.0,2322.0,3986.0,4079.0,3179.0,0.2637920081615448,-0.01153130829334259,1.3987951278686523,1.283107876777649,,unlabeled_background,,0,"Valid Sentinel-2 Phase 4 raster pixel; unlabeled/background, not confirmed non-manganese."
unlabeled_r184_c638,79.7468367687617,21.722800159801295,370390.0,2402670.0,1573.0,1860.0,2162.0,3400.0,3971.0,3209.0,0.22258180379867554,-0.07746574282646179,1.374443769454956,1.2374571561813354,,unlabeled_background,,0,"Valid Sentinel-2 Phase 4 raster pixel; unlabeled/background, not confirmed non-manganese."
unlabeled_r85_c158,79.65386932731184,21.73995617329912,360790.0,2404650.0,1301.0,1547.0,1596.0,3059.0,3396.0,2402.0,0.3142857253551483,-0.052207592874765396,1.2267487049102783,1.413821816444397,,unlabeled_background,,0,"Valid Sentinel-2 Phase 4 raster pixel; unlabeled/background, not confirmed non-manganese."
unlabeled_r219_c49,79.63302261332204,21.715576935190956,358610.0,2401970.0,1248.0,1431.0,1468.0,2739.0,3128.0,2289.0,0.3021155297756195,-0.06630305200815201,1.1762820482254028,1.3665356636047363,,unlabeled_background,,0,"Valid Sentinel-2 Phase 4 raster pixel; unlabeled/background, not confirmed non-manganese."
unlabeled_r258_c295,79.68064429594403,21.708917145387026,363530.0,2401190.0,1166.0,1377.0,1348.0,2979.0,2893.0,2075.0,0.37693551182746887,0.014645776711404324,1.156089186668396,1.3942168951034546,,unlabeled_background,,0,"Valid Sentinel-2 Phase 4 raster pixel; unlabeled/background, not confirmed non-manganese."
unlabeled_r19_c500,79.71989210204755,21.752403712293898,367630.0,2405970.0,1352.0,1642.0,1454.0,4933.0,2985.0,2048.0,0.5447001457214355,0.24602171778678894,1.0754437446594238,1.45751953125,,unlabeled_background,,0,"Valid Sentinel-2 Phase 4 raster pixel; unlabeled/background, not confirmed non-manganese."
unlabeled_r426_c579,79.73581156263704,21.678995277737727,369210.0,2397830.0,1456.0,1698.0,1813.0,3500.0,3755.0,2997.0,0.3175230622291565,-0.035148173570632935,1.245192289352417,1.2529195547103882,,unlabeled_background,,0,"Valid Sentinel-2 Phase 4 raster pixel; unlabeled/background, not confirmed non-manganese."
unlabeled_r221_c437,79.70803561328913,21.715817511288883,366370.0,2401930.0,1560.0,1860.0,2168.0,3528.0,4065.0,3146.0,0.23876404762268066,-0.0707230344414711,1.3897435665130615,1.2921169996261597,,unlabeled_background,,0,"Valid Sentinel-2 Phase 4 raster pixel; unlabeled/background, not confirmed non-manganese."
unlabeled_r370_c526,79.72547877297501,21.68903349636541,368150.0,2398950.0,1223.0,1428.0,1497.0,2700.0,3101.0,2364.0,0.28663331270217896,-0.06912600994110107,1.2240391969680786,1.3117597103118896,,unlabeled_background,,0,"Valid Sentinel-2 Phase 4 raster pixel; unlabeled/background, not confirmed non-manganese."
unlabeled_r267_c653,79.7498664276337,21.707827762232828,370690.0,2401010.0,1838.0,2213.0,2680.0,3979.0,5537.0,4322.0,0.19507433474063873,-0.16372425854206085,1.4581066370010376,1.2811198234558105,,unlabeled_background,,0,"Valid Sentinel-2 Phase 4 raster pixel; unlabeled/background, not confirmed non-manganese."
unlabeled_r522_c218,79.66619811117283,21.661106632894,361990.0,2395910.0,1527.0,1686.0,1830.0,2198.0,3056.0,2557.0,0.09136047959327698,-0.1633041501045227,1.1984282732009888,1.19515061378479,,unlabeled_background,,0,"Valid Sentinel-2 Phase 4 raster pixel; unlabeled/background, not confirmed non-manganese."
unlabeled_r151_c508,79.72165010335188,21.72856963085204,367790.0,2403330.0,1899.0,2307.0,2947.0,4327.0,5599.0,4521.0,0.18971680104732513,-0.12814830243587494,1.5518693923950195,1.2384427785873413,,unlabeled_background,,0,"Valid Sentinel-2 Phase 4 raster pixel; unlabeled/background, not confirmed non-manganese."
unlabeled_r436_c291,79.68016407556883,21.67675530725092,363450.0,2397630.0,1291.0,1502.0,1624.0,2853.0,3504.0,2642.0,0.27451419830322266,-0.10240679234266281,1.2579395771026611,1.326267957687378,,unlabeled_background,,0,"Valid Sentinel-2 Phase 4 raster pixel; unlabeled/background, not confirmed non-manganese."
unlabeled_r250_c334,79.68817051959766,21.71042219452542,364310.0,2401350.0,1192.0,1411.0,1428.0,2947.0,3097.0,2183.0,0.3472000062465668,-0.024818001314997673,1.1979866027832031,1.4186898469924927,,unlabeled_background,,0,"Valid Sentinel-2 Phase 4 raster pixel; unlabeled/background, not confirmed non-manganese."
unlabeled_r252_c97,79.64235796606634,21.709691893859347,359570.0,2401310.0,1851.0,2169.0,2603.0,3339.0,4705.0,3897.0,0.12386401742696762,-0.1698160171508789,1.4062669277191162,1.2073389291763306,,unlabeled_background,,0,"Valid Sentinel-2 Phase 4 raster pixel; unlabeled/background, not confirmed non-manganese."
unlabeled_r309_c353,79.69193988800184,21.69979285062344,364690.0,2400170.0,1176.0,1359.0,1335.0,2775.0,2790.0,2056.0,0.35036495327949524,-0.002695417730137706,1.1352040767669678,1.357003927230835,,unlabeled_background,,0,"Valid Sentinel-2 Phase 4 raster pixel; unlabeled/background, not confirmed non-manganese."
unlabeled_r590_c390,79.69954758366937,21.649086003581193,365430.0,2394550.0,1550.0,1746.0,2064.0,3134.0,4129.0,3164.0,0.20584839582443237,-0.13699573278427124,1.3316129446029663,1.3049936294555664,,unlabeled_background,,0,"Valid Sentinel-2 Phase 4 raster pixel; unlabeled/background, not confirmed non-manganese."
unlabeled_r308_c593,79.73833184396128,21.700333060680794,369490.0,2400190.0,1494.0,1748.0,2063.0,3280.0,4463.0,3445.0,0.22777466475963593,-0.15278315544128418,1.3808567523956299,1.2955007553100586,,unlabeled_background,,0,"Valid Sentinel-2 Phase 4 raster pixel; unlabeled/background, not confirmed non-manganese."
unlabeled_r39_c198,79.66152655423839,21.748328666654082,361590.0,2405570.0,2011.0,2331.0,2838.0,4165.0,5460.0,4330.0,0.1894902139902115,-0.1345454603433609,1.411238193511963,1.2609699964523315,,unlabeled_background,,0,"Valid Sentinel-2 Phase 4 raster pixel; unlabeled/background, not confirmed non-manganese."
unlabeled_r165_c73,79.63757043249107,21.72537004115294,359090.0,2403050.0,1203.0,1398.0,1367.0,3044.0,2711.0,1972.0,0.38018590211868286,0.05786272883415222,1.1363258361816406,1.3747464418411255,,unlabeled_background,,0,"Valid Sentinel-2 Phase 4 raster pixel; unlabeled/background, not confirmed non-manganese."
unlabeled_r100_c617,79.74264467452672,21.737944291894014,369970.0,2404350.0,1741.0,2066.0,2520.0,3736.0,4596.0,3651.0,0.19437339901924133,-0.1032165139913559,1.447443962097168,1.2588331699371338,,unlabeled_background,,0,"Valid Sentinel-2 Phase 4 raster pixel; unlabeled/background, not confirmed non-manganese."
unlabeled_r78_c387,79.69813669227203,21.741574867690236,365370.0,2404790.0,1418.0,1728.0,1753.0,3662.0,3525.0,2576.0,0.3525392413139343,0.019062194973230362,1.236248254776001,1.3684005737304688,,unlabeled_background,,0,"Valid Sentinel-2 Phase 4 raster pixel; unlabeled/background, not confirmed non-manganese."
unlabeled_r595_c492,79.71926585083595,21.64833588725184,367470.0,2394450.0,1337.0,1543.0,1625.0,2937.0,3496.0,2586.0,0.28759315609931946,-0.08689569681882858,1.2154076099395752,1.3518948554992676,,unlabeled_background,,0,"Valid Sentinel-2 Phase 4 raster pixel; unlabeled/background, not confirmed non-manganese."
unlabeled_r111_c524,79.7246798766916,21.735819570359304,368110.0,2404130.0,1419.0,1629.0,1661.0,2269.0,1781.0,1538.0,0.15470737218856812,0.1204938292503357,1.170542597770691,1.1579973697662354,,unlabeled_background,,0,"Valid Sentinel-2 Phase 4 raster pixel; unlabeled/background, not confirmed non-manganese."
unlabeled_r444_c229,79.66819447745662,21.675214363469216,362210.0,2397470.0,1309.0,1520.0,1606.0,2995.0,3417.0,2508.0,0.30189087986946106,-0.06581410020589828,1.2268908023834229,1.3624402284622192,,unlabeled_background,,0,"Valid Sentinel-2 Phase 4 raster pixel; unlabeled/background, not confirmed non-manganese."
unlabeled_r127_c85,79.63982586414146,21.73225366194256,359330.0,2403810.0,1266.0,1498.0,1438.0,3745.0,2956.0,2002.0,0.4451090097427368,0.11774361878633499,1.1358609199523926,1.476523518562317,,unlabeled_background,,0,"Valid Sentinel-2 Phase 4 raster pixel; unlabeled/background, not confirmed non-manganese."
unlabeled_r168_c508,79.72167725474,21.725498544498056,367790.0,2402990.0,1281.0,1486.0,1537.0,3255.0,3339.0,2429.0,0.3585141897201538,-0.012738853693008423,1.1998438835144043,1.3746397495269775,,unlabeled_background,,0,"Valid Sentinel-2 Phase 4 raster pixel; unlabeled/background, not confirmed non-manganese."
unlabeled_r515_c410,79.7032912712572,21.662665146308054,365830.0,2396050.0,1445.0,1648.0,1932.0,2846.0,4541.0,3528.0,0.19129343330860138,-0.22945715487003326,1.337024211883545,1.2871315479278564,,unlabeled_background,,0,"Valid Sentinel-2 Phase 4 raster pixel; unlabeled/background, not confirmed non-manganese."
unlabeled_r482_c350,79.69164218396119,21.668535665973703,364630.0,2396710.0,1236.0,1465.0,1512.0,2893.0,3505.0,2473.0,0.3135073781013489,-0.09565488994121552,1.2233009338378906,1.417306900024414,,unlabeled_background,,0,"Valid Sentinel-2 Phase 4 raster pixel; unlabeled/background, not confirmed non-manganese."
unlabeled_r491_c622,79.74422432382224,21.66731582784607,370070.0,2396530.0,1390.0,1545.0,1720.0,2772.0,3780.0,2881.0,0.23419412970542908,-0.1538461595773697,1.237410068511963,1.312044382095337,,unlabeled_background,,0,"Valid Sentinel-2 Phase 4 raster pixel; unlabeled/background, not confirmed non-manganese."
unlabeled_r345_c657,79.75076129133387,21.693742523361497,370770.0,2399450.0,1691.0,1956.0,2383.0,3542.0,4807.0,3841.0,0.19561181962490082,-0.1515151560306549,1.409225344657898,1.2514970302581787,,unlabeled_background,,0,"Valid Sentinel-2 Phase 4 raster pixel; unlabeled/background, not confirmed non-manganese."
unlabeled_r38_c47,79.63232664870145,21.74827058135309,358570.0,2405590.0,1231.0,1383.0,1366.0,3127.0,2820.0,2049.0,0.3919430077075958,0.0516226664185524,1.1096669435501099,1.3762811422348022,,unlabeled_background,,0,"Valid Sentinel-2 Phase 4 raster pixel; unlabeled/background, not confirmed non-manganese."
unlabeled_r51_c523,79.72439083237543,21.74665720238499,368090.0,2405330.0,1476.0,1746.0,1929.0,3041.0,3160.0,2511.0,0.22374245524406433,-0.019190452992916107,1.306910514831543,1.2584627866744995,,unlabeled_background,,0,"Valid Sentinel-2 Phase 4 raster pixel; unlabeled/background, not confirmed non-manganese."
unlabeled_r140_c155,79.65338183673734,21.73001587007293,360730.0,2403550.0,1338.0,1601.0,1673.0,3270.0,3247.0,2382.0,0.32308316230773926,0.003529231296852231,1.2503737211227417,1.3631402254104614,,unlabeled_background,,0,"Valid Sentinel-2 Phase 4 raster pixel; unlabeled/background, not confirmed non-manganese."
unlabeled_r510_c195,79.66173335023855,21.663238655147563,361530.0,2396150.0,1281.0,1444.0,1502.0,2630.0,3393.0,2552.0,0.2729912996292114,-0.12668105959892273,1.1725214719772339,1.329545497894287,,unlabeled_background,,0,"Valid Sentinel-2 Phase 4 raster pixel; unlabeled/background, not confirmed non-manganese."
unlabeled_r480_c461,79.71309123614283,21.669064688231323,366850.0,2396750.0,1171.0,1323.0,1305.0,2749.0,2815.0,2006.0,0.3561914265155792,-0.011861969716846943,1.1144320964813232,1.4032901525497437,,unlabeled_background,,0,"Valid Sentinel-2 Phase 4 raster pixel; unlabeled/background, not confirmed non-manganese."
unlabeled_r436_c348,79.69118064799142,21.67684257121351,364590.0,2397630.0,1781.0,2081.0,2477.0,3789.0,4632.0,3639.0,0.2093839794397354,-0.1001068726181984,1.390791654586792,1.2728772163391113,,unlabeled_background,,0,"Valid Sentinel-2 Phase 4 raster pixel; unlabeled/background, not confirmed non-manganese."
unlabeled_r375_c540,79.72819279997697,21.6881510024812,368430.0,2398850.0,1067.0,1144.0,1126.0,1002.0,1110.0,1089.0,-0.05827067792415619,-0.05113636329770088,1.0552952289581299,1.0192837715148926,,unlabeled_background,,0,"Valid Sentinel-2 Phase 4 raster pixel; unlabeled/background, not confirmed non-manganese."
unlabeled_r105_c457,79.71171546699713,21.736803184366554,366770.0,2404250.0,1580.0,1872.0,2215.0,3672.0,4463.0,3361.0,0.24749447405338287,-0.09723417460918427,1.401898741722107,1.3278785943984985,,unlabeled_background,,0,"Valid Sentinel-2 Phase 4 raster pixel; unlabeled/background, not confirmed non-manganese."
unlabeled_r568_c178,79.65854491789592,21.6527344926238,361190.0,2394990.0,1146.0,1360.0,1334.0,3060.0,2993.0,2119.0,0.39280837774276733,0.011068891733884811,1.1640489101409912,1.4124586582183838,,unlabeled_background,,0,"Valid Sentinel-2 Phase 4 raster pixel; unlabeled/background, not confirmed non-manganese."
unlabeled_r520_c370,79.69556917752999,21.661701328311082,365030.0,2395950.0,1668.0,2037.0,2487.0,3724.0,4923.0,3924.0,0.1991627812385559,-0.13866080343723297,1.4910072088241577,1.254587173461914,,unlabeled_background,,0,"Valid Sentinel-2 Phase 4 raster pixel; unlabeled/background, not confirmed non-manganese."
unlabeled_r267_c353,79.6918713284372,21.70738017248072,364690.0,2401010.0,1241.0,1418.0,1485.0,2824.0,3424.0,2502.0,0.3107449412345886,-0.09603072702884674,1.1966155767440796,1.3685052394866943,,unlabeled_background,,0,"Valid Sentinel-2 Phase 4 raster pixel; unlabeled/background, not confirmed non-manganese."
unlabeled_r123_c244,79.67056107477818,21.73322592505468,362510.0,2403890.0,1487.0,1783.0,1840.0,3970.0,3946.0,2990.0,0.3666093051433563,0.0030318342614918947,1.2373907566070557,1.319732427597046,,unlabeled_background,,0,"Valid Sentinel-2 Phase 4 raster pixel; unlabeled/background, not confirmed non-manganese."
unlabeled_r119_c270,79.67558149097562,21.733988805149764,363030.0,2403970.0,1805.0,2100.0,2439.0,3501.0,4317.0,3650.0,0.17878787219524384,-0.10437452048063278,1.3512465953826904,1.1827397346496582,,unlabeled_background,,0,"Valid Sentinel-2 Phase 4 raster pixel; unlabeled/background, not confirmed non-manganese."
unlabeled_r65_c34,79.62985917644261,21.74337237244969,358310.0,2405050.0,1348.0,1608.0,1628.0,3450.0,3118.0,2248.0,0.3588026762008667,0.050548113882541656,1.2077151536941528,1.3870106935501099,,unlabeled_background,,0,"Valid Sentinel-2 Phase 4 raster pixel; unlabeled/background, not confirmed non-manganese."
unlabeled_r82_c530,79.72579381366357,21.741067415739085,368230.0,2404710.0,1145.0,1205.0,1153.0,1049.0,1108.0,1099.0,-0.047229792922735214,-0.02735280431807041,1.0069868564605713,1.00818932056427,,unlabeled_background,,0,"Valid Sentinel-2 Phase 4 raster pixel; unlabeled/background, not confirmed non-manganese."
unlabeled_r388_c4,79.62461323752018,21.684975829148804,357710.0,2398590.0,1257.0,1448.0,1504.0,3045.0,3003.0,2147.0,0.3387557566165924,0.0069444444961845875,1.1964995861053467,1.3986958265304565,,unlabeled_background,,0,"Valid Sentinel-2 Phase 4 raster pixel; unlabeled/background, not confirmed non-manganese."
unlabeled_r91_c210,79.66393383497739,21.738953742650615,361830.0,2404530.0,1296.0,1553.0,1522.0,2001.0,1416.0,1310.0,0.13596366345882416,0.17120280861854553,1.1743826866149902,1.0809160470962524,,unlabeled_background,,0,"Valid Sentinel-2 Phase 4 raster pixel; unlabeled/background, not confirmed non-manganese."
unlabeled_r111_c385,79.6978036927432,21.735610369779252,365330.0,2404130.0,1429.0,1581.0,1763.0,3005.0,3914.0,2883.0,0.26048657298088074,-0.13137736916542053,1.2337298393249512,1.3576135635375977,,unlabeled_background,,0,"Valid Sentinel-2 Phase 4 raster pixel; unlabeled/background, not confirmed non-manganese."
unlabeled_r508_c377,79.6969024818002,21.66387977294813,365170.0,2396190.0,1352.0,1554.0,1694.0,2993.0,4015.0,3023.0,0.2771495580673218,-0.1458333283662796,1.2529585361480713,1.3281508684158325,,unlabeled_background,,0,"Valid Sentinel-2 Phase 4 raster pixel; unlabeled/background, not confirmed non-manganese."
unlabeled_r104_c531,79.72602221496602,21.737094556011165,368250.0,2404270.0,1441.0,1739.0,1772.0,3840.0,3518.0,2613.0,0.3684960901737213,0.04376189038157463,1.2297016382217407,1.3463451862335205,,unlabeled_background,,0,"Valid Sentinel-2 Phase 4 raster pixel; unlabeled/background, not confirmed non-manganese."
unlabeled_r337_c508,79.72194691023887,21.69496826948104,367790.0,2399610.0,1251.0,1403.0,1427.0,2802.0,3114.0,2266.0,0.3251359760761261,-0.052738334983587265,1.1406874656677246,1.37422776222229,,unlabeled_background,,0,"Valid Sentinel-2 Phase 4 raster pixel; unlabeled/background, not confirmed non-manganese."
unlabeled_r194_c441,79.70876538369905,21.72070112756779,366450.0,2402470.0,1545.0,1786.0,2144.0,3148.0,4457.0,3484.0,0.18972033262252808,-0.17212359607219696,1.387702226638794,1.279276728630066,,unlabeled_background,,0,"Valid Sentinel-2 Phase 4 raster pixel; unlabeled/background, not confirmed non-manganese."
unlabeled_r45_c571,79.73366308397009,21.747812396648666,369050.0,2405450.0,1607.0,1921.0,2089.0,3823.0,3768.0,2842.0,0.2933017611503601,0.007245422340929508,1.2999377250671387,1.32582688331604,,unlabeled_background,,0,"Valid Sentinel-2 Phase 4 raster pixel; unlabeled/background, not confirmed non-manganese."
unlabeled_r582_c99,79.6433027300062,21.65008140788747,359610.0,2394710.0,1246.0,1372.0,1377.0,3087.0,2746.0,1955.0,0.38306450843811035,0.05846048519015312,1.1051363945007324,1.4046036005020142,,unlabeled_background,,0,"Valid Sentinel-2 Phase 4 raster pixel; unlabeled/background, not confirmed non-manganese."
unlabeled_r219_c487,79.71769878173784,21.716253907331854,367370.0,2401970.0,1339.0,1531.0,1577.0,3101.0,3121.0,2369.0,0.3257802426815033,-0.0032144004944711924,1.1777446269989014,1.317433476448059,,unlabeled_background,,0,"Valid Sentinel-2 Phase 4 raster pixel; unlabeled/background, not confirmed non-manganese."
unlabeled_r180_c343,79.68979586290227,21.723081463926253,364490.0,2402750.0,1800.0,2104.0,2594.0,3727.0,5074.0,4139.0,0.1792437881231308,-0.15305079519748688,1.4411110877990723,1.2258999347686768,,unlabeled_background,,0,"Valid Sentinel-2 Phase 4 raster pixel; unlabeled/background, not confirmed non-manganese."
unlabeled_r95_c622,79.74360361752207,21.73885489879764,370070.0,2404450.0,1227.0,1426.0,1378.0,3345.0,2332.0,1760.0,0.41647258400917053,0.17843931913375854,1.123064398765564,1.3250000476837158,,unlabeled_background,,0,"Valid Sentinel-2 Phase 4 raster pixel; unlabeled/background, not confirmed non-manganese."
unlabeled_r289_c319,79.68533474205242,21.703353866046058,364010.0,2400570.0,1392.0,1630.0,1691.0,2729.0,2279.0,1839.0,0.23484162986278534,0.08985622972249985,1.2147988080978394,1.2392604351043701,,unlabeled_background,,0,"Valid Sentinel-2 Phase 4 raster pixel; unlabeled/background, not confirmed non-manganese."
unlabeled_r487_c445,79.71001024663838,21.66777611523562,366530.0,2396610.0,1704.0,1934.0,2343.0,3421.0,4300.0,3564.0,0.18702289462089539,-0.1138453558087349,1.375,1.2065095901489258,,unlabeled_background,,0,"Valid Sentinel-2 Phase 4 raster pixel; unlabeled/background, not confirmed non-manganese."
unlabeled_r514_c464,79.71372550325296,21.66292698407451,366910.0,2396070.0,1311.0,1479.0,1531.0,2933.0,3395.0,2471.0,0.31406810879707336,-0.07300885021686554,1.1678107976913452,1.373937726020813,,unlabeled_background,,0,"Valid Sentinel-2 Phase 4 raster pixel; unlabeled/background, not confirmed non-manganese."
unlabeled_r383_c55,79.63446198975745,21.68596050390406,358730.0,2398690.0,1229.0,1432.0,1447.0,2785.0,3031.0,2197.0,0.3161625564098358,-0.042297109961509705,1.1773799657821655,1.3796085119247437,,unlabeled_background,,0,"Valid Sentinel-2 Phase 4 raster pixel; unlabeled/background, not confirmed non-manganese."
unlabeled_r595_c647,79.74921791860146,21.648564132666692,370570.0,2394450.0,1598.0,1811.0,2100.0,3275.0,3794.0,2956.0,0.2186046540737152,-0.07341915369033813,1.3141427040100098,1.2834912538528442,,unlabeled_background,,0,"Valid Sentinel-2 Phase 4 raster pixel; unlabeled/background, not confirmed non-manganese."
unlabeled_r259_c169,79.65628833657243,21.708540799369036,361010.0,2401170.0,1422.0,1736.0,1719.0,3986.0,3635.0,2755.0,0.39737072587013245,0.046056948602199554,1.2088607549667358,1.319419264793396,,unlabeled_background,,0,"Valid Sentinel-2 Phase 4 raster pixel; unlabeled/background, not confirmed non-manganese."
unlabeled_r120_c246,79.67094278641086,21.733770974365576,362550.0,2403950.0,1608.0,1903.0,2193.0,3381.0,4387.0,3566.0,0.21313239634037018,-0.12950566411018372,1.3638060092926025,1.2302299737930298,,unlabeled_background,,0,"Valid Sentinel-2 Phase 4 raster pixel; unlabeled/background, not confirmed non-manganese."
unlabeled_r65_c315,79.68419337951971,21.743813228420294,363930.0,2405050.0,1380.0,1583.0,1806.0,2845.0,4077.0,3107.0,0.2233928143978119,-0.17798323929309845,1.308695673942566,1.312198281288147,,unlabeled_background,,0,"Valid Sentinel-2 Phase 4 raster pixel; unlabeled/background, not confirmed non-manganese."
unlabeled_r466_c216,79.66571854755054,21.671219895081418,361950.0,2397030.0,1233.0,1419.0,1442.0,2730.0,2703.0,2000.0,0.3087248206138611,0.004969629924744368,1.16950523853302,1.3515000343322754,,unlabeled_background,,0,"Valid Sentinel-2 Phase 4 raster pixel; unlabeled/background, not confirmed non-manganese."
unlabeled_r169_c467,79.71375189569335,21.72525652353904,366970.0,2402970.0,1315.0,1523.0,1637.0,3121.0,3705.0,2735.0,0.3118957579135895,-0.08555523306131363,1.244866967201233,1.3546618223190308,,unlabeled_background,,0,"Valid Sentinel-2 Phase 4 raster pixel; unlabeled/background, not confirmed non-manganese."
unlabeled_r13_c253,79.67211857147666,21.753111191684116,362690.0,2406090.0,2089.0,2498.0,3231.0,4595.0,5316.0,4219.0,0.17429082095623016,-0.07274745404720306,1.546673059463501,1.2600141763687134,,unlabeled_background,,0,"Valid Sentinel-2 Phase 4 raster pixel; unlabeled/background, not confirmed non-manganese."
unlabeled_r248_c156,79.65375678083225,21.71050752837782,360750.0,2401390.0,1525.0,1782.0,2089.0,3568.0,4513.0,3374.0,0.2614459991455078,-0.11694097518920898,1.3698360919952393,1.3375815153121948,,unlabeled_background,,0,"Valid Sentinel-2 Phase 4 raster pixel; unlabeled/background, not confirmed non-manganese."
unlabeled_r254_c269,79.67561148181483,21.709599653009807,363010.0,2401270.0,1193.0,1382.0,1385.0,2823.0,3144.0,2324.0,0.3417300283908844,-0.05379587784409523,1.1609388589859009,1.3528399467468262,,unlabeled_background,,0,"Valid Sentinel-2 Phase 4 raster pixel; unlabeled/background, not confirmed non-manganese."
unlabeled_r102_c94,79.64152351069747,21.736784099790427,359510.0,2404310.0,1251.0,1480.0,1499.0,3434.0,2942.0,2062.0,0.3922562301158905,0.07716436684131622,1.1982413530349731,1.4267700910568237,,unlabeled_background,,0,"Valid Sentinel-2 Phase 4 raster pixel; unlabeled/background, not confirmed non-manganese."
unlabeled_r160_c655,79.75008606359506,21.727160692432697,370730.0,2403150.0,1799.0,2182.0,2591.0,3944.0,4763.0,3817.0,0.207039013504982,-0.09406224638223648,1.4402445554733276,1.2478386163711548,,unlabeled_background,,0,"Valid Sentinel-2 Phase 4 raster pixel; unlabeled/background, not confirmed non-manganese."
unlabeled_r234_c639,79.7471083435016,21.713768916957186,370410.0,2401670.0,2231.0,2745.0,3552.0,4753.0,5873.0,4655.0,0.1446116864681244,-0.10540184378623962,1.5921111106872559,1.2616541385650635,,unlabeled_background,,0,"Valid Sentinel-2 Phase 4 raster pixel; unlabeled/background, not confirmed non-manganese."
unlabeled_r217_c204,79.66298420610578,21.71618274339837,361710.0,2402010.0,1264.0,1439.0,1556.0,2910.0,3270.0,2470.0,0.3031795918941498,-0.058252427726984024,1.2310127019882202,1.3238866329193115,,unlabeled_background,,0,"Valid Sentinel-2 Phase 4 raster pixel; unlabeled/background, not confirmed non-manganese."
unlabeled_r312_c0,79.62370967802777,21.69869849140112,357630.0,2400110.0,1319.0,1467.0,1558.0,3120.0,3261.0,2358.0,0.33390337228775024,-0.022096849977970123,1.1811978816986084,1.3829516172409058,,unlabeled_background,,0,"Valid Sentinel-2 Phase 4 raster pixel; unlabeled/background, not confirmed non-manganese."
unlabeled_r79_c262,79.67396839869858,21.74120236445407,362870.0,2404770.0,1481.0,1783.0,2035.0,2900.0,3517.0,2891.0,0.17527861893177032,-0.09615085273981094,1.3740715980529785,1.2165340185165405,,unlabeled_background,,0,"Valid Sentinel-2 Phase 4 raster pixel; unlabeled/background, not confirmed non-manganese."
unlabeled_r351_c408,79.70263962636916,21.692289033809704,365790.0,2399330.0,1255.0,1425.0,1471.0,2867.0,3055.0,2193.0,0.32180729508399963,-0.0317460335791111,1.1721115112304688,1.3930689096450806,,unlabeled_background,,0,"Valid Sentinel-2 Phase 4 raster pixel; unlabeled/background, not confirmed non-manganese."
unlabeled_r339_c417,79.70435989179522,21.694470454272388,365970.0,2399570.0,1259.0,1470.0,1496.0,3095.0,3092.0,2216.0,0.3482901453971863,0.0004848876560572535,1.1882445812225342,1.3953068256378174,,unlabeled_background,,0,"Valid Sentinel-2 Phase 4 raster pixel; unlabeled/background, not confirmed non-manganese."
unlabeled_r486_c211,79.66478549353218,21.6675991376407,361850.0,2396630.0,1306.0,1468.0,1579.0,2568.0,3521.0,2691.0,0.238485649228096,-0.15651173889636993,1.2090352773666382,1.3084355592727661,,unlabeled_background,,0,"Valid Sentinel-2 Phase 4 raster pixel; unlabeled/background, not confirmed non-manganese."
unlabeled_r103_c274,79.6763284148445,21.736885368688757,363110.0,2404290.0,1813.0,2207.0,2672.0,3768.0,5081.0,4123.0,0.1701863408088684,-0.14837834239006042,1.4738003015518188,1.2323551177978516,,unlabeled_background,,0,"Valid Sentinel-2 Phase 4 raster pixel; unlabeled/background, not confirmed non-manganese."
unlabeled_r480_c404,79.70207515819357,21.668978908003748,365710.0,2396750.0,1324.0,1508.0,1665.0,2902.0,3684.0,2736.0,0.2708561420440674,-0.11873671412467957,1.2575528621673584,1.3464912176132202,,unlabeled_background,,0,"Valid Sentinel-2 Phase 4 raster pixel; unlabeled/background, not confirmed non-manganese."
unlabeled_r582_c501,79.7209843002464,21.650697786933097,367650.0,2394710.0,1205.0,1347.0,1337.0,2776.0,2858.0,2075.0,0.34986627101898193,-0.014554490335285664,1.1095435619354248,1.3773493766784668,,unlabeled_background,,0,"Valid Sentinel-2 Phase 4 raster pixel; unlabeled/background, not confirmed non-manganese."
unlabeled_r574_c482,79.71729995003273,21.652114699924418,367270.0,2394870.0,1907.0,2239.0,2742.0,3618.0,5093.0,3934.0,0.13773584365844727,-0.16932614147663116,1.4378604888916016,1.2946110963821411,,unlabeled_background,,0,"Valid Sentinel-2 Phase 4 raster pixel; unlabeled/background, not confirmed non-manganese."
unlabeled_r175_c430,79.70660801991086,21.724116909773592,366230.0,2402850.0,1356.0,1556.0,1740.0,2838.0,3914.0,2909.0,0.2398427277803421,-0.15936018526554108,1.2831858396530151,1.3454794883728027,,unlabeled_background,,0,"Valid Sentinel-2 Phase 4 raster pixel; unlabeled/background, not confirmed non-manganese."
unlabeled_r185_c28,79.62890466471761,21.721685339121223,358190.0,2402650.0,1579.0,1862.0,2309.0,3514.0,4233.0,3078.0,0.2069379985332489,-0.09281011670827866,1.462317943572998,1.3752436637878418,,unlabeled_background,,0,"Valid Sentinel-2 Phase 4 raster pixel; unlabeled/background, not confirmed non-manganese."
unlabeled_r412_c584,79.73675591917001,21.68153179745597,369310.0,2398110.0,2086.0,2359.0,2585.0,3275.0,4239.0,3960.0,0.11774744093418121,-0.12829385697841644,1.2392138242721558,1.0704545974731445,,unlabeled_background,,0,"Valid Sentinel-2 Phase 4 raster pixel; unlabeled/background, not confirmed non-manganese."
unlabeled_r509_c602,79.74038726648968,21.664034753727986,369670.0,2396170.0,1308.0,1472.0,1562.0,2831.0,3554.0,2599.0,0.28886866569519043,-0.11323413997888565,1.1941895484924316,1.3674490451812744,,unlabeled_background,,0,"Valid Sentinel-2 Phase 4 raster pixel; unlabeled/background, not confirmed non-manganese."
unlabeled_r202_c625,79.74435159013923,21.719529356854288,370130.0,2402310.0,1687.0,2066.0,2435.0,4021.0,5036.0,3973.0,0.24566294252872467,-0.11206801235675812,1.4433906078338623,1.2675559520721436,,unlabeled_background,,0,"Valid Sentinel-2 Phase 4 raster pixel; unlabeled/background, not confirmed non-manganese."
unlabeled_r46_c658,79.7504880489977,21.74775961714819,370790.0,2405430.0,1204.0,1409.0,1334.0,3834.0,2831.0,2055.0,0.48374614119529724,0.15048761665821075,1.1079734563827515,1.3776155710220337,,unlabeled_background,,0,"Valid Sentinel-2 Phase 4 raster pixel; unlabeled/background, not confirmed non-manganese."
unlabeled_r487_c584,79.73687397150864,21.667982721845654,369310.0,2396610.0,1427.0,1522.0,1706.0,2464.0,3471.0,2636.0,0.1817745864391327,-0.1696714460849762,1.1955150365829468,1.3167678117752075,,unlabeled_background,,0,"Valid Sentinel-2 Phase 4 raster pixel; unlabeled/background, not confirmed non-manganese."
unlabeled_r427_c266,79.67531740525558,21.678342651894557,362950.0,2397810.0,1531.0,1723.0,1880.0,3096.0,2899.0,2301.0,0.24437299370765686,0.03286071866750717,1.2279555797576904,1.2598869800567627,,unlabeled_background,,0,"Valid Sentinel-2 Phase 4 raster pixel; unlabeled/background, not confirmed non-manganese."
unlabeled_r554_c658,79.75127984222414,21.655987014918647,370790.0,2395270.0,1286.0,1458.0,1512.0,2971.0,3325.0,2400.0,0.32545170187950134,-0.05622617527842522,1.1757386922836304,1.3854166269302368,,unlabeled_background,,0,"Valid Sentinel-2 Phase 4 raster pixel; unlabeled/background, not confirmed non-manganese."
unlabeled_r321_c579,79.7356460319289,21.697963944276584,369210.0,2399930.0,2046.0,2473.0,3142.0,4226.0,5326.0,4212.0,0.14712269604206085,-0.11515913158655167,1.5356793403625488,1.2644823789596558,,unlabeled_background,,0,"Valid Sentinel-2 Phase 4 raster pixel; unlabeled/background, not confirmed non-manganese."
unlabeled_r175_c145,79.65150738846057,21.723677490199524,360530.0,2402850.0,1374.0,1517.0,1655.0,3154.0,3377.0,2583.0,0.3117072284221649,-0.034144848585128784,1.204512357711792,1.3073945045471191,,unlabeled_background,,0,"Valid Sentinel-2 Phase 4 raster pixel; unlabeled/background, not confirmed non-manganese."
unlabeled_r455_c11,79.62608092511745,21.67288374867385,357850.0,2397250.0,1259.0,1498.0,1548.0,3118.0,3049.0,2224.0,0.3364766538143158,0.011188584379851818,1.2295472621917725,1.3709532022476196,,unlabeled_background,,0,"Valid Sentinel-2 Phase 4 raster pixel; unlabeled/background, not confirmed non-manganese."
unlabeled_r229_c508,79.72177464075831,21.71447875441991,367790.0,2401770.0,1298.0,1486.0,1546.0,3175.0,3156.0,2283.0,0.3450540006160736,0.0030011057388037443,1.1910631656646729,1.3823915719985962,,unlabeled_background,,0,"Valid Sentinel-2 Phase 4 raster pixel; unlabeled/background, not confirmed non-manganese."
unlabeled_r393_c481,79.7168174232942,21.684811414833586,367250.0,2398490.0,1978.0,2379.0,2978.0,3906.0,5376.0,4736.0,0.1348053514957428,-0.15837104618549347,1.505561113357544,1.1351351737976074,,unlabeled_background,,0,"Valid Sentinel-2 Phase 4 raster pixel; unlabeled/background, not confirmed non-manganese."
unlabeled_r185_c0,79.62349147086766,21.721640445220626,357630.0,2402650.0,1307.0,1498.0,1592.0,2976.0,2886.0,2078.0,0.30297723412513733,0.015353121794760227,1.218056559562683,1.3888354301452637,,unlabeled_background,,0,"Valid Sentinel-2 Phase 4 raster pixel; unlabeled/background, not confirmed non-manganese."
unlabeled_r562_c36,79.63109493178565,21.653594463144977,358350.0,2395110.0,1243.0,1362.0,1355.0,2882.0,2766.0,1991.0,0.36039650440216064,0.020538244396448135,1.090104579925537,1.3892515897750854,,unlabeled_background,,0,"Valid Sentinel-2 Phase 4 raster pixel; unlabeled/background, not confirmed non-manganese."
unlabeled_r10_c266,79.67462746181783,21.75367329181414,362950.0,2406150.0,1462.0,1697.0,1925.0,3540.0,3968.0,2975.0,0.2955169379711151,-0.0570058599114418,1.3166894912719727,1.3337814807891846,,unlabeled_background,,0,"Valid Sentinel-2 Phase 4 raster pixel; unlabeled/background, not confirmed non-manganese."
unlabeled_r428_c161,79.6550253595775,21.677998736627604,360850.0,2397790.0,1413.0,1575.0,1751.0,3307.0,3839.0,2806.0,0.3076314628124237,-0.07444724440574646,1.23920738697052,1.3681397438049316,,unlabeled_background,,0,"Valid Sentinel-2 Phase 4 raster pixel; unlabeled/background, not confirmed non-manganese."
unlabeled_r508_c290,79.68008919974557,21.66374694224081,363430.0,2396190.0,1251.0,1384.0,1428.0,2979.0,2932.0,2108.0,0.3519400954246521,0.007951277308166027,1.1414867639541626,1.3908917903900146,,unlabeled_background,,0,"Valid Sentinel-2 Phase 4 raster pixel; unlabeled/background, not confirmed non-manganese."
unlabeled_r353_c403,79.70167638920309,21.691920166989124,365690.0,2399290.0,1398.0,1554.0,1693.0,2967.0,3407.0,2521.0,0.2733905613422394,-0.06903043389320374,1.2110157012939453,1.3514478206634521,,unlabeled_background,,0,"Valid Sentinel-2 Phase 4 raster pixel; unlabeled/background, not confirmed non-manganese."
unlabeled_r214_c455,79.71150423923497,21.717109170814883,366730.0,2402070.0,1434.0,1648.0,1849.0,3092.0,4050.0,3072.0,0.2515684962272644,-0.13413609564304352,1.2894002199172974,1.318359375,,unlabeled_background,,0,"Valid Sentinel-2 Phase 4 raster pixel; unlabeled/background, not confirmed non-manganese."
unlabeled_r338_c550,79.73006711802928,21.694849992589294,368630.0,2399590.0,1350.0,1517.0,1638.0,2984.0,3158.0,2422.0,0.2912159264087677,-0.028329534456133842,1.2133333683013916,1.303881049156189,,unlabeled_background,,0,"Valid Sentinel-2 Phase 4 raster pixel; unlabeled/background, not confirmed non-manganese."
unlabeled_r444_c223,79.66703485944878,21.675205052256164,362090.0,2397470.0,1274.0,1469.0,1545.0,2543.0,3236.0,2409.0,0.24412915110588074,-0.11991693824529648,1.2127158641815186,1.343295931816101,,unlabeled_background,,0,"Valid Sentinel-2 Phase 4 raster pixel; unlabeled/background, not confirmed non-manganese."
unlabeled_r284_c316,79.68474660975032,21.70425251565411,363950.0,2400670.0,1447.0,1669.0,1815.0,2791.0,2940.0,2321.0,0.21189752221107483,-0.025998953729867935,1.2543193101882935,1.2666953802108765,,unlabeled_background,,0,"Valid Sentinel-2 Phase 4 raster pixel; unlabeled/background, not confirmed non-manganese."
unlabeled_r174_c163,79.65498570665294,21.72388643230424,360890.0,2402870.0,1293.0,1482.0,1562.0,2820.0,3352.0,2494.0,0.28708353638648987,-0.08619572222232819,1.2080433368682861,1.3440256118774414,,unlabeled_background,,0,"Valid Sentinel-2 Phase 4 raster pixel; unlabeled/background, not confirmed non-manganese."
unlabeled_r262_c333,79.6879968541978,21.70825286279084,364290.0,2401110.0,1239.0,1395.0,1402.0,2881.0,3153.0,2261.0,0.3453187048435211,-0.045077890157699585,1.1315577030181885,1.3945157527923584,,unlabeled_background,,0,"Valid Sentinel-2 Phase 4 raster pixel; unlabeled/background, not confirmed non-manganese."
unlabeled_r543_c276,79.67744126596925,21.657402644163547,363150.0,2395490.0,1267.0,1396.0,1505.0,2749.0,3324.0,2512.0,0.2924306392669678,-0.09468137472867966,1.1878453493118286,1.3232483863830566,,unlabeled_background,,0,"Valid Sentinel-2 Phase 4 raster pixel; unlabeled/background, not confirmed non-manganese."
unlabeled_r263_c248,79.67156676952877,21.707941320537138,362590.0,2401090.0,1192.0,1421.0,1437.0,2928.0,3249.0,2366.0,0.34158074855804443,-0.05196697264909744,1.205536961555481,1.3732037544250488,,unlabeled_background,,0,"Valid Sentinel-2 Phase 4 raster pixel; unlabeled/background, not confirmed non-manganese."
unlabeled_r597_c112,79.64584005431784,21.647392183839393,359870.0,2394410.0,1232.0,1432.0,1453.0,2770.0,3053.0,2211.0,0.31186360120773315,-0.04860037937760353,1.1793831586837769,1.3808231353759766,,unlabeled_background,,0,"Valid Sentinel-2 Phase 4 raster pixel; unlabeled/background, not confirmed non-manganese."
unlabeled_r281_c578,79.73538961007976,21.705188616473478,369190.0,2400730.0,1421.0,1612.0,1882.0,2742.0,3599.0,2786.0,0.18598616123199463,-0.1351521909236908,1.324419379234314,1.291816234588623,,unlabeled_background,,0,"Valid Sentinel-2 Phase 4 raster pixel; unlabeled/background, not confirmed non-manganese."
unlabeled_r580_c473,79.71557035768167,21.651017338255564,367090.0,2394750.0,1796.0,2058.0,2403.0,3513.0,4533.0,3654.0,0.18762677907943726,-0.12677106261253357,1.3379732370376587,1.2405582666397095,,unlabeled_background,,0,"Valid Sentinel-2 Phase 4 raster pixel; unlabeled/background, not confirmed non-manganese."
unlabeled_r169_c8,79.6250106159996,21.72454361220665,357790.0,2402970.0,1224.0,1456.0,1421.0,3274.0,2788.0,1998.0,0.39467519521713257,0.08017156273126602,1.1609476804733276,1.3953953981399536,,unlabeled_background,,0,"Valid Sentinel-2 Phase 4 raster pixel; unlabeled/background, not confirmed non-manganese."
unlabeled_r423_c281,79.67820993444542,21.67908837350115,363250.0,2397890.0,1237.0,1415.0,1429.0,2810.0,2927.0,2111.0,0.3257843852043152,-0.020393934100866318,1.1552141904830933,1.3865466117858887,,unlabeled_background,,0,"Valid Sentinel-2 Phase 4 raster pixel; unlabeled/background, not confirmed non-manganese."
unlabeled_r316_c389,79.69891021888313,21.69858305334953,365410.0,2400030.0,1418.0,1570.0,1694.0,3055.0,3529.0,2664.0,0.2865866422653198,-0.07199271023273468,1.1946403980255127,1.3246996402740479,,unlabeled_background,,0,"Valid Sentinel-2 Phase 4 raster pixel; unlabeled/background, not confirmed non-manganese."
unlabeled_r517_c191,79.66097200985308,21.661967877719082,361450.0,2396010.0,1276.0,1431.0,1545.0,2632.0,3488.0,2557.0,0.26023462414741516,-0.13986928761005402,1.2108150720596313,1.3640985488891602,,unlabeled_background,,0,"Valid Sentinel-2 Phase 4 raster pixel; unlabeled/background, not confirmed non-manganese."
unlabeled_r51_c355,79.69190499565428,21.746403629070183,364730.0,2405330.0,1372.0,1562.0,1686.0,3310.0,3759.0,2700.0,0.32506003975868225,-0.063516765832901,1.228863000869751,1.3922221660614014,,unlabeled_background,,0,"Valid Sentinel-2 Phase 4 raster pixel; unlabeled/background, not confirmed non-manganese."
unlabeled_r324_c231,79.66838180274026,21.69689536842313,362250.0,2399870.0,1272.0,1440.0,1507.0,2855.0,2977.0,2272.0,0.3090325593948364,-0.020919067785143852,1.1847484111785889,1.310299277305603,,unlabeled_background,,0,"Valid Sentinel-2 Phase 4 raster pixel; unlabeled/background, not confirmed non-manganese."
unlabeled_r561_c278,79.6778573858994,21.654154012493052,363190.0,2395130.0,1533.0,1751.0,1906.0,3376.0,3661.0,3005.0,0.27830368280410767,-0.0405002124607563,1.2433137893676758,1.218302845954895,,unlabeled_background,,0,"Valid Sentinel-2 Phase 4 raster pixel; unlabeled/background, not confirmed non-manganese."
unlabeled_r560_c544,79.72925888830818,21.654735962717684,368510.0,2395150.0,1296.0,1526.0,1632.0,2846.0,3517.0,2635.0,0.271103173494339,-0.10545340180397034,1.2592592239379883,1.3347249031066895,,unlabeled_background,,0,"Valid Sentinel-2 Phase 4 raster pixel; unlabeled/background, not confirmed non-manganese."
unlabeled_r60_c195,79.66098162056952,21.74453038003405,361530.0,2405150.0,1429.0,1688.0,1731.0,2235.0,1896.0,1692.0,0.12708018720149994,0.08206245303153992,1.211336612701416,1.1205673217773438,,unlabeled_background,,0,"Valid Sentinel-2 Phase 4 raster pixel; unlabeled/background, not confirmed non-manganese."
unlabeled_r19_c200,79.66187981280208,21.751944740298033,361630.0,2405970.0,1331.0,1440.0,1495.0,1706.0,1864.0,1648.0,0.06591690331697464,-0.04425770416855812,1.123215675354004,1.1310679912567139,,unlabeled_background,,0,"Valid Sentinel-2 Phase 4 raster pixel; unlabeled/background, not confirmed non-manganese."
unlabeled_r280_c610,79.74157412382567,21.705416351142564,369830.0,2400750.0,1557.0,1773.0,2104.0,3198.0,4597.0,3502.0,0.20633722841739655,-0.17947402596473694,1.3513166904449463,1.3126784563064575,,unlabeled_background,,0,"Valid Sentinel-2 Phase 4 raster pixel; unlabeled/background, not confirmed non-manganese."
unlabeled_r504_c302,79.68240170172761,21.664487967650146,363670.0,2396270.0,1141.0,1313.0,1270.0,2738.0,2537.0,1841.0,0.36626747250556946,0.03810426592826843,1.1130586862564087,1.378055453300476,,unlabeled_background,,0,"Valid Sentinel-2 Phase 4 raster pixel; unlabeled/background, not confirmed non-manganese."
unlabeled_r49_c197,79.66134992962056,21.7465206293124,361570.0,2405370.0,1850.0,2237.0,2752.0,4040.0,5203.0,4068.0,0.18963485956192017,-0.1258249431848526,1.4875675439834595,1.279006838798523,,unlabeled_background,,0,"Valid Sentinel-2 Phase 4 raster pixel; unlabeled/background, not confirmed non-manganese."
unlabeled_r94_c635,79.74611573761723,21.739054610223665,370330.0,2404470.0,1428.0,1657.0,1725.0,3110.0,3497.0,2761.0,0.2864529490470886,-0.058574240654706955,1.207983136177063,1.2665700912475586,,unlabeled_background,,0,"Valid Sentinel-2 Phase 4 raster pixel; unlabeled/background, not confirmed non-manganese."
unlabeled_r466_c343,79.69026323997308,21.67141541450586,364490.0,2397030.0,1357.0,1574.0,1762.0,2928.0,3789.0,2874.0,0.24861407279968262,-0.12818221747875214,1.2984524965286255,1.3183716535568237,,unlabeled_background,,0,"Valid Sentinel-2 Phase 4 raster pixel; unlabeled/background, not confirmed non-manganese."
unlabeled_r61_c38,79.63062575808348,21.744101353468412,358390.0,2405130.0,1254.0,1502.0,1518.0,3337.0,2875.0,1999.0,0.3746652901172638,0.07437217980623245,1.2105263471603394,1.4382190704345703,,unlabeled_background,,0,"Valid Sentinel-2 Phase 4 raster pixel; unlabeled/background, not confirmed non-manganese."
unlabeled_r130_c95,79.6417643932945,21.731727593912538,359530.0,2403750.0,1342.0,1711.0,1746.0,3718.0,3306.0,2239.0,0.36090776324272156,0.05865603685379028,1.3010432720184326,1.4765520095825195,,unlabeled_background,,0,"Valid Sentinel-2 Phase 4 raster pixel; unlabeled/background, not confirmed non-manganese."
unlabeled_r308_c352,79.69174495138795,21.699971975918828,364670.0,2400190.0,1196.0,1377.0,1366.0,2885.0,2807.0,2081.0,0.3573276996612549,0.013703443109989166,1.142140507698059,1.3488707542419434,,unlabeled_background,,0,"Valid Sentinel-2 Phase 4 raster pixel; unlabeled/background, not confirmed non-manganese."
unlabeled_r69_c637,79.74646327774624,21.74357387796843,370370.0,2404970.0,1557.0,1785.0,2050.0,3370.0,4017.0,3081.0,0.24354243278503418,-0.08758629858493805,1.3166345357894897,1.3037974834442139,,unlabeled_background,,0,"Valid Sentinel-2 Phase 4 raster pixel; unlabeled/background, not confirmed non-manganese."
unlabeled_r351_c249,79.6719059090978,21.692045746024203,362610.0,2399330.0,1391.0,1593.0,1653.0,3201.0,3507.0,2603.0,0.31891223788261414,-0.04561717435717583,1.1883536577224731,1.3472915887832642,,unlabeled_background,,0,"Valid Sentinel-2 Phase 4 raster pixel; unlabeled/background, not confirmed non-manganese."
unlabeled_r184_c591,79.73774984194684,21.72273116601568,369450.0,2402670.0,1467.0,1672.0,1911.0,3240.0,4275.0,3188.0,0.2580081522464752,-0.13772454857826233,1.3026584386825562,1.3409661054611206,,unlabeled_background,,0,"Valid Sentinel-2 Phase 4 raster pixel; unlabeled/background, not confirmed non-manganese."
unlabeled_r29_c195,79.66092970495085,21.75013044637801,361530.0,2405770.0,1867.0,2184.0,2700.0,3988.0,5391.0,4382.0,0.19258372485637665,-0.14958950877189636,1.4461703300476074,1.2302601337432861,,unlabeled_background,,0,"Valid Sentinel-2 Phase 4 raster pixel; unlabeled/background, not confirmed non-manganese."
unlabeled_r4_c225,79.6666890910106,21.75469347822982,362130.0,2406270.0,1185.0,1385.0,1250.0,3997.0,2588.0,1827.0,0.523537278175354,0.21397115290164948,1.0548523664474487,1.4165297746658325,,unlabeled_background,,0,"Valid Sentinel-2 Phase 4 raster pixel; unlabeled/background, not confirmed non-manganese."
unlabeled_r589_c644,79.7486288537829,21.649643700567328,370510.0,2394570.0,1221.0,1396.0,1432.0,2782.0,3157.0,2325.0,0.3203606903553009,-0.06314194202423096,1.17280912399292,1.3578494787216187,,unlabeled_background,,0,"Valid Sentinel-2 Phase 4 raster pixel; unlabeled/background, not confirmed non-manganese."
unlabeled_r586_c304,79.6829226771348,21.64967766332694,363710.0,2394630.0,1427.0,1638.0,1874.0,3057.0,4127.0,3107.0,0.2399107664823532,-0.14894209802150726,1.3132445812225342,1.3282909393310547,,unlabeled_background,,0,"Valid Sentinel-2 Phase 4 raster pixel; unlabeled/background, not confirmed non-manganese."
unlabeled_r595_c454,79.71192282386615,21.648279106426795,366710.0,2394450.0,1817.0,2099.0,2394.0,3787.0,4266.0,3463.0,0.22536806762218475,-0.0594809390604496,1.317556381225586,1.2318798303604126,,unlabeled_background,,0,"Valid Sentinel-2 Phase 4 raster pixel; unlabeled/background, not confirmed non-manganese."
unlabeled_r374_c591,79.73804911905825,21.68840695413734,369450.0,2398870.0,1722.0,2026.0,2345.0,3700.0,4379.0,3508.0,0.22415219247341156,-0.08404505252838135,1.3617886304855347,1.2482895851135254,,unlabeled_background,,0,"Valid Sentinel-2 Phase 4 raster pixel; unlabeled/background, not confirmed non-manganese."
unlabeled_r507_c284,79.6789280225801,21.663918369214457,363310.0,2396210.0,1375.0,1582.0,1758.0,3502.0,3378.0,2481.0,0.3315589427947998,0.018023256212472916,1.2785454988479614,1.3615477085113525,,unlabeled_background,,0,"Valid Sentinel-2 Phase 4 raster pixel; unlabeled/background, not confirmed non-manganese."
unlabeled_r477_c483,79.71733827668463,21.669639560208523,367290.0,2396810.0,1111.0,1286.0,1286.0,2588.0,2629.0,1931.0,0.3360867202281952,-0.007858922705054283,1.1575157642364502,1.3614706993103027,,unlabeled_background,,0,"Valid Sentinel-2 Phase 4 raster pixel; unlabeled/background, not confirmed non-manganese."
unlabeled_r312_c424,79.70566938485211,21.699358615969537,366110.0,2400110.0,1254.0,1387.0,1455.0,2762.0,2990.0,2211.0,0.309935986995697,-0.03963838517665863,1.1602870225906372,1.3523292541503906,,unlabeled_background,,0,"Valid Sentinel-2 Phase 4 raster pixel; unlabeled/background, not confirmed non-manganese."
unlabeled_r288_c156,79.6538239891579,21.70328162236625,360750.0,2400590.0,1576.0,1837.0,2141.0,3414.0,4309.0,3277.0,0.22916291654109955,-0.1158876121044159,1.3585025072097778,1.3149222135543823,,unlabeled_background,,0,"Valid Sentinel-2 Phase 4 raster pixel; unlabeled/background, not confirmed non-manganese."
unlabeled_r161_c633,79.74583403739331,21.726947882953553,370290.0,2403130.0,1591.0,1966.0,2024.0,4202.0,3894.0,2945.0,0.34982332587242126,0.03804347664117813,1.2721558809280396,1.3222410678863525,,unlabeled_background,,0,"Valid Sentinel-2 Phase 4 raster pixel; unlabeled/background, not confirmed non-manganese."
unlabeled_r402_c212,79.6648390060042,21.68277522201009,361870.0,2398310.0,1352.0,1524.0,1668.0,2601.0,3861.0,2962.0,0.2185523509979248,-0.19498607516288757,1.2337278127670288,1.303511142730713,,unlabeled_background,,0,"Valid Sentinel-2 Phase 4 raster pixel; unlabeled/background, not confirmed non-manganese."
unlabeled_r290_c593,79.73830350597977,21.703584830062695,369490.0,2400550.0,1383.0,1572.0,1812.0,2914.0,4226.0,3102.0,0.23317816853523254,-0.18375350534915924,1.3101952075958252,1.362346887588501,,unlabeled_background,,0,"Valid Sentinel-2 Phase 4 raster pixel; unlabeled/background, not confirmed non-manganese."
unlabeled_r52_c570,79.73348080026892,21.746546349179372,369030.0,2405310.0,1452.0,1733.0,1829.0,3649.0,3632.0,2654.0,0.3322380483150482,0.0023348440881818533,1.2596418857574463,1.3685003519058228,,unlabeled_background,,0,"Valid Sentinel-2 Phase 4 raster pixel; unlabeled/background, not confirmed non-manganese."
unlabeled_r159_c610,79.74138396807685,21.72727545629807,369830.0,2403170.0,1763.0,2140.0,2637.0,3871.0,5099.0,3985.0,0.18961279094219208,-0.13690078258514404,1.4957458972930908,1.2795482873916626,,unlabeled_background,,0,"Valid Sentinel-2 Phase 4 raster pixel; unlabeled/background, not confirmed non-manganese."
unlabeled_r152_c416,79.70386404636565,21.728250722567097,365950.0,2403310.0,1477.0,1695.0,1999.0,3132.0,4330.0,3315.0,0.22081466019153595,-0.16054676473140717,1.3534190654754639,1.3061840534210205,,unlabeled_background,,0,"Valid Sentinel-2 Phase 4 raster pixel; unlabeled/background, not confirmed non-manganese."
unlabeled_r32_c386,79.69786842700977,21.749883248476998,365350.0,2405710.0,2042.0,2517.0,3004.0,4413.0,5042.0,4194.0,0.1899689882993698,-0.0665256455540657,1.471106767654419,1.2021936178207397,,unlabeled_background,,0,"Valid Sentinel-2 Phase 4 raster pixel; unlabeled/background, not confirmed non-manganese."
unlabeled_r449_c226,79.66762296957647,21.674306462004978,362150.0,2397370.0,1323.0,1530.0,1614.0,2874.0,3437.0,2501.0,0.2807486653327942,-0.08920931816101074,1.2199546098709106,1.3742502927780151,,unlabeled_background,,0,"Valid Sentinel-2 Phase 4 raster pixel; unlabeled/background, not confirmed non-manganese."
unlabeled_r571_c364,79.69449254761115,21.65247897625818,364910.0,2394930.0,1459.0,1713.0,1973.0,3501.0,4111.0,2999.0,0.2791377305984497,-0.08013662695884705,1.3522961139678955,1.3707902431488037,,unlabeled_background,,0,"Valid Sentinel-2 Phase 4 raster pixel; unlabeled/background, not confirmed non-manganese."
unlabeled_r247_c446,79.70981743923544,21.711134128059207,366550.0,2401410.0,1184.0,1315.0,1368.0,3108.0,2669.0,1872.0,0.3887399435043335,0.07599099725484848,1.1554054021835327,1.4257478713989258,,unlabeled_background,,0,"Valid Sentinel-2 Phase 4 raster pixel; unlabeled/background, not confirmed non-manganese."
unlabeled_r466_c580,79.73606784465362,21.671770579383004,369230.0,2397030.0,1405.0,1565.0,1844.0,2972.0,3972.0,2941.0,0.2342192679643631,-0.14400921761989594,1.3124555349349976,1.3505610227584839,,unlabeled_background,,0,"Valid Sentinel-2 Phase 4 raster pixel; unlabeled/background, not confirmed non-manganese."
unlabeled_r365_c253,79.67270225282982,21.689522844693233,362690.0,2399050.0,1663.0,1909.0,2281.0,3434.0,4816.0,3734.0,0.201749786734581,-0.16751515865325928,1.3716175556182861,1.2897696495056152,,unlabeled_background,,0,"Valid Sentinel-2 Phase 4 raster pixel; unlabeled/background, not confirmed non-manganese."
unlabeled_r287_c209,79.66406756577962,21.703545156802445,361810.0,2400610.0,1278.0,1430.0,1532.0,2555.0,3325.0,2516.0,0.2503058612346649,-0.130952388048172,1.198747992515564,1.3215421438217163,,unlabeled_background,,0,"Valid Sentinel-2 Phase 4 raster pixel; unlabeled/background, not confirmed non-manganese."
unlabeled_r147_c382,79.69728224543202,21.72910239651435,365270.0,2403410.0,1419.0,1628.0,1787.0,3150.0,3712.0,2790.0,0.27607858180999756,-0.08190032094717026,1.2593375444412231,1.3304659128189087,,unlabeled_background,,0,"Valid Sentinel-2 Phase 4 raster pixel; unlabeled/background, not confirmed non-manganese."
unlabeled_r513_c498,79.7202946529635,21.663158417973186,367590.0,2396090.0,1322.0,1525.0,1637.0,2827.0,3419.0,2688.0,0.2665770649909973,-0.09478066116571426,1.2382752895355225,1.2719494104385376,,unlabeled_background,,0,"Valid Sentinel-2 Phase 4 raster pixel; unlabeled/background, not confirmed non-manganese."
unlabeled_r541_c602,79.74043745732736,21.658253797297274,369670.0,2395530.0,1515.0,1717.0,2019.0,3240.0,3961.0,3085.0,0.23217341303825378,-0.10012498497962952,1.3326733112335205,1.2839546203613281,,unlabeled_background,,0,"Valid Sentinel-2 Phase 4 raster pixel; unlabeled/background, not confirmed non-manganese."
unlabeled_r502_c354,79.69244780796473,21.664928730742204,364710.0,2396310.0,1338.0,1568.0,1719.0,3240.0,3491.0,2609.0,0.30671507120132446,-0.03729014843702316,1.2847533226013184,1.3380606174468994,,unlabeled_background,,0,"Valid Sentinel-2 Phase 4 raster pixel; unlabeled/background, not confirmed non-manganese."
unlabeled_r11_c342,79.68932565443805,21.753609714676934,364470.0,2406130.0,1841.0,2194.0,2676.0,3619.0,4987.0,4029.0,0.14980143308639526,-0.15895886719226837,1.4535578489303589,1.2377761602401733,,unlabeled_background,,0,"Valid Sentinel-2 Phase 4 raster pixel; unlabeled/background, not confirmed non-manganese."
unlabeled_r553_c606,79.74122927381461,21.656091799024907,369750.0,2395290.0,1289.0,1466.0,1544.0,2831.0,3302.0,2417.0,0.29417142271995544,-0.07679764926433563,1.1978278160095215,1.3661563396453857,,unlabeled_background,,0,"Valid Sentinel-2 Phase 4 raster pixel; unlabeled/background, not confirmed non-manganese."
unlabeled_r144_c344,79.68993027750456,21.729586388877234,364510.0,2403470.0,1173.0,1409.0,1408.0,2835.0,3355.0,2457.0,0.33631864190101624,-0.08400645852088928,1.200340986251831,1.3654863834381104,,unlabeled_background,,0,"Valid Sentinel-2 Phase 4 raster pixel; unlabeled/background, not confirmed non-manganese."
unlabeled_r121_c125,79.64754948151754,21.733400888621055,360130.0,2403930.0,1393.0,1654.0,1737.0,3341.0,3460.0,2575.0,0.3158724009990692,-0.017497427761554718,1.2469490766525269,1.3436893224716187,,unlabeled_background,,0,"Valid Sentinel-2 Phase 4 raster pixel; unlabeled/background, not confirmed non-manganese."
unlabeled_r425_c529,79.72614599783998,21.67910201520421,368210.0,2397850.0,1842.0,2178.0,2549.0,3544.0,4258.0,3409.0,0.16330215334892273,-0.09151499718427658,1.383821964263916,1.2490466833114624,,unlabeled_background,,0,"Valid Sentinel-2 Phase 4 raster pixel; unlabeled/background, not confirmed non-manganese."
unlabeled_r182_c360,79.69308583047096,21.722746127997937,364830.0,2402710.0,2075.0,2450.0,2982.0,4372.0,5061.0,4020.0,0.1890127807855606,-0.07304144650697708,1.4371083974838257,1.2589552402496338,,unlabeled_background,,0,"Valid Sentinel-2 Phase 4 raster pixel; unlabeled/background, not confirmed non-manganese."
unlabeled_r84_c638,79.7466801514257,21.740865538897513,370390.0,2404670.0,1484.0,1756.0,1804.0,3821.0,3513.0,2674.0,0.35857778787612915,0.04199618101119995,1.2156333923339844,1.3137621879577637,,unlabeled_background,,0,"Valid Sentinel-2 Phase 4 raster pixel; unlabeled/background, not confirmed non-manganese."
unlabeled_r387_c567,79.73343062999004,21.68602309279389,368970.0,2398610.0,1473.0,1759.0,1613.0,1166.0,1130.0,1100.0,-0.16084922850131989,0.01567944325506687,1.0950441360473633,1.0272727012634277,,unlabeled_background,,0,"Valid Sentinel-2 Phase 4 raster pixel; unlabeled/background, not confirmed non-manganese."
unlabeled_r326_c483,79.71709680664645,21.696918129403443,367290.0,2399830.0,1278.0,1418.0,1469.0,1412.0,1740.0,1531.0,-0.019784796983003616,-0.10406091064214706,1.1494523286819458,1.136512041091919,,unlabeled_background,,0,"Valid Sentinel-2 Phase 4 raster pixel; unlabeled/background, not confirmed non-manganese."
unlabeled_r246_c431,79.70691601369252,21.71129217784544,366250.0,2401430.0,1234.0,1438.0,1450.0,3005.0,2932.0,2081.0,0.3490460216999054,0.012295772321522236,1.1750404834747314,1.4089380502700806,,unlabeled_background,,0,"Valid Sentinel-2 Phase 4 raster pixel; unlabeled/background, not confirmed non-manganese."
unlabeled_r403_c582,79.73635517557086,21.683154740792656,369270.0,2398290.0,1523.0,1761.0,1967.0,3237.0,3945.0,3090.0,0.2440430372953415,-0.0985797792673111,1.291529893875122,1.2766990661621094,,unlabeled_background,,0,"Valid Sentinel-2 Phase 4 raster pixel; unlabeled/background, not confirmed non-manganese."
unlabeled_r408_c621,79.74390115335854,21.68230871718584,370050.0,2398190.0,1299.0,1450.0,1621.0,2740.0,3815.0,2738.0,0.2565925121307373,-0.16399694979190826,1.2478829622268677,1.3933528661727905,,unlabeled_background,,0,"Valid Sentinel-2 Phase 4 raster pixel; unlabeled/background, not confirmed non-manganese."
unlabeled_r104_c74,79.63765992384955,21.736391032707548,359110.0,2404270.0,1283.0,1512.0,1534.0,3420.0,2910.0,2028.0,0.3807024657726288,0.08056872338056564,1.195635199546814,1.4349112510681152,,unlabeled_background,,0,"Valid Sentinel-2 Phase 4 raster pixel; unlabeled/background, not confirmed non-manganese."
unlabeled_r260_c479,79.71621787075206,21.708835195585216,367210.0,2401150.0,1463.0,1736.0,1893.0,3580.0,3805.0,2969.0,0.30824044346809387,-0.030467163771390915,1.2939165830612183,1.2815762758255005,,unlabeled_background,,0,"Valid Sentinel-2 Phase 4 raster pixel; unlabeled/background, not confirmed non-manganese."
unlabeled_r308_c473,79.71513492972244,21.700154902839667,367090.0,2400190.0,1846.0,2190.0,2797.0,3951.0,4901.0,3848.0,0.17101363837718964,-0.1073203831911087,1.5151679515838623,1.2736486196517944,,unlabeled_background,,0,"Valid Sentinel-2 Phase 4 raster pixel; unlabeled/background, not confirmed non-manganese."
unlabeled_r271_c2,79.62402587949897,21.70610816614246,357670.0,2400930.0,1355.0,1532.0,1711.0,3239.0,3544.0,2648.0,0.30868688225746155,-0.04496535286307335,1.262730598449707,1.338368535041809,,unlabeled_background,,0,"Valid Sentinel-2 Phase 4 raster pixel; unlabeled/background, not confirmed non-manganese."
unlabeled_r165_c507,79.72147912197782,21.726039008655327,367770.0,2403050.0,1614.0,1841.0,2189.0,3479.0,4107.0,3194.0,0.22759351134300232,-0.08278407901525497,1.3562577962875366,1.2858484983444214,,unlabeled_background,,0,"Valid Sentinel-2 Phase 4 raster pixel; unlabeled/background, not confirmed non-manganese."
unlabeled_r170_c307,79.68281934920562,21.724832759446407,363770.0,2402950.0,1476.0,1753.0,1819.0,3558.0,3795.0,2837.0,0.32341453433036804,-0.03223174065351486,1.2323848009109497,1.337680697441101,,unlabeled_background,,0,"Valid Sentinel-2 Phase 4 raster pixel; unlabeled/background, not confirmed non-manganese."
unlabeled_r252_c629,79.7452032704926,21.710502514090425,370210.0,2401310.0,2043.0,2492.0,3138.0,4552.0,5558.0,4380.0,0.1838751584291458,-0.09950543940067291,1.535976529121399,1.2689497470855713,,unlabeled_background,,0,"Valid Sentinel-2 Phase 4 raster pixel; unlabeled/background, not confirmed non-manganese."
unlabeled_r273_c317,79.6849218661903,21.706241199168424,363970.0,2400890.0,1619.0,1866.0,2169.0,3339.0,4428.0,3563.0,0.2124183028936386,-0.14020857214927673,1.339715838432312,1.2427729368209839,,unlabeled_background,,0,"Valid Sentinel-2 Phase 4 raster pixel; unlabeled/background, not confirmed non-manganese."
unlabeled_r363_c484,79.71734930350055,21.69023548026178,367310.0,2399090.0,1778.0,2047.0,2448.0,3597.0,4835.0,4072.0,0.19007444381713867,-0.14682163298130035,1.3768279552459717,1.1873772144317627,,unlabeled_background,,0,"Valid Sentinel-2 Phase 4 raster pixel; unlabeled/background, not confirmed non-manganese."
unlabeled_r90_c399,79.70047651836332,21.73942529620656,365610.0,2404550.0,1572.0,1874.0,2123.0,3675.0,4279.0,3263.0,0.26767849922180176,-0.07593663781881332,1.3505089282989502,1.3113698959350586,,unlabeled_background,,0,"Valid Sentinel-2 Phase 4 raster pixel; unlabeled/background, not confirmed non-manganese."
unlabeled_r455_c438,79.70860592381048,21.673546473725942,366390.0,2397250.0,1237.0,1362.0,1412.0,2691.0,2823.0,2100.0,0.31172314286231995,-0.023939063772559166,1.141471266746521,1.3442857265472412,,unlabeled_background,,0,"Valid Sentinel-2 Phase 4 raster pixel; unlabeled/background, not confirmed non-manganese."
unlabeled_r97_c323,79.68579286128146,21.738044742152717,364090.0,2404410.0,1755.0,2033.0,2479.0,3842.0,4802.0,4069.0,0.215630441904068,-0.11105969548225403,1.4125356674194336,1.1801425218582153,,unlabeled_background,,0,"Valid Sentinel-2 Phase 4 raster pixel; unlabeled/background, not confirmed non-manganese."
unlabeled_r95_c32,79.62952386472006,21.737949818117812,358270.0,2404450.0,1408.0,1692.0,1892.0,3507.0,3662.0,2590.0,0.299129456281662,-0.021620867773890495,1.34375,1.4138996601104736,,unlabeled_background,,0,"Valid Sentinel-2 Phase 4 raster pixel; unlabeled/background, not confirmed non-manganese."
unlabeled_r90_c584,79.73624803158201,21.739702237054303,369310.0,2404550.0,1270.0,1541.0,1419.0,4330.0,3099.0,2288.0,0.5063489079475403,0.1657019853591919,1.1173228025436401,1.3544580936431885,,unlabeled_background,,0,"Valid Sentinel-2 Phase 4 raster pixel; unlabeled/background, not confirmed non-manganese."
unlabeled_r347_c438,79.70843204563013,21.693056906607758,366390.0,2399410.0,1197.0,1352.0,1339.0,3205.0,2838.0,1987.0,0.41065141558647156,0.0607314258813858,1.1186299324035645,1.4282838106155396,,unlabeled_background,,0,"Valid Sentinel-2 Phase 4 raster pixel; unlabeled/background, not confirmed non-manganese."
unlabeled_r578_c395,79.70049436370952,21.65126139314286,365530.0,2394790.0,1386.0,1596.0,1760.0,3174.0,4059.0,3043.0,0.286582887172699,-0.1223558709025383,1.2698413133621216,1.3338810205459595,,unlabeled_background,,0,"Valid Sentinel-2 Phase 4 raster pixel; unlabeled/background, not confirmed non-manganese."
unlabeled_r26_c44,79.6317260185575,21.750433526998563,358510.0,2405830.0,1386.0,1595.0,1658.0,3429.0,3310.0,2420.0,0.3481423258781433,0.017658406868577003,1.196248173713684,1.36776864528656,,unlabeled_background,,0,"Valid Sentinel-2 Phase 4 raster pixel; unlabeled/background, not confirmed non-manganese."
unlabeled_r364_c211,79.66458245831132,21.6896383246067,361850.0,2399070.0,1417.0,1592.0,1746.0,2562.0,3368.0,2655.0,0.18941503763198853,-0.13591904938220978,1.2321807146072388,1.268549919128418,,unlabeled_background,,0,"Valid Sentinel-2 Phase 4 raster pixel; unlabeled/background, not confirmed non-manganese."
unlabeled_r214_c178,79.65795276103752,21.71668404903367,361190.0,2402070.0,1396.0,1683.0,1815.0,3372.0,3867.0,2890.0,0.3001735210418701,-0.06837961077690125,1.3001432418823242,1.3380622863769531,,unlabeled_background,,0,"Valid Sentinel-2 Phase 4 raster pixel; unlabeled/background, not confirmed non-manganese."
unlabeled_r49_c520,79.72380753188122,21.747014033890345,368030.0,2405370.0,1316.0,1489.0,1524.0,2696.0,2846.0,2245.0,0.27772513031959534,-0.02706604078412056,1.1580547094345093,1.267706036567688,,unlabeled_background,,0,"Valid Sentinel-2 Phase 4 raster pixel; unlabeled/background, not confirmed non-manganese."
unlabeled_r43_c203,79.66250008002703,21.747613893971856,361690.0,2405490.0,1623.0,1936.0,2297.0,3101.0,4491.0,3740.0,0.14894405007362366,-0.18308745324611664,1.4152803421020508,1.2008020877838135,,unlabeled_background,,0,"Valid Sentinel-2 Phase 4 raster pixel; unlabeled/background, not confirmed non-manganese."
unlabeled_r173_c271,79.67586418720144,21.724235316757564,363050.0,2402890.0,1600.0,1868.0,2320.0,3566.0,4825.0,3763.0,0.21168875694274902,-0.15004171431064606,1.4500000476837158,1.2822216749191284,,unlabeled_background,,0,"Valid Sentinel-2 Phase 4 raster pixel; unlabeled/background, not confirmed non-manganese."
unlabeled_r378_c552,79.73051704908728,21.687626811383232,368670.0,2398790.0,1072.0,1122.0,1093.0,948.0,1040.0,1062.0,-0.07104360312223434,-0.046277664601802826,1.0195895433425903,0.9792843461036682,,unlabeled_background,,0,"Valid Sentinel-2 Phase 4 raster pixel; unlabeled/background, not confirmed non-manganese."
unlabeled_r3_c608,79.74075168985848,21.75545441243884,369790.0,2406290.0,1438.0,1719.0,1795.0,3706.0,3493.0,2494.0,0.34739139676094055,0.02958744205534458,1.2482614517211914,1.4005613327026367,,unlabeled_background,,0,"Valid Sentinel-2 Phase 4 raster pixel; unlabeled/background, not confirmed non-manganese."
unlabeled_r516_c48,79.63333552260934,21.66192333221813,358590.0,2396030.0,1407.0,1601.0,1778.0,2836.0,4071.0,3183.0,0.22930212318897247,-0.17880411446094513,1.2636816501617432,1.2789820432662964,,unlabeled_background,,0,"Valid Sentinel-2 Phase 4 raster pixel; unlabeled/background, not confirmed non-manganese."
unlabeled_r46_c174,79.65689751341016,21.74702653789561,361110.0,2405430.0,1394.0,1622.0,1768.0,3512.0,3769.0,2941.0,0.33030304312705994,-0.03529734909534454,1.2682926654815674,1.2815369367599487,,unlabeled_background,,0,"Valid Sentinel-2 Phase 4 raster pixel; unlabeled/background, not confirmed non-manganese."
unlabeled_r164_c348,79.69073637080915,21.72597950698014,364590.0,2403070.0,1697.0,1986.0,2326.0,3467.0,4336.0,3334.0,0.19696184992790222,-0.11136741936206818,1.3706541061401367,1.3005398511886597,,unlabeled_background,,0,"Valid Sentinel-2 Phase 4 raster pixel; unlabeled/background, not confirmed non-manganese."
unlabeled_r390_c222,79.66675185729255,21.68495855627203,362070.0,2398550.0,1380.0,1583.0,1788.0,3155.0,3796.0,2876.0,0.2765527069568634,-0.09221694618463516,1.295652151107788,1.319888710975647,,unlabeled_background,,0,"Valid Sentinel-2 Phase 4 raster pixel; unlabeled/background, not confirmed non-manganese."
unlabeled_r239_c621,79.7436362994846,21.712839298885488,370050.0,2401570.0,1496.0,1768.0,1932.0,3432.0,4135.0,3223.0,0.2796420454978943,-0.09290339797735214,1.2914438247680664,1.282966136932373,,unlabeled_background,,0,"Valid Sentinel-2 Phase 4 raster pixel; unlabeled/background, not confirmed non-manganese."
unlabeled_r319_c419,79.70471417285681,21.69808650658083,366010.0,2399970.0,1234.0,1340.0,1343.0,2045.0,2532.0,1984.0,0.20720188319683075,-0.10640157014131546,1.088330626487732,1.2762097120285034,,unlabeled_background,,0,"Valid Sentinel-2 Phase 4 raster pixel; unlabeled/background, not confirmed non-manganese."
unlabeled_r435_c17,79.62720629366139,21.676506272118836,357970.0,2397650.0,1196.0,1369.0,1345.0,2961.0,2821.0,2054.0,0.37529030442237854,0.024213075637817383,1.1245819330215454,1.3734177350997925,,unlabeled_background,,0,"Valid Sentinel-2 Phase 4 raster pixel; unlabeled/background, not confirmed non-manganese."
unlabeled_r175_c633,79.74585597295777,21.724418728890736,370290.0,2402850.0,2065.0,2408.0,2954.0,4278.0,4983.0,3878.0,0.1830752193927765,-0.07612568885087967,1.4305084943771362,1.2849407196044922,,unlabeled_background,,0,"Valid Sentinel-2 Phase 4 raster pixel; unlabeled/background, not confirmed non-manganese."
unlabeled_r196_c137,79.64999613532807,21.719871303424963,360370.0,2402430.0,1348.0,1589.0,1677.0,3043.0,3351.0,2501.0,0.28940677642822266,-0.04817016050219536,1.244065284729004,1.3398640155792236,,unlabeled_background,,0,"Valid Sentinel-2 Phase 4 raster pixel; unlabeled/background, not confirmed non-manganese."
unlabeled_r462_c9,79.62570638438801,21.67161602404536,357810.0,2397110.0,1816.0,2175.0,2553.0,3769.0,4528.0,3602.0,0.19234418869018555,-0.0914788469672203,1.405837059020996,1.2570793628692627,,unlabeled_background,,0,"Valid Sentinel-2 Phase 4 raster pixel; unlabeled/background, not confirmed non-manganese."
unlabeled_r466_c545,79.72930339271602,21.671718924028568,368530.0,2397030.0,1316.0,1521.0,1646.0,2613.0,3461.0,2677.0,0.2270486056804657,-0.13961145281791687,1.2507598400115967,1.2928651571273804,,unlabeled_background,,0,"Valid Sentinel-2 Phase 4 raster pixel; unlabeled/background, not confirmed non-manganese."
unlabeled_r15_c423,79.7049956551508,21.753010450089366,366090.0,2406050.0,1448.0,1698.0,1795.0,3702.0,3456.0,2472.0,0.3469164967536926,0.034367140382528305,1.2396408319473267,1.398058295249939,,unlabeled_background,,0,"Valid Sentinel-2 Phase 4 raster pixel; unlabeled/background, not confirmed non-manganese."
unlabeled_r200_c12,79.62583715347726,21.71895002829774,357870.0,2402350.0,1251.0,1403.0,1473.0,2823.0,2946.0,2169.0,0.3142458200454712,-0.021320853382349014,1.1774580478668213,1.358229637145996,,unlabeled_background,,0,"Valid Sentinel-2 Phase 4 raster pixel; unlabeled/background, not confirmed non-manganese."
unlabeled_r178_c602,79.73986712168222,21.72383127914257,369670.0,2402790.0,1696.0,1984.0,2306.0,3871.0,4500.0,3479.0,0.25335922837257385,-0.07514036446809769,1.359669804573059,1.2934751510620117,,unlabeled_background,,0,"Valid Sentinel-2 Phase 4 raster pixel; unlabeled/background, not confirmed non-manganese."
unlabeled_r531_c530,79.72650745218348,21.659954204088653,368230.0,2395730.0,1324.0,1489.0,1593.0,2595.0,3467.0,2649.0,0.23925501108169556,-0.14384691417217255,1.203172206878662,1.3087958097457886,,unlabeled_background,,0,"Valid Sentinel-2 Phase 4 raster pixel; unlabeled/background, not confirmed non-manganese."
unlabeled_r28_c442,79.70869081198175,21.750690706581075,366470.0,2405790.0,1386.0,1722.0,1714.0,4027.0,3406.0,2401.0,0.40289148688316345,0.08354634791612625,1.2366522550582886,1.418575644493103,,unlabeled_background,,0,"Valid Sentinel-2 Phase 4 raster pixel; unlabeled/background, not confirmed non-manganese."
unlabeled_r372_c228,79.6678816571261,21.688219557906795,362190.0,2398910.0,1614.0,1890.0,2169.0,3152.0,4086.0,3264.0,0.18473970890045166,-0.1290411651134491,1.343866229057312,1.251838207244873,,unlabeled_background,,0,"Valid Sentinel-2 Phase 4 raster pixel; unlabeled/background, not confirmed non-manganese."
unlabeled_r176_c11,79.62560263050283,21.723283909908307,357850.0,2402830.0,1356.0,1595.0,1744.0,3045.0,3283.0,2513.0,0.27166423201560974,-0.03761062026023865,1.2861356735229492,1.3064067363739014,,unlabeled_background,,0,"Valid Sentinel-2 Phase 4 raster pixel; unlabeled/background, not confirmed non-manganese."
unlabeled_r13_c245,79.670571579287,21.753098769266387,362530.0,2406090.0,1249.0,1447.0,1454.0,3000.0,2850.0,2048.0,0.34710371494293213,0.025641025975346565,1.1641312837600708,1.3916015625,,unlabeled_background,,0,"Valid Sentinel-2 Phase 4 raster pixel; unlabeled/background, not confirmed non-manganese."
unlabeled_r234_c615,79.74246849529794,21.713733769817175,369930.0,2401670.0,1454.0,1676.0,1889.0,3208.0,4236.0,3146.0,0.2587796747684479,-0.13809779286384583,1.2991746664047241,1.3464716672897339,,unlabeled_background,,0,"Valid Sentinel-2 Phase 4 raster pixel; unlabeled/background, not confirmed non-manganese."
unlabeled_r271_c632,79.7458129839701,21.707074474093012,370270.0,2400930.0,1848.0,2211.0,2698.0,3870.0,5041.0,4045.0,0.17844092845916748,-0.131410613656044,1.4599567651748657,1.246229887008667,,unlabeled_background,,0,"Valid Sentinel-2 Phase 4 raster pixel; unlabeled/background, not confirmed non-manganese."
unlabeled_r323_c617,79.74299477944605,21.69765848932924,369970.0,2399890.0,1566.0,1783.0,2168.0,3104.0,4333.0,3440.0,0.17754173278808594,-0.16525480151176453,1.3844188451766968,1.2595930099487305,,unlabeled_background,,0,"Valid Sentinel-2 Phase 4 raster pixel; unlabeled/background, not confirmed non-manganese."
unlabeled_r518_c486,79.71798354457248,21.662237258581175,367350.0,2395990.0,1285.0,1502.0,1576.0,2747.0,3606.0,2728.0,0.2708767056465149,-0.13521170616149902,1.2264591455459595,1.3218475580215454,,unlabeled_background,,0,"Valid Sentinel-2 Phase 4 raster pixel; unlabeled/background, not confirmed non-manganese."
unlabeled_r361_c555,79.73107002276096,21.690702360284924,368730.0,2399130.0,1256.0,1444.0,1404.0,2910.0,2483.0,1997.0,0.3490959703922272,0.07917670905590057,1.117834448814392,1.2433650493621826,,unlabeled_background,,0,"Valid Sentinel-2 Phase 4 raster pixel; unlabeled/background, not confirmed non-manganese."
unlabeled_r252_c244,79.67077526416902,21.709922258296245,362510.0,2401310.0,1426.0,1647.0,1914.0,2855.0,3927.0,3236.0,0.1973160058259964,-0.15806546807289124,1.3422160148620605,1.213535189628601,,unlabeled_background,,0,"Valid Sentinel-2 Phase 4 raster pixel; unlabeled/background, not confirmed non-manganese."
unlabeled_r352_c473,79.71520545032153,21.692206199438598,367090.0,2399310.0,2003.0,2343.0,2901.0,4053.0,5444.0,4314.0,0.1656600534915924,-0.14646729826927185,1.4483275413513184,1.2619378566741943,,unlabeled_background,,0,"Valid Sentinel-2 Phase 4 raster pixel; unlabeled/background, not confirmed non-manganese."
unlabeled_r575_c160,79.65507833607542,21.651441817585486,360830.0,2394850.0,1189.0,1343.0,1354.0,2717.0,2854.0,2067.0,0.3348071873188019,-0.024591635912656784,1.1387721300125122,1.3807450532913208,,unlabeled_background,,0,"Valid Sentinel-2 Phase 4 raster pixel; unlabeled/background, not confirmed non-manganese."
unlabeled_r157_c457,79.71179918332348,21.72740931548048,366770.0,2403210.0,1298.0,1516.0,1594.0,3106.0,3360.0,2460.0,0.32170212268829346,-0.03928240016102791,1.2280431985855103,1.3658536672592163,,unlabeled_background,,0,"Valid Sentinel-2 Phase 4 raster pixel; unlabeled/background, not confirmed non-manganese."
unlabeled_r340_c619,79.74340803832779,21.694590296231198,370010.0,2399550.0,1626.0,1892.0,2180.0,3602.0,4114.0,3150.0,0.24593566358089447,-0.0663556233048439,1.340713381767273,1.3060317039489746,,unlabeled_background,,0,"Valid Sentinel-2 Phase 4 raster pixel; unlabeled/background, not confirmed non-manganese."
unlabeled_r388_c398,79.70076662092377,21.6855897958187,365590.0,2398590.0,1434.0,1699.0,1917.0,3273.0,3905.0,2947.0,0.2612716853618622,-0.08804681152105331,1.336820125579834,1.3250763416290283,,unlabeled_background,,0,"Valid Sentinel-2 Phase 4 raster pixel; unlabeled/background, not confirmed non-manganese."
unlabeled_r566_c393,79.70008846791158,21.653426195420252,365490.0,2395030.0,1293.0,1448.0,1503.0,2583.0,3092.0,2362.0,0.26431718468666077,-0.0896916314959526,1.1624130010604858,1.3090600967407227,,unlabeled_background,,0,"Valid Sentinel-2 Phase 4 raster pixel; unlabeled/background, not confirmed non-manganese."
unlabeled_r58_c8,79.62481984568095,21.74459519324231,357790.0,2405190.0,1227.0,1394.0,1399.0,3160.0,2934.0,2042.0,0.3862689137458801,0.03708565980195999,1.1401792764663696,1.4368265867233276,,unlabeled_background,,0,"Valid Sentinel-2 Phase 4 raster pixel; unlabeled/background, not confirmed non-manganese."
unlabeled_r273_c369,79.69497413527054,21.70632065189544,365010.0,2400890.0,1315.0,1504.0,1613.0,2999.0,3171.0,2337.0,0.3005203902721405,-0.027876824140548706,1.2266160249710083,1.356867790222168,,unlabeled_background,,0,"Valid Sentinel-2 Phase 4 raster pixel; unlabeled/background, not confirmed non-manganese."
unlabeled_r72_c25,79.62813096547777,21.742093443342867,358130.0,2404910.0,1293.0,1581.0,1557.0,3546.0,3002.0,2080.0,0.3897707164287567,0.08307880163192749,1.2041763067245483,1.4432692527770996,,unlabeled_background,,0,"Valid Sentinel-2 Phase 4 raster pixel; unlabeled/background, not confirmed non-manganese."
unlabeled_r47_c527,79.72515793289008,21.747385769971487,368170.0,2405410.0,1298.0,1590.0,1476.0,3975.0,2910.0,2095.0,0.45844799280166626,0.15468409657478333,1.137134075164795,1.3890215158462524,,unlabeled_background,,0,"Valid Sentinel-2 Phase 4 raster pixel; unlabeled/background, not confirmed non-manganese."
unlabeled_r164_c25,79.62828869637171,21.725474090314346,358130.0,2403070.0,1293.0,1535.0,1540.0,3473.0,2892.0,2007.0,0.38559743762016296,0.09128043800592422,1.1910285949707031,1.4409565925598145,,unlabeled_background,,0,"Valid Sentinel-2 Phase 4 raster pixel; unlabeled/background, not confirmed non-manganese."
unlabeled_r76_c303,79.68189115931828,21.741807627859405,363690.0,2404830.0,1413.0,1632.0,1752.0,3365.0,3531.0,2731.0,0.315223753452301,-0.02407192625105381,1.239915132522583,1.2929329872131348,,unlabeled_background,,0,"Valid Sentinel-2 Phase 4 raster pixel; unlabeled/background, not confirmed non-manganese."
unlabeled_r462_c385,79.69837395626064,21.67220188293228,365330.0,2397110.0,1970.0,2347.0,2739.0,3589.0,4594.0,4107.0,0.13432364165782928,-0.12281559407711029,1.3903553485870361,1.1185780763626099,,unlabeled_background,,0,"Valid Sentinel-2 Phase 4 raster pixel; unlabeled/background, not confirmed non-manganese."
unlabeled_r346_c88,79.64077757292876,21.69269683300327,359390.0,2399430.0,1308.0,1481.0,1540.0,3365.0,3052.0,2171.0,0.3720693290233612,0.04877668619155884,1.1773700714111328,1.4058037996292114,,unlabeled_background,,0,"Valid Sentinel-2 Phase 4 raster pixel; unlabeled/background, not confirmed non-manganese."
unlabeled_r243_c653,79.74982897362365,21.712163469766836,370690.0,2401490.0,1496.0,1693.0,2017.0,2928.0,4011.0,3163.0,0.18422649800777435,-0.15607436001300812,1.348262071609497,1.2680999040603638,,unlabeled_background,,0,"Valid Sentinel-2 Phase 4 raster pixel; unlabeled/background, not confirmed non-manganese."
unlabeled_r322_c421,79.70510562531564,21.6975475716953,366050.0,2399910.0,1311.0,1511.0,1625.0,2926.0,3397.0,2633.0,0.2858712375164032,-0.07448995858430862,1.2395118474960327,1.290163278579712,,unlabeled_background,,0,"Valid Sentinel-2 Phase 4 raster pixel; unlabeled/background, not confirmed non-manganese."
unlabeled_r543_c248,79.67203036464068,21.6573594577802,362590.0,2395490.0,1412.0,1602.0,1743.0,2388.0,2680.0,2184.0,0.15613652765750885,-0.05761641636490822,1.2344192266464233,1.2271062135696411,,unlabeled_background,,0,"Valid Sentinel-2 Phase 4 raster pixel; unlabeled/background, not confirmed non-manganese."
unlabeled_r176_c206,79.66330240887,21.72359243415914,361750.0,2402830.0,1350.0,1555.0,1619.0,2418.0,2320.0,1846.0,0.19791924953460693,0.020683832466602325,1.1992592811584473,1.256771445274353,,unlabeled_background,,0,"Valid Sentinel-2 Phase 4 raster pixel; unlabeled/background, not confirmed non-manganese."
unlabeled_r286_c14,79.62637128336192,21.703417722989293,357910.0,2400630.0,1789.0,2083.0,2539.0,3967.0,4639.0,3585.0,0.2194897085428238,-0.07808505743741989,1.4192286729812622,1.2940027713775635,,unlabeled_background,,0,"Valid Sentinel-2 Phase 4 raster pixel; unlabeled/background, not confirmed non-manganese."
unlabeled_r76_c334,79.6878853191334,21.741855250716895,364310.0,2404830.0,1278.0,1472.0,1595.0,2833.0,3747.0,2770.0,0.27958446741104126,-0.13890577852725983,1.2480437755584717,1.3527076244354248,,unlabeled_background,,0,"Valid Sentinel-2 Phase 4 raster pixel; unlabeled/background, not confirmed non-manganese."
unlabeled_r72_c35,79.63006452466982,21.74210945732905,358330.0,2404910.0,1300.0,1523.0,1505.0,3379.0,2892.0,2052.0,0.383701890707016,0.07765906304121017,1.157692313194275,1.409356713294983,,unlabeled_background,,0,"Valid Sentinel-2 Phase 4 raster pixel; unlabeled/background, not confirmed non-manganese."
unlabeled_r300_c109,79.64475891844295,21.70103982538807,359810.0,2400350.0,1429.0,1601.0,1857.0,3073.0,4193.0,3159.0,0.24665313959121704,-0.1541425883769989,1.29951012134552,1.327318787574768,,unlabeled_background,,0,"Valid Sentinel-2 Phase 4 raster pixel; unlabeled/background, not confirmed non-manganese."
unlabeled_r557_c633,79.74645326760538,21.655408648078176,370290.0,2395210.0,1286.0,1490.0,1631.0,2764.0,3454.0,2573.0,0.25779294967651367,-0.11096815764904022,1.2682737112045288,1.3424018621444702,,unlabeled_background,,0,"Valid Sentinel-2 Phase 4 raster pixel; unlabeled/background, not confirmed non-manganese."
unlabeled_r395_c476,79.71585419401207,21.68444263072514,367150.0,2398450.0,1624.0,1870.0,2210.0,3057.0,4405.0,3746.0,0.1608126014471054,-0.18064862489700317,1.360837459564209,1.1759209632873535,,unlabeled_background,,0,"Valid Sentinel-2 Phase 4 raster pixel; unlabeled/background, not confirmed non-manganese."
unlabeled_r235_c233,79.66862053150963,21.712976215766187,362290.0,2401650.0,1290.0,1472.0,1517.0,2874.0,3291.0,2531.0,0.30904123187065125,-0.06763990223407745,1.1759690046310425,1.300276517868042,,unlabeled_background,,0,"Valid Sentinel-2 Phase 4 raster pixel; unlabeled/background, not confirmed non-manganese."
unlabeled_r163_c383,79.69750162762558,21.726213510914093,365290.0,2403090.0,1345.0,1526.0,1642.0,3177.0,3558.0,2575.0,0.3185308277606964,-0.056570157408714294,1.2208178043365479,1.3817476034164429,,unlabeled_background,,0,"Valid Sentinel-2 Phase 4 raster pixel; unlabeled/background, not confirmed non-manganese."
unlabeled_r298_c196,79.66157294532762,21.70153775312699,361550.0,2400390.0,1820.0,2092.0,2590.0,3596.0,5499.0,4457.0,0.1626252830028534,-0.20923584699630737,1.423076868057251,1.2337895631790161,,unlabeled_background,,0,"Valid Sentinel-2 Phase 4 raster pixel; unlabeled/background, not confirmed non-manganese."
unlabeled_r130_c522,79.72432346047202,21.732384199941013,368070.0,2403750.0,1466.0,1658.0,1918.0,3369.0,3843.0,2849.0,0.2744467556476593,-0.06572379171848297,1.3083219528198242,1.3488943576812744,,unlabeled_background,,0,"Valid Sentinel-2 Phase 4 raster pixel; unlabeled/background, not confirmed non-manganese."
unlabeled_r149_c76,79.63812321188107,21.728265147863453,359150.0,2403370.0,1307.0,1521.0,1516.0,3498.0,3082.0,2197.0,0.3952931761741638,0.06322188675403595,1.1599081754684448,1.4028220176696777,,unlabeled_background,,0,"Valid Sentinel-2 Phase 4 raster pixel; unlabeled/background, not confirmed non-manganese."
unlabeled_r545_c567,79.73367993050294,21.657479732550474,368970.0,2395450.0,1390.0,1585.0,1810.0,2891.0,3828.0,2893.0,0.22995106875896454,-0.13945527374744415,1.302158236503601,1.323193907737732,,unlabeled_background,,0,"Valid Sentinel-2 Phase 4 raster pixel; unlabeled/background, not confirmed non-manganese."
unlabeled_r411_c478,79.7162663705623,21.68155517944856,367190.0,2398130.0,1439.0,1675.0,1714.0,3949.0,3588.0,2838.0,0.3946671485900879,0.04789704084396362,1.1911048889160156,1.2642706632614136,,unlabeled_background,,0,"Valid Sentinel-2 Phase 4 raster pixel; unlabeled/background, not confirmed non-manganese."
unlabeled_r447_c228,79.66800618707437,21.67467086396766,362190.0,2397410.0,1356.0,1542.0,1733.0,3033.0,3581.0,2701.0,0.2727654278278351,-0.08285455405712128,1.278023600578308,1.3258053064346313,,unlabeled_background,,0,"Valid Sentinel-2 Phase 4 raster pixel; unlabeled/background, not confirmed non-manganese."
unlabeled_r547_c440,79.70914038496643,21.656929443208128,366430.0,2395410.0,1408.0,1597.0,1810.0,3111.0,3869.0,3043.0,0.2643771469593048,-0.10859598964452744,1.2855113744735718,1.2714426517486572,,unlabeled_background,,0,"Valid Sentinel-2 Phase 4 raster pixel; unlabeled/background, not confirmed non-manganese."
unlabeled_r405_c491,79.71876945396264,21.682658521063672,367450.0,2398250.0,1562.0,1803.0,2165.0,3099.0,4505.0,3633.0,0.1774316132068634,-0.18490268290042877,1.3860435485839844,1.24002206325531,,unlabeled_background,,0,"Valid Sentinel-2 Phase 4 raster pixel; unlabeled/background, not confirmed non-manganese."
unlabeled_r103_c253,79.67226801177254,21.736852855351145,362690.0,2404290.0,1620.0,1902.0,2197.0,3241.0,3826.0,3083.0,0.19198234379291534,-0.08277911692857742,1.356172800064087,1.2409989833831787,,unlabeled_background,,0,"Valid Sentinel-2 Phase 4 raster pixel; unlabeled/background, not confirmed non-manganese."
unlabeled_r233_c287,79.67905654592602,21.713421062033525,363370.0,2401690.0,1708.0,1997.0,2345.0,3494.0,4843.0,3824.0,0.196780264377594,-0.1618088036775589,1.372950792312622,1.2664748430252075,,unlabeled_background,,0,"Valid Sentinel-2 Phase 4 raster pixel; unlabeled/background, not confirmed non-manganese."
unlabeled_r44_c649,79.748744563549,21.74810777531993,370610.0,2405470.0,1354.0,1645.0,1615.0,4387.0,3332.0,2427.0,0.4618460536003113,0.13667573034763336,1.1927621364593506,1.3728883266448975,,unlabeled_background,,0,"Valid Sentinel-2 Phase 4 raster pixel; unlabeled/background, not confirmed non-manganese."
unlabeled_r563_c181,79.65911629002515,21.65364242036345,361250.0,2395090.0,1244.0,1554.0,1451.0,3011.0,2972.0,2111.0,0.3496190011501312,0.00651846919208765,1.1663987636566162,1.4078636169433594,,unlabeled_background,,0,"Valid Sentinel-2 Phase 4 raster pixel; unlabeled/background, not confirmed non-manganese."
unlabeled_r509_c426,79.70637369902278,21.663773184049198,366150.0,2396170.0,1435.0,1676.0,1942.0,3098.0,4056.0,3049.0,0.22936508059501648,-0.1339111030101776,1.3533101081848145,1.3302721977233887,,unlabeled_background,,0,"Valid Sentinel-2 Phase 4 raster pixel; unlabeled/background, not confirmed non-manganese."
unlabeled_r368_c67,79.63675587089519,21.68868928439847,358970.0,2398990.0,1218.0,1360.0,1343.0,2801.0,2815.0,1987.0,0.3518339693546295,-0.00249287742190063,1.1026272773742676,1.4167085886001587,,unlabeled_background,,0,"Valid Sentinel-2 Phase 4 raster pixel; unlabeled/background, not confirmed non-manganese."
unlabeled_r90_c562,79.73199409210939,21.739669708254414,368870.0,2404550.0,1335.0,1620.0,1542.0,3843.0,3136.0,2295.0,0.42729803919792175,0.10130391269922256,1.1550562381744385,1.3664487600326538,,unlabeled_background,,0,"Valid Sentinel-2 Phase 4 raster pixel; unlabeled/background, not confirmed non-manganese."
unlabeled_r12_c101,79.64272421249689,21.753053339891608,359650.0,2406110.0,1392.0,1667.0,1822.0,3521.0,3259.0,2338.0,0.3179861605167389,0.03864306956529617,1.3089081048965454,1.3939263820648193,,unlabeled_background,,0,"Valid Sentinel-2 Phase 4 raster pixel; unlabeled/background, not confirmed non-manganese."
unlabeled_r86_c328,79.68674157720703,21.740039557002955,364190.0,2404630.0,1484.0,1734.0,1997.0,3504.0,4320.0,3337.0,0.2739501893520355,-0.10429447889328003,1.3456873893737793,1.2945759296417236,,unlabeled_background,,0,"Valid Sentinel-2 Phase 4 raster pixel; unlabeled/background, not confirmed non-manganese."
unlabeled_r213_c62,79.63552556211596,21.716681527182008,358870.0,2402090.0,1180.0,1358.0,1361.0,2759.0,2901.0,2132.0,0.3393203914165497,-0.025088340044021606,1.153389811515808,1.360694169998169,,unlabeled_background,,0,"Valid Sentinel-2 Phase 4 raster pixel; unlabeled/background, not confirmed non-manganese."
unlabeled_r347_c425,79.70591919074722,21.69303731593236,366130.0,2399410.0,1327.0,1612.0,1692.0,3317.0,3484.0,2549.0,0.32441604137420654,-0.024555211886763573,1.2750564813613892,1.3668105602264404,,unlabeled_background,,0,"Valid Sentinel-2 Phase 4 raster pixel; unlabeled/background, not confirmed non-manganese."
unlabeled_r470_c341,79.68988323603847,21.670689759248724,364450.0,2396950.0,1322.0,1477.0,1614.0,2809.0,3357.0,2483.0,0.2701786160469055,-0.08887447416782379,1.2208774089813232,1.3519935607910156,,unlabeled_background,,0,"Valid Sentinel-2 Phase 4 raster pixel; unlabeled/background, not confirmed non-manganese."
unlabeled_r557_c140,79.65118338007716,21.654662151221167,360430.0,2395210.0,1277.0,1444.0,1468.0,3014.0,3072.0,2216.0,0.3449352979660034,-0.009530069306492805,1.1495692729949951,1.3862816095352173,,unlabeled_background,,0,"Valid Sentinel-2 Phase 4 raster pixel; unlabeled/background, not confirmed non-manganese."
unlabeled_r552_c420,79.70528347666634,21.655996089570802,366030.0,2395310.0,1266.0,1469.0,1545.0,3013.0,3416.0,2425.0,0.3220710754394531,-0.06268470734357834,1.220379114151001,1.408659815788269,,unlabeled_background,,0,"Valid Sentinel-2 Phase 4 raster pixel; unlabeled/background, not confirmed non-manganese."
unlabeled_r135_c108,79.64428632548825,21.73084495933462,359790.0,2403650.0,1288.0,1438.0,1550.0,3135.0,3111.0,2223.0,0.3383137583732605,0.003842459060251713,1.203416109085083,1.3994601964950562,,unlabeled_background,,0,"Valid Sentinel-2 Phase 4 raster pixel; unlabeled/background, not confirmed non-manganese."
unlabeled_r326_c12,79.62605324524804,21.696188690177895,357870.0,2399830.0,1298.0,1558.0,1615.0,3499.0,3197.0,2248.0,0.3684004545211792,0.045101553201675415,1.2442219257354736,1.4221529960632324,,unlabeled_background,,0,"Valid Sentinel-2 Phase 4 raster pixel; unlabeled/background, not confirmed non-manganese."
unlabeled_r580_c419,79.70513535959147,21.650936311006973,366010.0,2394750.0,1445.0,1684.0,1883.0,3149.0,4223.0,3272.0,0.251589834690094,-0.14568638801574707,1.3031141757965088,1.2906478643417358,,unlabeled_background,,0,"Valid Sentinel-2 Phase 4 raster pixel; unlabeled/background, not confirmed non-manganese."
unlabeled_r418_c642,79.74797574809463,21.680532851021944,370470.0,2397990.0,1378.0,1566.0,1763.0,2682.0,4087.0,3169.0,0.20674915611743927,-0.20756389200687408,1.2793904542922974,1.289681315422058,,unlabeled_background,,0,"Valid Sentinel-2 Phase 4 raster pixel; unlabeled/background, not confirmed non-manganese."
unlabeled_r27_c617,79.74252988949978,21.751131977272955,369970.0,2405810.0,1418.0,1688.0,1750.0,3490.0,3477.0,2543.0,0.3320610821247101,0.0018659394700080156,1.2341325283050537,1.367282748222351,,unlabeled_background,,0,"Valid Sentinel-2 Phase 4 raster pixel; unlabeled/background, not confirmed non-manganese."
unlabeled_r391_c12,79.62616461030484,21.684446704820978,357870.0,2398530.0,1470.0,1754.0,2004.0,3568.0,4182.0,3047.0,0.28068915009498596,-0.0792258083820343,1.3632652759552002,1.37249755859375,,unlabeled_background,,0,"Valid Sentinel-2 Phase 4 raster pixel; unlabeled/background, not confirmed non-manganese."
unlabeled_r336_c563,79.73257686627456,21.695230526132224,368890.0,2399630.0,1562.0,1759.0,1886.0,2320.0,2191.0,1735.0,0.10318592190742493,0.02859676256775856,1.2074264287948608,1.2628241777420044,,unlabeled_background,,0,"Valid Sentinel-2 Phase 4 raster pixel; unlabeled/background, not confirmed non-manganese."
unlabeled_r440_c122,79.64750797558925,21.675769689406266,360070.0,2397550.0,1264.0,1412.0,1475.0,2828.0,3006.0,2174.0,0.3144317865371704,-0.0305107980966568,1.1669304370880127,1.382704734802246,,unlabeled_background,,0,"Valid Sentinel-2 Phase 4 raster pixel; unlabeled/background, not confirmed non-manganese."
unlabeled_r545_c496,79.71995914207496,21.657374527043235,367550.0,2395450.0,1283.0,1483.0,1552.0,2933.0,3370.0,2482.0,0.30791527032852173,-0.0693320631980896,1.2096648216247559,1.3577760457992554,,unlabeled_background,,0,"Valid Sentinel-2 Phase 4 raster pixel; unlabeled/background, not confirmed non-manganese."
unlabeled_r416_c454,79.7116356395253,21.6806159574329,366710.0,2398030.0,1440.0,1661.0,1917.0,3258.0,4371.0,3341.0,0.25913044810295105,-0.14589068293571472,1.3312499523162842,1.308290958404541,,unlabeled_background,,0,"Valid Sentinel-2 Phase 4 raster pixel; unlabeled/background, not confirmed non-manganese."
unlabeled_r251_c647,79.74868151963724,21.710709479865898,370570.0,2401330.0,1768.0,2078.0,2569.0,3816.0,4744.0,3608.0,0.19530148804187775,-0.10841121524572372,1.4530543088912964,1.314855933189392,,unlabeled_background,,0,"Valid Sentinel-2 Phase 4 raster pixel; unlabeled/background, not confirmed non-manganese."
unlabeled_r57_c109,79.64434749101807,21.74493695150359,359810.0,2405210.0,1270.0,1491.0,1473.0,3308.0,2883.0,2069.0,0.3838109076023102,0.06864804029464722,1.1598424911499023,1.393426775932312,,unlabeled_background,,0,"Valid Sentinel-2 Phase 4 raster pixel; unlabeled/background, not confirmed non-manganese."
unlabeled_r57_c413,79.70313002146813,21.745407990068077,365890.0,2405210.0,1398.0,1670.0,1873.0,3441.0,3805.0,2797.0,0.2950696349143982,-0.050234612077474594,1.3397711515426636,1.3603861331939697,,unlabeled_background,,0,"Valid Sentinel-2 Phase 4 raster pixel; unlabeled/background, not confirmed non-manganese."
unlabeled_r273_c113,79.64548649107172,21.705923616527794,359890.0,2400890.0,1926.0,2233.0,2772.0,4123.0,5058.0,4106.0,0.1959390789270401,-0.10184075683355331,1.4392523765563965,1.231855869293213,,unlabeled_background,,0,"Valid Sentinel-2 Phase 4 raster pixel; unlabeled/background, not confirmed non-manganese."
unlabeled_r220_c245,79.67091548270467,21.71570457001998,362530.0,2401950.0,1476.0,1715.0,1912.0,3249.0,3950.0,3032.0,0.2590583264827728,-0.09737463295459747,1.2953929901123047,1.3027704954147339,,unlabeled_background,,0,"Valid Sentinel-2 Phase 4 raster pixel; unlabeled/background, not confirmed non-manganese."
unlabeled_r570_c0,79.62415207682501,21.65209180084087,357630.0,2394950.0,1457.0,1659.0,1921.0,3105.0,4327.0,3252.0,0.23557500541210175,-0.1644241064786911,1.318462610244751,1.3305658102035522,,unlabeled_background,,0,"Valid Sentinel-2 Phase 4 raster pixel; unlabeled/background, not confirmed non-manganese."
unlabeled_r361_c540,79.72817059643,21.690680150323487,368430.0,2399130.0,1239.0,1390.0,1514.0,2603.0,3084.0,2307.0,0.2645129859447479,-0.08457886427640915,1.2219531536102295,1.3368010520935059,,unlabeled_background,,0,"Valid Sentinel-2 Phase 4 raster pixel; unlabeled/background, not confirmed non-manganese."
unlabeled_r325_c304,79.68249429382655,21.696827447092666,363710.0,2399850.0,1365.0,1586.0,1633.0,3338.0,3637.0,2740.0,0.34298932552337646,-0.04286738485097885,1.1963369846343994,1.3273723125457764,,unlabeled_background,,0,"Valid Sentinel-2 Phase 4 raster pixel; unlabeled/background, not confirmed non-manganese."
unlabeled_r315_c410,79.70296797338108,21.698795511588703,365830.0,2400050.0,1315.0,1500.0,1661.0,2878.0,3296.0,2485.0,0.26812073588371277,-0.06770326942205429,1.2631179094314575,1.3263581991195679,,unlabeled_background,,0,"Valid Sentinel-2 Phase 4 raster pixel; unlabeled/background, not confirmed non-manganese."
unlabeled_r482_c384,79.69821312390702,21.66858733303675,365310.0,2396710.0,1711.0,2042.0,2471.0,3809.0,4854.0,3723.0,0.21305732429027557,-0.12062795460224152,1.44418466091156,1.3037872314453125,,unlabeled_background,,0,"Valid Sentinel-2 Phase 4 raster pixel; unlabeled/background, not confirmed non-manganese."
unlabeled_r518_c176,79.65807491035417,21.661763822981097,361150.0,2395990.0,1244.0,1454.0,1465.0,2959.0,3045.0,2231.0,0.3377034366130829,-0.014323784038424492,1.1776527166366577,1.364858865737915,,unlabeled_background,,0,"Valid Sentinel-2 Phase 4 raster pixel; unlabeled/background, not confirmed non-manganese."
unlabeled_r22_c412,79.70287987340755,21.751729236462438,365870.0,2405910.0,1468.0,1688.0,1839.0,3737.0,3577.0,2649.0,0.34038737416267395,0.021875854581594467,1.2527247667312622,1.3503209352493286,,unlabeled_background,,0,"Valid Sentinel-2 Phase 4 raster pixel; unlabeled/background, not confirmed non-manganese."
unlabeled_r539_c452,79.71144653474347,21.65839267809393,366670.0,2395570.0,1236.0,1454.0,1505.0,2993.0,3249.0,2371.0,0.3308137059211731,-0.04101249575614929,1.217637538909912,1.3703079223632812,,unlabeled_background,,0,"Valid Sentinel-2 Phase 4 raster pixel; unlabeled/background, not confirmed non-manganese."
unlabeled_r542_c588,79.7377334932116,21.65805259685954,369390.0,2395510.0,1335.0,1500.0,1595.0,2681.0,3275.0,2426.0,0.25397568941116333,-0.09973136335611343,1.1947565078735352,1.3499587774276733,,unlabeled_background,,0,"Valid Sentinel-2 Phase 4 raster pixel; unlabeled/background, not confirmed non-manganese."
unlabeled_r234_c530,79.72603577556136,21.713608246085585,368230.0,2401670.0,1260.0,1502.0,1523.0,3030.0,3185.0,2375.0,0.3309905529022217,-0.024939661845564842,1.2087301015853882,1.3410526514053345,,unlabeled_background,,0,"Valid Sentinel-2 Phase 4 raster pixel; unlabeled/background, not confirmed non-manganese."
unlabeled_r476_c312,79.68428838157826,21.669561517098696,363870.0,2396830.0,1182.0,1378.0,1383.0,2808.0,2644.0,1932.0,0.3400143086910248,0.030080704018473625,1.1700507402420044,1.368530035018921,,unlabeled_background,,0,"Valid Sentinel-2 Phase 4 raster pixel; unlabeled/background, not confirmed non-manganese."
unlabeled_r93_c584,79.73625277131693,21.739160278372765,369310.0,2404490.0,1571.0,1837.0,1979.0,3611.0,3995.0,3036.0,0.29194989800453186,-0.05048645660281181,1.2597072124481201,1.3158761262893677,,unlabeled_background,,0,"Valid Sentinel-2 Phase 4 raster pixel; unlabeled/background, not confirmed non-manganese."
unlabeled_r203_c368,79.69466674975342,21.71896466658983,364990.0,2402290.0,1773.0,2135.0,2576.0,3974.0,5219.0,4268.0,0.2134351134300232,-0.13542912900447845,1.4529047012329102,1.2228209972381592,,unlabeled_background,,0,"Valid Sentinel-2 Phase 4 raster pixel; unlabeled/background, not confirmed non-manganese."
unlabeled_r43_c1,79.62344051171058,21.747293609451,357650.0,2405490.0,1532.0,1889.0,2155.0,3678.0,4165.0,3125.0,0.2611006200313568,-0.062093585729599,1.4066579341888428,1.332800030708313,,unlabeled_background,,0,"Valid Sentinel-2 Phase 4 raster pixel; unlabeled/background, not confirmed non-manganese."
unlabeled_r406_c379,79.69712342489909,21.682309266306667,365210.0,2398230.0,1844.0,2074.0,2341.0,3262.0,4067.0,3640.0,0.16437622904777527,-0.10983762890100479,1.269522786140442,1.1173076629638672,,unlabeled_background,,0,"Valid Sentinel-2 Phase 4 raster pixel; unlabeled/background, not confirmed non-manganese."
unlabeled_r218_c293,79.68019175696863,21.716140046079946,363490.0,2401990.0,1756.0,2047.0,2479.0,3700.0,5033.0,4011.0,0.19760479032993317,-0.15263941884040833,1.411731243133545,1.254799246788025,,unlabeled_background,,0,"Valid Sentinel-2 Phase 4 raster pixel; unlabeled/background, not confirmed non-manganese."
unlabeled_r549_c33,79.63049305630138,21.655938094928818,358290.0,2395370.0,1514.0,1726.0,1930.0,3259.0,4289.0,3300.0,0.2561187148094177,-0.13645999133586884,1.2747688293457031,1.299696922302246,,unlabeled_background,,0,"Valid Sentinel-2 Phase 4 raster pixel; unlabeled/background, not confirmed non-manganese."
unlabeled_r128_c373,79.6955111788249,21.732521052869572,365090.0,2403790.0,1256.0,1438.0,1512.0,2882.0,3322.0,2406.0,0.31178879737854004,-0.07092198729515076,1.2038216590881348,1.3807148933410645,,unlabeled_background,,0,"Valid Sentinel-2 Phase 4 raster pixel; unlabeled/background, not confirmed non-manganese."
unlabeled_r231_c426,79.7059251754854,21.713994402621722,366150.0,2401730.0,1259.0,1505.0,1521.0,3443.0,2903.0,2053.0,0.38718774914741516,0.08509296923875809,1.2081016302108765,1.414028286933899,,unlabeled_background,,0,"Valid Sentinel-2 Phase 4 raster pixel; unlabeled/background, not confirmed non-manganese."
unlabeled_r65_c328,79.68670709466018,21.743833192498464,364190.0,2405050.0,1299.0,1474.0,1648.0,2657.0,3773.0,2843.0,0.2343786358833313,-0.17356142401695251,1.2686681747436523,1.32711923122406,,unlabeled_background,,0,"Valid Sentinel-2 Phase 4 raster pixel; unlabeled/background, not confirmed non-manganese."
unlabeled_r428_c446,79.71010869020706,21.678436114333095,366550.0,2397790.0,1177.0,1365.0,1431.0,2753.0,3059.0,2247.0,0.31596559286117554,-0.052649691700935364,1.2158029079437256,1.3613706827163696,,unlabeled_background,,0,"Valid Sentinel-2 Phase 4 raster pixel; unlabeled/background, not confirmed non-manganese."
unlabeled_r561_c513,79.72326982412639,21.65450935950236,367890.0,2395130.0,1281.0,1428.0,1560.0,2612.0,3419.0,2584.0,0.2521572411060333,-0.1338086575269699,1.2177985906600952,1.323142409324646,,unlabeled_background,,0,"Valid Sentinel-2 Phase 4 raster pixel; unlabeled/background, not confirmed non-manganese."
unlabeled_r155_c449,79.71024921875146,21.72775858014401,366610.0,2403250.0,1296.0,1496.0,1594.0,3173.0,3498.0,2551.0,0.3312355875968933,-0.04871833324432373,1.229938268661499,1.3712270259857178,,unlabeled_background,,0,"Valid Sentinel-2 Phase 4 raster pixel; unlabeled/background, not confirmed non-manganese."
unlabeled_r111_c533,79.72642007238623,21.735832965425328,368290.0,2404130.0,2088.0,2485.0,3114.0,4419.0,5330.0,4107.0,0.17323775589466095,-0.09344547986984253,1.4913792610168457,1.2977843284606934,,unlabeled_background,,0,"Valid Sentinel-2 Phase 4 raster pixel; unlabeled/background, not confirmed non-manganese."
unlabeled_r467_c430,79.70707909009761,21.671366606873637,366230.0,2397010.0,1253.0,1436.0,1562.0,2874.0,3272.0,2448.0,0.29576194286346436,-0.0647575631737709,1.2466081380844116,1.3366012573242188,,unlabeled_background,,0,"Valid Sentinel-2 Phase 4 raster pixel; unlabeled/background, not confirmed non-manganese."
unlabeled_r562_c567,79.73370672951006,21.65440860550512,368970.0,2395110.0,1234.0,1417.0,1412.0,2885.0,3003.0,2144.0,0.34279730916023254,-0.020040761679410934,1.1442463397979736,1.4006530046463013,,unlabeled_background,,0,"Valid Sentinel-2 Phase 4 raster pixel; unlabeled/background, not confirmed non-manganese."
unlabeled_r486_c169,79.65666861814671,21.667533644207012,361010.0,2396630.0,1293.0,1523.0,1639.0,2999.0,3279.0,2406.0,0.2932298481464386,-0.044600192457437515,1.2675946950912476,1.3628429174423218,,unlabeled_background,,0,"Valid Sentinel-2 Phase 4 raster pixel; unlabeled/background, not confirmed non-manganese."
unlabeled_r255_c249,79.67174681965552,21.70938806143215,362610.0,2401250.0,1536.0,1788.0,2137.0,3359.0,4576.0,3551.0,0.22234351933002472,-0.15337114036083221,1.3912760019302368,1.2886511087417603,,unlabeled_background,,0,"Valid Sentinel-2 Phase 4 raster pixel; unlabeled/background, not confirmed non-manganese."
unlabeled_r150_c415,79.70366746361073,21.728610510946368,365930.0,2403350.0,1472.0,1663.0,1993.0,3005.0,4406.0,3324.0,0.2024809867143631,-0.1890433132648468,1.3539402484893799,1.3255114555358887,,unlabeled_background,,0,"Valid Sentinel-2 Phase 4 raster pixel; unlabeled/background, not confirmed non-manganese."
unlabeled_r517_c320,79.68590159706824,21.6621670794597,364030.0,2396010.0,1343.0,1606.0,1750.0,2968.0,3536.0,2649.0,0.25816023349761963,-0.08733087033033371,1.3030529022216797,1.3348432779312134,,unlabeled_background,,0,"Valid Sentinel-2 Phase 4 raster pixel; unlabeled/background, not confirmed non-manganese."
unlabeled_r325_c271,79.676115414138,21.696776636670215,363050.0,2399850.0,1313.0,1482.0,1635.0,2673.0,3819.0,2902.0,0.24094708263874054,-0.17652495205402374,1.2452398538589478,1.3159890174865723,,unlabeled_background,,0,"Valid Sentinel-2 Phase 4 raster pixel; unlabeled/background, not confirmed non-manganese."
unlabeled_r253_c113,79.6454526778089,21.709536556739224,359890.0,2401290.0,1387.0,1578.0,1743.0,3236.0,3643.0,2670.0,0.2998594045639038,-0.05916557461023331,1.256669044494629,1.3644194602966309,,unlabeled_background,,0,"Valid Sentinel-2 Phase 4 raster pixel; unlabeled/background, not confirmed non-manganese."
unlabeled_r244_c42,79.63171207688379,21.71104961861939,358470.0,2401470.0,1339.0,1501.0,1638.0,3028.0,3526.0,2658.0,0.29789969325065613,-0.07598413527011871,1.2233009338378906,1.3265613317489624,,unlabeled_background,,0,"Valid Sentinel-2 Phase 4 raster pixel; unlabeled/background, not confirmed non-manganese."
unlabeled_r529_c21,79.62814000677191,21.659531889590514,358050.0,2395770.0,1226.0,1419.0,1443.0,2981.0,2954.0,2150.0,0.3476491868495941,0.004549283999949694,1.1769983768463135,1.3739534616470337,,unlabeled_background,,0,"Valid Sentinel-2 Phase 4 raster pixel; unlabeled/background, not confirmed non-manganese."
unlabeled_r335_c347,79.69082252634891,21.695086780546443,364570.0,2399650.0,1381.0,1561.0,1798.0,3119.0,3845.0,2932.0,0.2686597406864166,-0.10425043106079102,1.3019551038742065,1.3113915920257568,,unlabeled_background,,0,"Valid Sentinel-2 Phase 4 raster pixel; unlabeled/background, not confirmed non-manganese."
unlabeled_r346_c481,79.71674221603799,21.69330208794421,367250.0,2399430.0,1417.0,1635.0,1793.0,3078.0,3624.0,2833.0,0.26380619406700134,-0.08146821707487106,1.2653493881225586,1.2792093753814697,,unlabeled_background,,0,"Valid Sentinel-2 Phase 4 raster pixel; unlabeled/background, not confirmed non-manganese."
unlabeled_r284_c600,79.73964725996649,21.704679047567762,369630.0,2400670.0,1564.0,1841.0,2156.0,3399.0,4493.0,3428.0,0.2237623780965805,-0.13862138986587524,1.378516674041748,1.3106768131256104,,unlabeled_background,,0,"Valid Sentinel-2 Phase 4 raster pixel; unlabeled/background, not confirmed non-manganese."
unlabeled_r493_c309,79.6837364647871,21.66648585796512,363810.0,2396490.0,1213.0,1412.0,1462.0,2919.0,3075.0,2176.0,0.33257246017456055,-0.026026025414466858,1.2052761316299438,1.4131433963775635,,unlabeled_background,,0,"Valid Sentinel-2 Phase 4 raster pixel; unlabeled/background, not confirmed non-manganese."
unlabeled_r571_c533,79.72715059901321,21.652732487496607,368290.0,2394930.0,1515.0,1742.0,2004.0,3219.0,4015.0,3096.0,0.23262493312358856,-0.11003594100475311,1.3227722644805908,1.2968345880508423,,unlabeled_background,,0,"Valid Sentinel-2 Phase 4 raster pixel; unlabeled/background, not confirmed non-manganese."
unlabeled_r442_c465,79.71380340207833,21.675935485721688,366930.0,2397510.0,1322.0,1516.0,1633.0,2674.0,3236.0,2541.0,0.24169956147670746,-0.09509306401014328,1.235249638557434,1.2735143899917603,,unlabeled_background,,0,"Valid Sentinel-2 Phase 4 raster pixel; unlabeled/background, not confirmed non-manganese."
unlabeled_r192_c379,79.69677547871132,21.720968564689453,365210.0,2402510.0,1491.0,1715.0,1939.0,3017.0,3603.0,2923.0,0.21751412749290466,-0.0885196402668953,1.3004695177078247,1.232637643814087,,unlabeled_background,,0,"Valid Sentinel-2 Phase 4 raster pixel; unlabeled/background, not confirmed non-manganese."
unlabeled_r475_c259,79.67404379114643,21.669660651326083,362810.0,2396850.0,1322.0,1495.0,1612.0,2720.0,3372.0,2527.0,0.2557710111141205,-0.10702560842037201,1.2193646430969238,1.3343886137008667,,unlabeled_background,,0,"Valid Sentinel-2 Phase 4 raster pixel; unlabeled/background, not confirmed non-manganese."
unlabeled_r435_c273,79.6766835203944,21.676908248340684,363090.0,2397650.0,1273.0,1475.0,1521.0,2543.0,3143.0,2313.0,0.25147637724876404,-0.10552233457565308,1.1948153972625732,1.3588413000106812,,unlabeled_background,,0,"Valid Sentinel-2 Phase 4 raster pixel; unlabeled/background, not confirmed non-manganese."
unlabeled_r160_c326,79.68647634737218,21.726668427603748,364150.0,2403150.0,1569.0,1794.0,2104.0,3076.0,4414.0,3535.0,0.18764479458332062,-0.17863819003105164,1.3409814834594727,1.2486562728881836,,unlabeled_background,,0,"Valid Sentinel-2 Phase 4 raster pixel; unlabeled/background, not confirmed non-manganese."
unlabeled_r90_c567,79.73296089583478,21.739677110756542,368970.0,2404550.0,1619.0,1912.0,2145.0,3728.0,4088.0,3062.0,0.269538551568985,-0.046059366315603256,1.3248919248580933,1.3350751399993896,,unlabeled_background,,0,"Valid Sentinel-2 Phase 4 raster pixel; unlabeled/background, not confirmed non-manganese."
unlabeled_r444_c210,79.66452235590425,21.67518485017853,361830.0,2397470.0,1249.0,1442.0,1456.0,2976.0,3019.0,2186.0,0.34296029806137085,-0.007172643672674894,1.1657326221466064,1.381061315536499,,unlabeled_background,,0,"Valid Sentinel-2 Phase 4 raster pixel; unlabeled/background, not confirmed non-manganese."
unlabeled_r171_c413,79.70331479730129,21.724813816078445,365890.0,2402930.0,1521.0,1727.0,2117.0,3107.0,4504.0,3424.0,0.18950995802879333,-0.18355011940002441,1.3918474912643433,1.3154205083847046,,unlabeled_background,,0,"Valid Sentinel-2 Phase 4 raster pixel; unlabeled/background, not confirmed non-manganese."
unlabeled_r185_c460,79.71242425071331,21.72235558321268,366830.0,2402650.0,1476.0,1695.0,1980.0,3213.0,4505.0,3398.0,0.2374350130558014,-0.16740088164806366,1.3414634466171265,1.325779914855957,,unlabeled_background,,0,"Valid Sentinel-2 Phase 4 raster pixel; unlabeled/background, not confirmed non-manganese."
unlabeled_r262_c256,79.67311162308,21.708134358253247,362750.0,2401110.0,1251.0,1391.0,1410.0,2792.0,3123.0,2286.0,0.32889100909233093,-0.05595942586660385,1.1270983219146729,1.366141676902771,,unlabeled_background,,0,"Valid Sentinel-2 Phase 4 raster pixel; unlabeled/background, not confirmed non-manganese."
unlabeled_r133_c508,79.72162134958549,21.731821368068903,367790.0,2403690.0,1817.0,2221.0,2766.0,3882.0,5087.0,4113.0,0.16787002980709076,-0.13435165584087372,1.522289514541626,1.2368100881576538,,unlabeled_background,,0,"Valid Sentinel-2 Phase 4 raster pixel; unlabeled/background, not confirmed non-manganese."
unlabeled_r17_c185,79.6589758837649,21.752282552245546,361330.0,2406010.0,1501.0,1780.0,2204.0,3352.0,4507.0,3447.0,0.20662346482276917,-0.14696526527404785,1.4683544635772705,1.3075138330459595,,unlabeled_background,,0,"Valid Sentinel-2 Phase 4 raster pixel; unlabeled/background, not confirmed non-manganese."
unlabeled_r5_c481,79.71619545950166,21.75490436338208,367250.0,2406250.0,1439.0,1703.0,1909.0,3539.0,3550.0,2587.0,0.2991923689842224,-0.0015516998246312141,1.3266156911849976,1.3722457885742188,,unlabeled_background,,0,"Valid Sentinel-2 Phase 4 raster pixel; unlabeled/background, not confirmed non-manganese."
unlabeled_r398_c486,79.71779184747713,21.68391562405021,367350.0,2398390.0,1805.0,2095.0,2477.0,3104.0,3881.0,3436.0,0.11234545707702637,-0.11123836785554886,1.3722991943359375,1.1295111179351807,,unlabeled_background,,0,"Valid Sentinel-2 Phase 4 raster pixel; unlabeled/background, not confirmed non-manganese."
unlabeled_r83_c512,79.72231489587469,21.740859936153477,367870.0,2404690.0,1165.0,1234.0,1218.0,1319.0,1527.0,1382.0,0.039810799062252045,-0.07308503240346909,1.0454936027526855,1.1049203872680664,,unlabeled_background,,0,"Valid Sentinel-2 Phase 4 raster pixel; unlabeled/background, not confirmed non-manganese."
unlabeled_r177_c15,79.62637766836117,21.723109679519258,357930.0,2402810.0,1400.0,1702.0,1822.0,3598.0,3455.0,2523.0,0.3276752829551697,0.020275060087442398,1.3014285564422607,1.369401454925537,,unlabeled_background,,0,"Valid Sentinel-2 Phase 4 raster pixel; unlabeled/background, not confirmed non-manganese."
unlabeled_r229_c32,79.62975327161784,21.713743331447954,358270.0,2401770.0,1266.0,1425.0,1494.0,2963.0,3202.0,2383.0,0.3295938968658447,-0.03876723349094391,1.180094838142395,1.343684434890747,,unlabeled_background,,0,"Valid Sentinel-2 Phase 4 raster pixel; unlabeled/background, not confirmed non-manganese."
unlabeled_r447_c56,79.63476418047458,21.674400699773628,358750.0,2397410.0,1436.0,1649.0,1786.0,3361.0,3475.0,2611.0,0.30600351095199585,-0.016676418483257294,1.2437325716018677,1.3309077024459839,,unlabeled_background,,0,"Valid Sentinel-2 Phase 4 raster pixel; unlabeled/background, not confirmed non-manganese."
unlabeled_r459_c258,79.6738240933968,21.672549505778175,362790.0,2397170.0,1935.0,2311.0,2935.0,3422.0,4282.0,3998.0,0.07660846412181854,-0.11163032054901123,1.5167958736419678,1.0710355043411255,,unlabeled_background,,0,"Valid Sentinel-2 Phase 4 raster pixel; unlabeled/background, not confirmed non-manganese."
unlabeled_r262_c617,79.74289909160606,21.708678392522163,369970.0,2401110.0,1994.0,2326.0,2950.0,4267.0,5774.0,4395.0,0.18248580396175385,-0.15008465945720673,1.479438304901123,1.3137656450271606,,unlabeled_background,,0,"Valid Sentinel-2 Phase 4 raster pixel; unlabeled/background, not confirmed non-manganese."
unlabeled_r259_c319,79.68528551787429,21.708773365687478,364010.0,2401170.0,1259.0,1465.0,1547.0,3015.0,3609.0,2570.0,0.3217886984348297,-0.08967391401529312,1.2287529706954956,1.404280185699463,,unlabeled_background,,0,"Valid Sentinel-2 Phase 4 raster pixel; unlabeled/background, not confirmed non-manganese."
unlabeled_r9_c380,79.69667069755512,21.75402906051563,365230.0,2406170.0,1381.0,1708.0,1632.0,4064.0,3343.0,2554.0,0.42696627974510193,0.09734035283327103,1.181752324104309,1.3089271783828735,,unlabeled_background,,0,"Valid Sentinel-2 Phase 4 raster pixel; unlabeled/background, not confirmed non-manganese."
unlabeled_r597_c346,79.69105655820371,21.6477546547296,364550.0,2394410.0,1348.0,1522.0,1668.0,2723.0,3960.0,3003.0,0.2402641773223877,-0.18509651720523834,1.2373887300491333,1.3186813592910767,,unlabeled_background,,0,"Valid Sentinel-2 Phase 4 raster pixel; unlabeled/background, not confirmed non-manganese."
unlabeled_r173_c205,79.6631040649121,21.72413281777393,361730.0,2402890.0,1775.0,2075.0,2459.0,3601.0,4783.0,3965.0,0.18844884634017944,-0.14098282158374786,1.3853521347045898,1.2063051462173462,,unlabeled_background,,0,"Valid Sentinel-2 Phase 4 raster pixel; unlabeled/background, not confirmed non-manganese."
unlabeled_r487_c399,79.70112016404411,21.66770678490367,365610.0,2396610.0,1335.0,1555.0,1769.0,3025.0,3977.0,2919.0,0.2619941532611847,-0.1359611600637436,1.3250936269760132,1.3624528646469116,,unlabeled_background,,0,"Valid Sentinel-2 Phase 4 raster pixel; unlabeled/background, not confirmed non-manganese."
unlabeled_r470_c454,79.71172233261049,21.670860719932524,366710.0,2396950.0,1229.0,1431.0,1492.0,2867.0,3124.0,2317.0,0.3154393136501312,-0.042897678911685944,1.213995099067688,1.3482952117919922,,unlabeled_background,,0,"Valid Sentinel-2 Phase 4 raster pixel; unlabeled/background, not confirmed non-manganese."
unlabeled_r539_c124,79.64806123236121,21.657888678876233,360110.0,2395570.0,1208.0,1388.0,1385.0,3070.0,2648.0,1917.0,0.37822669744491577,0.07380203157663345,1.1465232372283936,1.3813250064849854,,unlabeled_background,,0,"Valid Sentinel-2 Phase 4 raster pixel; unlabeled/background, not confirmed non-manganese."
unlabeled_r247_c617,79.74287555249416,21.711388202478553,369970.0,2401410.0,1696.0,1979.0,2389.0,3726.0,4913.0,3715.0,0.2186426818370819,-0.13740016520023346,1.4086084365844727,1.3224765062332153,,unlabeled_background,,0,"Valid Sentinel-2 Phase 4 raster pixel; unlabeled/background, not confirmed non-manganese."
unlabeled_r327_c452,79.71110604653572,21.69669100350097,366670.0,2399810.0,1329.0,1539.0,1510.0,2630.0,2406.0,1936.0,0.27053138613700867,0.044479746371507645,1.1361926794052124,1.24276864528656,,unlabeled_background,,0,"Valid Sentinel-2 Phase 4 raster pixel; unlabeled/background, not confirmed non-manganese."
unlabeled_r583_c444,79.70997118769715,21.650431946169913,366510.0,2394690.0,1480.0,1737.0,1949.0,3536.0,4431.0,3440.0,0.2893345355987549,-0.11233839392662048,1.3168919086456299,1.288081407546997,,unlabeled_background,,0,"Valid Sentinel-2 Phase 4 raster pixel; unlabeled/background, not confirmed non-manganese."
unlabeled_r274_c245,79.6710050748185,21.705949532925725,362530.0,2400870.0,1328.0,1508.0,1666.0,3044.0,3507.0,2693.0,0.29256901144981384,-0.07067622989416122,1.2545180320739746,1.3022651672363281,,unlabeled_background,,0,"Valid Sentinel-2 Phase 4 raster pixel; unlabeled/background, not confirmed non-manganese."
unlabeled_r173_c364,79.69384448667645,21.724378079729252,364910.0,2402890.0,1572.0,1931.0,2031.0,2957.0,3299.0,2409.0,0.18564555048942566,-0.05466751754283905,1.2919846773147583,1.369447946548462,,unlabeled_background,,0,"Valid Sentinel-2 Phase 4 raster pixel; unlabeled/background, not confirmed non-manganese."
unlabeled_r502_c285,79.67911305286675,21.66482315925342,363330.0,2396310.0,1175.0,1365.0,1318.0,3223.0,2732.0,1967.0,0.4195111095905304,0.0824517235159874,1.1217020750045776,1.388917088508606,,unlabeled_background,,0,"Valid Sentinel-2 Phase 4 raster pixel; unlabeled/background, not confirmed non-manganese."
unlabeled_r248_c293,79.6802411903045,21.710720562384928,363490.0,2401390.0,1398.0,1584.0,1845.0,3005.0,3729.0,2846.0,0.23917526006698608,-0.10751410573720932,1.3197424411773682,1.3102600574493408,,unlabeled_background,,0,"Valid Sentinel-2 Phase 4 raster pixel; unlabeled/background, not confirmed non-manganese."
unlabeled_r416_c288,79.6795513440809,21.68036369752402,363390.0,2398030.0,1213.0,1298.0,1341.0,2497.0,2796.0,2050.0,0.3011985421180725,-0.05648970231413841,1.1055234670639038,1.3639024496078491,,unlabeled_background,,0,"Valid Sentinel-2 Phase 4 raster pixel; unlabeled/background, not confirmed non-manganese."
unlabeled_r525_c221,79.66678284387852,21.66056934071487,362050.0,2395850.0,1919.0,2229.0,2724.0,3680.0,4913.0,3968.0,0.14928169548511505,-0.14348888397216797,1.4194892644882202,1.2381552457809448,,unlabeled_background,,0,"Valid Sentinel-2 Phase 4 raster pixel; unlabeled/background, not confirmed non-manganese."
unlabeled_r570_c262,79.67478035507108,21.652503514100985,362870.0,2394950.0,1640.0,1874.0,2173.0,3480.0,4255.0,3340.0,0.23120467364788055,-0.10019392520189285,1.3250000476837158,1.2739521265029907,,unlabeled_background,,0,"Valid Sentinel-2 Phase 4 raster pixel; unlabeled/background, not confirmed non-manganese."
unlabeled_r474_c245,79.67133645875252,21.669819662949624,362530.0,2396870.0,1284.0,1457.0,1457.0,2778.0,2878.0,2214.0,0.31192442774772644,-0.017680339515209198,1.1347352266311646,1.2999097108840942,,unlabeled_background,,0,"Valid Sentinel-2 Phase 4 raster pixel; unlabeled/background, not confirmed non-manganese."
unlabeled_r464_c394,79.70011660851483,21.671854212865462,365510.0,2397070.0,1397.0,1539.0,1741.0,2865.0,3858.0,3040.0,0.24402952194213867,-0.1477019190788269,1.2462419271469116,1.2690789699554443,,unlabeled_background,,0,"Valid Sentinel-2 Phase 4 raster pixel; unlabeled/background, not confirmed non-manganese."
unlabeled_r353_c21,79.62783910479702,21.691325655150713,358050.0,2399290.0,1276.0,1435.0,1447.0,3048.0,3111.0,2199.0,0.3561735153198242,-0.010228932835161686,1.1340125799179077,1.4147340059280396,,unlabeled_background,,0,"Valid Sentinel-2 Phase 4 raster pixel; unlabeled/background, not confirmed non-manganese."
unlabeled_r187_c658,79.75070823858536,21.72228740495511,370790.0,2402610.0,2044.0,2352.0,2836.0,3862.0,4862.0,4424.0,0.1531800478696823,-0.11462631821632385,1.3874754905700684,1.0990054607391357,,unlabeled_background,,0,"Valid Sentinel-2 Phase 4 raster pixel; unlabeled/background, not confirmed non-manganese."
unlabeled_r127_c567,79.73301949414947,21.732992959630398,368970.0,2403810.0,1958.0,2295.0,2878.0,4287.0,5165.0,4008.0,0.19665038585662842,-0.09289039671421051,1.46986722946167,1.288672685623169,,unlabeled_background,,0,"Valid Sentinel-2 Phase 4 raster pixel; unlabeled/background, not confirmed non-manganese."
unlabeled_r515_c17,79.62734309578552,21.66205455414505,357970.0,2396050.0,1264.0,1462.0,1589.0,3063.0,3224.0,2332.0,0.31685295701026917,-0.025608398020267487,1.2571202516555786,1.3825043439865112,,unlabeled_background,,0,"Valid Sentinel-2 Phase 4 raster pixel; unlabeled/background, not confirmed non-manganese."
unlabeled_r408_c583,79.73655633609052,21.682252942258717,369290.0,2398190.0,2075.0,2427.0,2874.0,3566.0,4517.0,4132.0,0.10745341330766678,-0.11765433847904205,1.38506019115448,1.0931751728057861,,unlabeled_background,,0,"Valid Sentinel-2 Phase 4 raster pixel; unlabeled/background, not confirmed non-manganese."
unlabeled_r271_c219,79.66597400127132,21.706451102368572,362010.0,2400930.0,1377.0,1626.0,1783.0,3140.0,3650.0,2691.0,0.2756449282169342,-0.07511045783758163,1.2948439121246338,1.3563730716705322,,unlabeled_background,,0,"Valid Sentinel-2 Phase 4 raster pixel; unlabeled/background, not confirmed non-manganese."
unlabeled_r23_c585,79.73633551620532,21.751807448336148,369330.0,2405890.0,1473.0,1752.0,1811.0,4023.0,3759.0,2753.0,0.3791566789150238,0.033924441784620285,1.2294636964797974,1.3654195070266724,,unlabeled_background,,0,"Valid Sentinel-2 Phase 4 raster pixel; unlabeled/background, not confirmed non-manganese."
unlabeled_r239_c616,79.74266967116644,21.712831967319243,369950.0,2401570.0,1379.0,1592.0,1705.0,3255.0,3769.0,2794.0,0.3125,-0.07317767292261124,1.236403226852417,1.3489620685577393,,unlabeled_background,,0,"Valid Sentinel-2 Phase 4 raster pixel; unlabeled/background, not confirmed non-manganese."
unlabeled_r591_c216,79.66592620079528,21.6486386995961,361950.0,2394530.0,1619.0,1849.0,2161.0,3244.0,4318.0,3533.0,0.20037002861499786,-0.1420259177684784,1.3347744941711426,1.2221907377243042,,unlabeled_background,,0,"Valid Sentinel-2 Phase 4 raster pixel; unlabeled/background, not confirmed non-manganese."
unlabeled_r11_c184,79.65877244450088,21.753364867054398,361310.0,2406130.0,2133.0,2557.0,3166.0,4500.0,5488.0,4339.0,0.1740151345729828,-0.09891869872808456,1.4842944145202637,1.2648075819015503,,unlabeled_background,,0,"Valid Sentinel-2 Phase 4 raster pixel; unlabeled/background, not confirmed non-manganese."
unlabeled_r254_c268,79.67541816564217,21.70959810801791,362990.0,2401270.0,1260.0,1399.0,1521.0,2924.0,3458.0,2555.0,0.3156355321407318,-0.08367282897233963,1.2071428298950195,1.3534246683120728,,unlabeled_background,,0,"Valid Sentinel-2 Phase 4 raster pixel; unlabeled/background, not confirmed non-manganese."
unlabeled_r134_c2,79.62379044398693,21.730856551425,357670.0,2403670.0,1475.0,1689.0,1900.0,3381.0,3354.0,2465.0,0.2804393172264099,0.00400890875607729,1.2881356477737427,1.3606491088867188,,unlabeled_background,,0,"Valid Sentinel-2 Phase 4 raster pixel; unlabeled/background, not confirmed non-manganese."
unlabeled_r552_c410,79.70335100750809,21.655981010999408,365830.0,2395310.0,1712.0,2062.0,2527.0,3787.0,5050.0,4029.0,0.19955654442310333,-0.1429218053817749,1.4760514497756958,1.2534127235412598,,unlabeled_background,,0,"Valid Sentinel-2 Phase 4 raster pixel; unlabeled/background, not confirmed non-manganese."
unlabeled_r485_c486,79.71793085177752,21.66819881488672,367350.0,2396650.0,1270.0,1476.0,1520.0,2919.0,3329.0,2430.0,0.3151610791683197,-0.06562099605798721,1.1968504190444946,1.3699588775634766,,unlabeled_background,,0,"Valid Sentinel-2 Phase 4 raster pixel; unlabeled/background, not confirmed non-manganese."
unlabeled_r412_c490,79.71858735177592,21.681392457865776,367430.0,2398110.0,1780.0,2040.0,2599.0,3591.0,5424.0,4222.0,0.160258486866951,-0.20332778990268707,1.4601123332977295,1.2846992015838623,,unlabeled_background,,0,"Valid Sentinel-2 Phase 4 raster pixel; unlabeled/background, not confirmed non-manganese."
unlabeled_r219_c655,79.7501781723846,21.716502092127865,370730.0,2401970.0,1409.0,1695.0,1689.0,3805.0,3085.0,2202.0,0.38514742255210876,0.10449927300214767,1.1987224817276,1.4009990692138672,,unlabeled_background,,0,"Valid Sentinel-2 Phase 4 raster pixel; unlabeled/background, not confirmed non-manganese."
unlabeled_r177_c245,79.67084410479538,21.723472461468997,362530.0,2402810.0,1534.0,1749.0,2044.0,3012.0,3989.0,3297.0,0.1914556920528412,-0.13955149054527283,1.3324640989303589,1.2098877429962158,,unlabeled_background,,0,"Valid Sentinel-2 Phase 4 raster pixel; unlabeled/background, not confirmed non-manganese."
unlabeled_r153_c180,79.6582371799229,21.72770668723698,361230.0,2403290.0,1602.0,1921.0,2347.0,3809.0,4674.0,3533.0,0.23749187588691711,-0.10196864604949951,1.4650436639785767,1.3229550123214722,,unlabeled_background,,0,"Valid Sentinel-2 Phase 4 raster pixel; unlabeled/background, not confirmed non-manganese."
unlabeled_r563_c330,79.68790928158597,21.653872409131758,364230.0,2395090.0,1285.0,1435.0,1555.0,2792.0,3437.0,2571.0,0.2845640778541565,-0.10354792326688766,1.2101167440414429,1.3368339538574219,,unlabeled_background,,0,"Valid Sentinel-2 Phase 4 raster pixel; unlabeled/background, not confirmed non-manganese."
unlabeled_r388_c211,79.66462242006821,21.68530275160833,361850.0,2398590.0,1265.0,1397.0,1490.0,2582.0,3034.0,2244.0,0.26817288994789124,-0.08048433065414429,1.1778656244277954,1.3520499467849731,,unlabeled_background,,0,"Valid Sentinel-2 Phase 4 raster pixel; unlabeled/background, not confirmed non-manganese."
unlabeled_r555_c180,79.65890969496111,21.655086053351823,361230.0,2395250.0,1203.0,1390.0,1388.0,2907.0,3030.0,2174.0,0.3536670506000519,-0.02071753330528736,1.1537822484970093,1.3937442302703857,,unlabeled_background,,0,"Valid Sentinel-2 Phase 4 raster pixel; unlabeled/background, not confirmed non-manganese."
unlabeled_r226_c527,79.72544306831335,21.715049007541403,368170.0,2401830.0,1203.0,1417.0,1389.0,2949.0,2925.0,2050.0,0.35961273312568665,0.004085802007466555,1.1546134948730469,1.426829218864441,,unlabeled_background,,0,"Valid Sentinel-2 Phase 4 raster pixel; unlabeled/background, not confirmed non-manganese."
unlabeled_r390_c51,79.63370078840407,21.68468961092057,358650.0,2398550.0,1221.0,1386.0,1436.0,2673.0,2902.0,2109.0,0.3010464906692505,-0.04107623174786568,1.1760852336883545,1.3760075569152832,,unlabeled_background,,0,"Valid Sentinel-2 Phase 4 raster pixel; unlabeled/background, not confirmed non-manganese."
unlabeled_r296_c20,79.62754823350733,21.701620872459333,358030.0,2400430.0,1667.0,1966.0,2309.0,3730.0,4830.0,3788.0,0.2353038638830185,-0.128504678606987,1.3851230144500732,1.2750792503356934,,unlabeled_background,,0,"Valid Sentinel-2 Phase 4 raster pixel; unlabeled/background, not confirmed non-manganese."
unlabeled_r572_c68,79.63729551676234,21.65183884457201,358990.0,2394910.0,1229.0,1375.0,1429.0,2500.0,2833.0,2149.0,0.27258843183517456,-0.062441401183605194,1.1627339124679565,1.3182876110076904,,unlabeled_background,,0,"Valid Sentinel-2 Phase 4 raster pixel; unlabeled/background, not confirmed non-manganese."
unlabeled_r444_c525,79.7254030615995,21.675663661399383,368130.0,2397470.0,1728.0,2071.0,2447.0,3688.0,3999.0,2922.0,0.20228198170661926,-0.040457915514707565,1.4160879850387573,1.3685832023620605,,unlabeled_background,,0,"Valid Sentinel-2 Phase 4 raster pixel; unlabeled/background, not confirmed non-manganese."
unlabeled_r148_c460,79.71236473212983,21.72903968907429,366830.0,2403390.0,1360.0,1611.0,1791.0,3232.0,3697.0,2733.0,0.28688034415245056,-0.06710924953222275,1.3169118165969849,1.3527259826660156,,unlabeled_background,,0,"Valid Sentinel-2 Phase 4 raster pixel; unlabeled/background, not confirmed non-manganese."
unlabeled_r262_c566,79.73303978822806,21.708603315944128,368950.0,2401110.0,1436.0,1734.0,1879.0,3137.0,3471.0,2643.0,0.25079745054244995,-0.05054479464888573,1.3084958791732788,1.3132803440093994,,unlabeled_background,,0,"Valid Sentinel-2 Phase 4 raster pixel; unlabeled/background, not confirmed non-manganese."
unlabeled_r491_c104,79.64411529222906,21.666528264361133,359710.0,2396530.0,1335.0,1583.0,1689.0,3177.0,3389.0,2504.0,0.3057953119277954,-0.03228754177689552,1.26516854763031,1.3534345626831055,,unlabeled_background,,0,"Valid Sentinel-2 Phase 4 raster pixel; unlabeled/background, not confirmed non-manganese."
unlabeled_r156_c222,79.66636243232786,21.727230331909276,362070.0,2403230.0,1254.0,1423.0,1456.0,2639.0,2569.0,2133.0,0.2888889014720917,0.01344086043536663,1.161084532737732,1.204406976699829,,unlabeled_background,,0,"Valid Sentinel-2 Phase 4 raster pixel; unlabeled/background, not confirmed non-manganese."
unlabeled_r176_c252,79.67219578697309,21.723663964249063,362670.0,2402830.0,1498.0,1715.0,1936.0,3033.0,3864.0,3127.0,0.2207687646150589,-0.12048716843128204,1.2923898696899414,1.2356891632080078,,unlabeled_background,,0,"Valid Sentinel-2 Phase 4 raster pixel; unlabeled/background, not confirmed non-manganese."
unlabeled_r94_c609,79.7410883588244,21.73901645605963,369810.0,2404470.0,1767.0,2026.0,2443.0,3600.0,4967.0,3949.0,0.19146119058132172,-0.1595657765865326,1.3825693130493164,1.257786750793457,,unlabeled_background,,0,"Valid Sentinel-2 Phase 4 raster pixel; unlabeled/background, not confirmed non-manganese."
unlabeled_r514_c235,79.66947012197988,21.662578192242925,362330.0,2396070.0,1168.0,1330.0,1281.0,2876.0,2549.0,1872.0,0.38369014859199524,0.06027649715542793,1.096746563911438,1.3616453409194946,,unlabeled_background,,0,"Valid Sentinel-2 Phase 4 raster pixel; unlabeled/background, not confirmed non-manganese."
unlabeled_r545_c406,79.70256671389953,21.65723953945432,365750.0,2395450.0,1485.0,1706.0,1916.0,3185.0,4131.0,3129.0,0.24877475202083588,-0.1293056309223175,1.2902356386184692,1.3202301263809204,,unlabeled_background,,0,"Valid Sentinel-2 Phase 4 raster pixel; unlabeled/background, not confirmed non-manganese."
unlabeled_r27_c247,79.67098160299616,21.75057280503637,362570.0,2405810.0,1566.0,1807.0,2031.0,3379.0,4009.0,3271.0,0.24916820228099823,-0.08527341485023499,1.2969348430633545,1.2256190776824951,,unlabeled_background,,0,"Valid Sentinel-2 Phase 4 raster pixel; unlabeled/background, not confirmed non-manganese."
unlabeled_r84_c144,79.65116067213106,21.740114785431718,360510.0,2404670.0,1418.0,1732.0,1972.0,3838.0,3553.0,2531.0,0.3211703896522522,0.0385604128241539,1.3906911611557007,1.4037929773330688,,unlabeled_background,,0,"Valid Sentinel-2 Phase 4 raster pixel; unlabeled/background, not confirmed non-manganese."
unlabeled_r353_c256,79.67326226602415,21.691695277758974,362750.0,2399290.0,1322.0,1501.0,1575.0,2860.0,3173.0,2401.0,0.2897407114505768,-0.051881320774555206,1.1913766860961914,1.3215327262878418,,unlabeled_background,,0,"Valid Sentinel-2 Phase 4 raster pixel; unlabeled/background, not confirmed non-manganese."
unlabeled_r189_c538,79.72751087269594,21.721749503586818,368390.0,2402570.0,1232.0,1413.0,1446.0,2871.0,3130.0,2233.0,0.33009034395217896,-0.043159473687410355,1.173701286315918,1.4017016887664795,,unlabeled_background,,0,"Valid Sentinel-2 Phase 4 raster pixel; unlabeled/background, not confirmed non-manganese."
unlabeled_r234_c319,79.68524448597493,21.7132896126024,364010.0,2401670.0,1273.0,1472.0,1540.0,2958.0,3347.0,2427.0,0.3152512311935425,-0.06169706583023071,1.2097407579421997,1.3790688514709473,,unlabeled_background,,0,"Valid Sentinel-2 Phase 4 raster pixel; unlabeled/background, not confirmed non-manganese."
unlabeled_r234_c69,79.63691456111236,21.712899096060756,359010.0,2401670.0,1550.0,1806.0,2137.0,3383.0,4188.0,3185.0,0.22572463750839233,-0.10632677376270294,1.3787096738815308,1.3149136304855347,,unlabeled_background,,0,"Valid Sentinel-2 Phase 4 raster pixel; unlabeled/background, not confirmed non-manganese."
unlabeled_r147_c97,79.64217992368262,21.72865977858699,359570.0,2403410.0,1457.0,1681.0,1996.0,3523.0,3875.0,2765.0,0.2766805589199066,-0.047580428421497345,1.3699382543563843,1.4014467000961304,,unlabeled_background,,0,"Valid Sentinel-2 Phase 4 raster pixel; unlabeled/background, not confirmed non-manganese."
unlabeled_r99_c76,79.63803810960948,21.73729744335193,359150.0,2404370.0,1333.0,1529.0,1597.0,3436.0,3259.0,2251.0,0.365388423204422,0.02643764019012451,1.198049545288086,1.4478009939193726,,unlabeled_background,,0,"Valid Sentinel-2 Phase 4 raster pixel; unlabeled/background, not confirmed non-manganese."
unlabeled_r153_c32,79.62962319952487,21.727472392549377,358270.0,2403290.0,1263.0,1429.0,1389.0,3463.0,2771.0,1924.0,0.42745259404182434,0.11100417375564575,1.0997624397277832,1.4402287006378174,,unlabeled_background,,0,"Valid Sentinel-2 Phase 4 raster pixel; unlabeled/background, not confirmed non-manganese."
unlabeled_r247_c433,79.70730426924288,21.711114542894002,366290.0,2401410.0,1232.0,1422.0,1429.0,3075.0,3005.0,2081.0,0.36545294523239136,0.01151315774768591,1.159902572631836,1.4440172910690308,,unlabeled_background,,0,"Valid Sentinel-2 Phase 4 raster pixel; unlabeled/background, not confirmed non-manganese."
unlabeled_r453_c600,79.73991284458192,21.67414848277199,369630.0,2397290.0,1504.0,1697.0,2032.0,3184.0,4250.0,3185.0,0.22085890173912048,-0.14339521527290344,1.351063847541809,1.3343799114227295,,unlabeled_background,,0,"Valid Sentinel-2 Phase 4 raster pixel; unlabeled/background, not confirmed non-manganese."
unlabeled_r484_c632,79.74614604177339,21.668595024057097,370270.0,2396670.0,1635.0,1865.0,2184.0,3208.0,4225.0,3277.0,0.18991097807884216,-0.13682228326797485,1.3357797861099243,1.2892889976501465,,unlabeled_background,,0,"Valid Sentinel-2 Phase 4 raster pixel; unlabeled/background, not confirmed non-manganese."
unlabeled_r571_c549,79.73024251018431,21.65275615597369,368610.0,2394930.0,1379.0,1576.0,1632.0,3115.0,3337.0,2488.0,0.31240785121917725,-0.03440793603658676,1.1834663152694702,1.3412379026412964,,unlabeled_background,,0,"Valid Sentinel-2 Phase 4 raster pixel; unlabeled/background, not confirmed non-manganese."
unlabeled_r519_c34,79.63063515070509,21.661359097444326,358310.0,2395970.0,1269.0,1462.0,1545.0,3026.0,3133.0,2315.0,0.3239991366863251,-0.01737295091152191,1.2174941301345825,1.3533477783203125,,unlabeled_background,,0,"Valid Sentinel-2 Phase 4 raster pixel; unlabeled/background, not confirmed non-manganese."
unlabeled_r177_c384,79.69771774425494,21.72368592461869,365310.0,2402810.0,1299.0,1454.0,1562.0,2894.0,3451.0,2550.0,0.2989228069782257,-0.08778566122055054,1.2024633884429932,1.3533333539962769,,unlabeled_background,,0,"Valid Sentinel-2 Phase 4 raster pixel; unlabeled/background, not confirmed non-manganese."
unlabeled_r490_c575,79.73513931063896,21.66742751287173,369130.0,2396550.0,1557.0,1621.0,1808.0,2470.0,3735.0,2839.0,0.1547452062368393,-0.2038678526878357,1.1612074375152588,1.3156040906906128,,unlabeled_background,,0,"Valid Sentinel-2 Phase 4 raster pixel; unlabeled/background, not confirmed non-manganese."
unlabeled_r406_c24,79.62850960113936,21.681756204040123,358110.0,2398230.0,1472.0,1763.0,1976.0,3360.0,3776.0,2834.0,0.2593703269958496,-0.05829596519470215,1.3423912525177002,1.3323923349380493,,unlabeled_background,,0,"Valid Sentinel-2 Phase 4 raster pixel; unlabeled/background, not confirmed non-manganese."
unlabeled_r177_c168,79.65595741186816,21.72335233671627,360990.0,2402810.0,1366.0,1586.0,1745.0,3143.0,3747.0,2750.0,0.28600654006004333,-0.08766327798366547,1.2774524688720703,1.3625454902648926,,unlabeled_background,,0,"Valid Sentinel-2 Phase 4 raster pixel; unlabeled/background, not confirmed non-manganese."
unlabeled_r563_c441,79.70935934037435,21.654040500279383,366450.0,2395090.0,1247.0,1384.0,1432.0,2855.0,3159.0,2298.0,0.33193376660346985,-0.050548721104860306,1.1483560800552368,1.37467360496521,,unlabeled_background,,0,"Valid Sentinel-2 Phase 4 raster pixel; unlabeled/background, not confirmed non-manganese."
unlabeled_r11_c476,79.71523820458557,21.753812951476192,367150.0,2406130.0,1484.0,1737.0,1831.0,2465.0,1969.0,1661.0,0.1475791484117508,0.11186287552118301,1.2338274717330933,1.1854304075241089,,unlabeled_background,,0,"Valid Sentinel-2 Phase 4 raster pixel; unlabeled/background, not confirmed non-manganese."
unlabeled_r523_c481,79.71702525157052,21.66132652780097,367250.0,2395890.0,1249.0,1471.0,1492.0,3162.0,3361.0,2380.0,0.35883110761642456,-0.030507436022162437,1.194555640220642,1.4121848344802856,,unlabeled_background,,0,"Valid Sentinel-2 Phase 4 raster pixel; unlabeled/background, not confirmed non-manganese."
unlabeled_r460_c52,79.6340132425943,21.672045928022648,358670.0,2397150.0,1244.0,1437.0,1386.0,3311.0,2843.0,2026.0,0.4098360538482666,0.0760480985045433,1.1141479015350342,1.4032576084136963,,unlabeled_background,,0,"Valid Sentinel-2 Phase 4 raster pixel; unlabeled/background, not confirmed non-manganese."
unlabeled_r419_c172,79.65713629417677,21.679641793536994,361070.0,2397970.0,1508.0,1710.0,2155.0,3290.0,4550.0,3506.0,0.2084481120109558,-0.1607142835855484,1.4290450811386108,1.2977752685546875,,unlabeled_background,,0,"Valid Sentinel-2 Phase 4 raster pixel; unlabeled/background, not confirmed non-manganese."
unlabeled_r149_c588,79.73711460660935,21.729049609038682,369390.0,2403370.0,1717.0,2068.0,2564.0,3900.0,4944.0,3746.0,0.2066831737756729,-0.11804613471031189,1.4933022260665894,1.319807767868042,,unlabeled_background,,0,"Valid Sentinel-2 Phase 4 raster pixel; unlabeled/background, not confirmed non-manganese."
unlabeled_r241_c317,79.68486933566955,21.712021995683568,363970.0,2401530.0,1220.0,1393.0,1446.0,2846.0,3172.0,2350.0,0.32618826627731323,-0.054170820862054825,1.1852458715438843,1.3497872352600098,,unlabeled_background,,0,"Valid Sentinel-2 Phase 4 raster pixel; unlabeled/background, not confirmed non-manganese."
unlabeled_r15_c633,79.74560509021028,21.753323299491036,370290.0,2406050.0,1520.0,1832.0,1974.0,2554.0,1645.0,1456.0,0.12809187173843384,0.21648012101650238,1.2986842393875122,1.129807710647583,,unlabeled_background,,0,"Valid Sentinel-2 Phase 4 raster pixel; unlabeled/background, not confirmed non-manganese."
unlabeled_r193_c190,79.66023751748658,21.72049642969872,361430.0,2402490.0,1365.0,1573.0,1789.0,2825.0,4123.0,3123.0,0.2245340198278427,-0.18681634962558746,1.3106226921081543,1.3202049732208252,,unlabeled_background,,0,"Valid Sentinel-2 Phase 4 raster pixel; unlabeled/background, not confirmed non-manganese."
unlabeled_r453_c43,79.63226194969305,21.67329612937072,358490.0,2397290.0,1271.0,1492.0,1524.0,3089.0,3192.0,2384.0,0.33925861120224,-0.016398662701249123,1.1990559101104736,1.3389261960983276,,unlabeled_background,,0,"Valid Sentinel-2 Phase 4 raster pixel; unlabeled/background, not confirmed non-manganese."
unlabeled_r58_c262,79.67393357876988,21.744995979836563,362870.0,2405190.0,1827.0,2200.0,2718.0,4282.0,5144.0,3898.0,0.22342857718467712,-0.09144918620586395,1.487684726715088,1.3196511268615723,,unlabeled_background,,0,"Valid Sentinel-2 Phase 4 raster pixel; unlabeled/background, not confirmed non-manganese."
unlabeled_r43_c405,79.70156035852861,21.747924965526153,365730.0,2405490.0,1534.0,1839.0,1989.0,3606.0,3597.0,2706.0,0.2890080511569977,0.0012494793627411127,1.2966101169586182,1.3292683362960815,,unlabeled_background,,0,"Valid Sentinel-2 Phase 4 raster pixel; unlabeled/background, not confirmed non-manganese."
unlabeled_r590_c385,79.69858139707593,21.64907843602789,365330.0,2394550.0,1291.0,1421.0,1527.0,2248.0,2808.0,2272.0,0.19099338352680206,-0.11075949668884277,1.182803988456726,1.2359155416488647,,unlabeled_background,,0,"Valid Sentinel-2 Phase 4 raster pixel; unlabeled/background, not confirmed non-manganese."
unlabeled_r31_c225,79.66673412474297,21.749815992504534,362130.0,2405730.0,1192.0,1398.0,1247.0,970.0,1061.0,1074.0,-0.12494361400604248,-0.04480551555752754,1.0461409091949463,0.9878957271575928,,unlabeled_background,,0,"Valid Sentinel-2 Phase 4 raster pixel; unlabeled/background, not confirmed non-manganese."
unlabeled_r21_c286,79.67851315136717,21.751717093516312,363350.0,2405930.0,1361.0,1595.0,1750.0,3156.0,3797.0,2949.0,0.2865878641605377,-0.09219042211771011,1.2858192920684814,1.2875550985336304,,unlabeled_background,,0,"Valid Sentinel-2 Phase 4 raster pixel; unlabeled/background, not confirmed non-manganese."
unlabeled_r49_c67,79.63621270311369,21.746315397382517,358970.0,2405370.0,1331.0,1589.0,1635.0,3495.0,3233.0,2392.0,0.3625730872154236,0.03894173726439476,1.2283997535705566,1.3515886068344116,,unlabeled_background,,0,"Valid Sentinel-2 Phase 4 raster pixel; unlabeled/background, not confirmed non-manganese."
unlabeled_r164_c221,79.66618242460258,21.725783589801807,362050.0,2403070.0,1801.0,2168.0,2607.0,3469.0,4768.0,4087.0,0.1418696492910385,-0.15770304203033447,1.4475291967391968,1.1666258573532104,,unlabeled_background,,0,"Valid Sentinel-2 Phase 4 raster pixel; unlabeled/background, not confirmed non-manganese."
unlabeled_r592_c595,79.73916473193817,21.64903012691446,369530.0,2394510.0,1404.0,1553.0,1732.0,2761.0,3811.0,2896.0,0.22902292013168335,-0.1597687155008316,1.2336182594299316,1.315953016281128,,unlabeled_background,,0,"Valid Sentinel-2 Phase 4 raster pixel; unlabeled/background, not confirmed non-manganese."
unlabeled_r83_c21,79.62737642000815,21.740099937326878,358050.0,2404690.0,1313.0,1530.0,1573.0,3351.0,3070.0,2160.0,0.3610885441303253,0.043762654066085815,1.1980197429656982,1.421296238899231,,unlabeled_background,,0,"Valid Sentinel-2 Phase 4 raster pixel; unlabeled/background, not confirmed non-manganese."
unlabeled_r486_c655,79.75059429664347,21.668267233529505,370730.0,2396630.0,1373.0,1548.0,1767.0,2980.0,3627.0,2688.0,0.25552982091903687,-0.09792644530534744,1.286962866783142,1.3493303060531616,,unlabeled_background,,0,"Valid Sentinel-2 Phase 4 raster pixel; unlabeled/background, not confirmed non-manganese."
unlabeled_r67_c379,79.69657188008671,21.743549844720036,365210.0,2405010.0,1263.0,1477.0,1500.0,2998.0,3282.0,2366.0,0.3330368995666504,-0.0452229306101799,1.1876484155654907,1.3871513605117798,,unlabeled_background,,0,"Valid Sentinel-2 Phase 4 raster pixel; unlabeled/background, not confirmed non-manganese."
unlabeled_r523_c282,79.67856784099897,21.661024885796692,363270.0,2395890.0,1309.0,1430.0,1554.0,2717.0,3314.0,2533.0,0.2723015546798706,-0.09898856282234192,1.1871657371520996,1.3083300590515137,,unlabeled_background,,0,"Valid Sentinel-2 Phase 4 raster pixel; unlabeled/background, not confirmed non-manganese."
unlabeled_r501_c23,79.62847867767222,21.664593190914797,358090.0,2396330.0,1241.0,1425.0,1436.0,3191.0,3089.0,2200.0,0.3792954385280609,0.01624203845858574,1.157131314277649,1.4040908813476562,,unlabeled_background,,0,"Valid Sentinel-2 Phase 4 raster pixel; unlabeled/background, not confirmed non-manganese."
unlabeled_r55_c203,79.66252015225632,21.74544612476458,361690.0,2405250.0,1810.0,2154.0,2582.0,3854.0,5048.0,3988.0,0.19763828814029694,-0.1341271698474884,1.4265193939208984,1.2657973766326904,,unlabeled_background,,0,"Valid Sentinel-2 Phase 4 raster pixel; unlabeled/background, not confirmed non-manganese."
unlabeled_r49_c343,79.68958131931431,21.746746571672972,364490.0,2405370.0,1352.0,1500.0,1649.0,2851.0,3601.0,2730.0,0.2671111226081848,-0.11624302715063095,1.2196745872497559,1.3190475702285767,,unlabeled_background,,0,"Valid Sentinel-2 Phase 4 raster pixel; unlabeled/background, not confirmed non-manganese."
unlabeled_r154_c423,79.70522068538834,21.727900007278738,366090.0,2403270.0,1434.0,1632.0,1914.0,2907.0,4051.0,3200.0,0.20597386360168457,-0.16441506147384644,1.3347280025482178,1.2659374475479126,,unlabeled_background,,0,"Valid Sentinel-2 Phase 4 raster pixel; unlabeled/background, not confirmed non-manganese."
unlabeled_r348_c336,79.68871751170559,21.692721522558575,364350.0,2399390.0,1207.0,1337.0,1337.0,2701.0,2658.0,1952.0,0.33779099583625793,0.008023885078728199,1.107704997062683,1.361680269241333,,unlabeled_background,,0,"Valid Sentinel-2 Phase 4 raster pixel; unlabeled/background, not confirmed non-manganese."
unlabeled_r455_c392,79.69971549245497,21.673477050636244,365470.0,2397250.0,1439.0,1624.0,1873.0,2804.0,3759.0,2889.0,0.19905923306941986,-0.14551272988319397,1.301598310470581,1.3011422157287598,,unlabeled_background,,0,"Valid Sentinel-2 Phase 4 raster pixel; unlabeled/background, not confirmed non-manganese."
unlabeled_r35_c358,79.69245893040633,21.749298606598025,364790.0,2405650.0,1469.0,1664.0,1937.0,3345.0,4266.0,3256.0,0.2665656805038452,-0.12100906670093536,1.3185840845108032,1.3101965188980103,,unlabeled_background,,0,"Valid Sentinel-2 Phase 4 raster pixel; unlabeled/background, not confirmed non-manganese."
unlabeled_r161_c437,79.7079387882675,21.72665658883929,366370.0,2403130.0,1345.0,1561.0,1737.0,3011.0,3644.0,2660.0,0.26832351088523865,-0.09511645138263702,1.291449785232544,1.369924783706665,,unlabeled_background,,0,"Valid Sentinel-2 Phase 4 raster pixel; unlabeled/background, not confirmed non-manganese."
unlabeled_r111_c584,79.73628120661903,21.735908525518397,369310.0,2404130.0,1839.0,2272.0,2728.0,4318.0,4547.0,3725.0,0.22565995156764984,-0.0258319228887558,1.483414888381958,1.2206711769104004,,unlabeled_background,,0,"Valid Sentinel-2 Phase 4 raster pixel; unlabeled/background, not confirmed non-manganese."
unlabeled_r515_c640,79.74774052912198,21.663006382671313,370430.0,2396050.0,1201.0,1410.0,1364.0,3001.0,2948.0,2121.0,0.3750286400318146,0.00890906061977148,1.1357202529907227,1.3899104595184326,,unlabeled_background,,0,"Valid Sentinel-2 Phase 4 raster pixel; unlabeled/background, not confirmed non-manganese."
unlabeled_r540_c509,79.72246344017786,21.658297143269287,367810.0,2395550.0,1212.0,1429.0,1420.0,2962.0,3177.0,2272.0,0.3518941104412079,-0.03502199053764343,1.1716171503067017,1.3983274698257446,,unlabeled_background,,0,"Valid Sentinel-2 Phase 4 raster pixel; unlabeled/background, not confirmed non-manganese."
unlabeled_r556_c652,79.75012345172549,21.655616980239028,370670.0,2395230.0,1143.0,1322.0,1288.0,2630.0,2747.0,2009.0,0.34252169728279114,-0.02175934612751007,1.126859188079834,1.3673468828201294,,unlabeled_background,,0,"Valid Sentinel-2 Phase 4 raster pixel; unlabeled/background, not confirmed non-manganese."
